{
"type": "FeatureCollection",
"name": "buildings",
"crs": { "type": "name", "properties": { "name": "urn:ogc:def:crs:OGC:1.3:CRS84" } },
"features": [
{ "type": "Feature", "properties": { "full_id": "r7132882", "osm_id": "7132882", "osm_type": "relation", "waterway": null, "building": "yes", "name": null, "amenity": null, "brand": null, "wheelchair": null, "tourism": null }, "geometry": { "type": "MultiPolygon", "coordinates": [ [ [ [ 27.0527605, -18.5869371 ], [ 27.052779, -18.586932 ], [ 27.0527944, -18.5869364 ], [ 27.0528021, -18.5869612 ], [ 27.0527867, -18.586986 ], [ 27.0527605, -18.5869904 ], [ 27.0527451, -18.5869765 ], [ 27.0527482, -18.5869532 ], [ 27.0527605, -18.5869371 ] ] ] ] } },
{ "type": "Feature", "properties": { "full_id": "r7281993", "osm_id": "7281993", "osm_type": "relation", "waterway": null, "building": "hotel", "name": "Hwange Safari Lodge", "amenity": null, "brand": null, "wheelchair": null, "tourism": null }, "geometry": { "type": "MultiPolygon", "coordinates": [ [ [ [ 26.9782099, -18.6576852 ], [ 26.9781357, -18.6577553 ], [ 26.9779933, -18.657895 ], [ 26.9778327, -18.6580985 ], [ 26.9777946, -18.6581232 ], [ 26.9777625, -18.6580852 ], [ 26.9777806, -18.6580186 ], [ 26.9778247, -18.6579483 ], [ 26.9778889, -18.6578741 ], [ 26.9779913, -18.6577639 ], [ 26.9781795, -18.6575944 ], [ 26.9781799, -18.6575262 ], [ 26.978205, -18.6574923 ], [ 26.9782721, -18.6574275 ], [ 26.9783632, -18.6573997 ], [ 26.9784576, -18.6574151 ], [ 26.978525, -18.6573741 ], [ 26.9788501, -18.6572353 ], [ 26.9791572, -18.6571707 ], [ 26.9793498, -18.6571364 ], [ 26.9796026, -18.6571364 ], [ 26.9796568, -18.6572277 ], [ 26.9793819, -18.6572144 ], [ 26.9791913, -18.657241 ], [ 26.9787658, -18.6573532 ], [ 26.9785336, -18.6574704 ], [ 26.9785738, -18.6575528 ], [ 26.9785689, -18.6576434 ], [ 26.9785202, -18.6577215 ], [ 26.9784387, -18.6577692 ], [ 26.9783432, -18.6577756 ], [ 26.9782555, -18.6577392 ], [ 26.9782099, -18.6576852 ] ], [ [ 26.9783658, -18.6574749 ], [ 26.9782908, -18.6575078 ], [ 26.9782557, -18.6575787 ], [ 26.9782768, -18.6576544 ], [ 26.9783444, -18.6576995 ], [ 26.9784268, -18.6576929 ], [ 26.9784854, -18.6576377 ], [ 26.9784928, -18.6575597 ], [ 26.9784456, -18.6574954 ], [ 26.9783658, -18.6574749 ] ] ] ] } },
{ "type": "Feature", "properties": { "full_id": "w338164686", "osm_id": "338164686", "osm_type": "way", "waterway": null, "building": "yes", "name": null, "amenity": null, "brand": null, "wheelchair": null, "tourism": null }, "geometry": { "type": "MultiPolygon", "coordinates": [ [ [ [ 27.059644, -18.6170357 ], [ 27.0594112, -18.6169484 ], [ 27.0594496, -18.6168562 ], [ 27.0596825, -18.6169434 ], [ 27.059644, -18.6170357 ] ] ] ] } },
{ "type": "Feature", "properties": { "full_id": "w355335154", "osm_id": "355335154", "osm_type": "way", "waterway": null, "building": "yes", "name": null, "amenity": null, "brand": null, "wheelchair": null, "tourism": null }, "geometry": { "type": "MultiPolygon", "coordinates": [ [ [ [ 27.0210029, -18.6246762 ], [ 27.0211803, -18.6246095 ], [ 27.0216536, -18.6257398 ], [ 27.0214761, -18.6258065 ], [ 27.0210029, -18.6246762 ] ] ] ] } },
{ "type": "Feature", "properties": { "full_id": "w356033430", "osm_id": "356033430", "osm_type": "way", "waterway": null, "building": "yes", "name": "Hwange Airport", "amenity": null, "brand": null, "wheelchair": null, "tourism": null }, "geometry": { "type": "MultiPolygon", "coordinates": [ [ [ [ 27.0001396, -18.6349944 ], [ 27.0002487, -18.6349528 ], [ 27.0002642, -18.6349893 ], [ 27.0002981, -18.6349764 ], [ 27.0003818, -18.6351736 ], [ 27.0002003, -18.6352428 ], [ 27.0001952, -18.6352306 ], [ 27.000139, -18.635252 ], [ 27.0000597, -18.6350652 ], [ 27.0001543, -18.6350291 ], [ 27.0001396, -18.6349944 ] ] ] ] } },
{ "type": "Feature", "properties": { "full_id": "w484286405", "osm_id": "484286405", "osm_type": "way", "waterway": null, "building": "yes", "name": null, "amenity": null, "brand": null, "wheelchair": null, "tourism": null }, "geometry": { "type": "MultiPolygon", "coordinates": [ [ [ [ 27.0725721, -18.5716224 ], [ 27.072561, -18.5716185 ], [ 27.0725472, -18.5716006 ], [ 27.0725467, -18.5715893 ], [ 27.0725588, -18.5715704 ], [ 27.0725696, -18.5715656 ], [ 27.0725927, -18.571569 ], [ 27.0726065, -18.5715869 ], [ 27.072607, -18.5715982 ], [ 27.0725949, -18.5716171 ], [ 27.0725721, -18.5716224 ] ] ] ] } },
{ "type": "Feature", "properties": { "full_id": "w484286407", "osm_id": "484286407", "osm_type": "way", "waterway": null, "building": "yes", "name": null, "amenity": null, "brand": null, "wheelchair": null, "tourism": null }, "geometry": { "type": "MultiPolygon", "coordinates": [ [ [ [ 27.0725616, -18.5717304 ], [ 27.0725478, -18.5717125 ], [ 27.0725514, -18.5716906 ], [ 27.0725703, -18.5716775 ], [ 27.0725934, -18.5716809 ], [ 27.0726072, -18.5716988 ], [ 27.0726036, -18.5717207 ], [ 27.0725847, -18.5717338 ], [ 27.0725616, -18.5717304 ] ] ] ] } },
{ "type": "Feature", "properties": { "full_id": "w484286410", "osm_id": "484286410", "osm_type": "way", "waterway": null, "building": "yes", "name": null, "amenity": null, "brand": null, "wheelchair": null, "tourism": null }, "geometry": { "type": "MultiPolygon", "coordinates": [ [ [ [ 27.0724756, -18.5718684 ], [ 27.0724322, -18.5718791 ], [ 27.0724174, -18.5718257 ], [ 27.0724608, -18.571815 ], [ 27.0724756, -18.5718684 ] ] ] ] } },
{ "type": "Feature", "properties": { "full_id": "w484286411", "osm_id": "484286411", "osm_type": "way", "waterway": null, "building": "yes", "name": null, "amenity": null, "brand": null, "wheelchair": null, "tourism": null }, "geometry": { "type": "MultiPolygon", "coordinates": [ [ [ [ 27.0727237, -18.5727147 ], [ 27.0726942, -18.5727045 ], [ 27.0727055, -18.572675 ], [ 27.072735, -18.5726852 ], [ 27.0727237, -18.5727147 ] ] ] ] } },
{ "type": "Feature", "properties": { "full_id": "w484286413", "osm_id": "484286413", "osm_type": "way", "waterway": null, "building": "yes", "name": null, "amenity": null, "brand": null, "wheelchair": null, "tourism": null }, "geometry": { "type": "MultiPolygon", "coordinates": [ [ [ [ 27.0703694, -18.5720839 ], [ 27.070234, -18.5721818 ], [ 27.0701969, -18.5721357 ], [ 27.0701771, -18.57215 ], [ 27.0701346, -18.5720971 ], [ 27.0701544, -18.5720828 ], [ 27.0701217, -18.5720422 ], [ 27.0702572, -18.5719443 ], [ 27.0703694, -18.5720839 ] ] ] ] } },
{ "type": "Feature", "properties": { "full_id": "w484286417", "osm_id": "484286417", "osm_type": "way", "waterway": null, "building": "yes", "name": null, "amenity": null, "brand": null, "wheelchair": null, "tourism": null }, "geometry": { "type": "MultiPolygon", "coordinates": [ [ [ [ 27.0715777, -18.5712763 ], [ 27.0715461, -18.5712453 ], [ 27.0715863, -18.5712084 ], [ 27.0716179, -18.5712394 ], [ 27.0715777, -18.5712763 ] ] ] ] } },
{ "type": "Feature", "properties": { "full_id": "w484286419", "osm_id": "484286419", "osm_type": "way", "waterway": null, "building": "yes", "name": null, "amenity": null, "brand": null, "wheelchair": null, "tourism": null }, "geometry": { "type": "MultiPolygon", "coordinates": [ [ [ [ 27.0716193, -18.5711428 ], [ 27.0715522, -18.5711174 ], [ 27.0715761, -18.5710608 ], [ 27.0716431, -18.5710862 ], [ 27.0716193, -18.5711428 ] ] ] ] } },
{ "type": "Feature", "properties": { "full_id": "w484299002", "osm_id": "484299002", "osm_type": "way", "waterway": null, "building": "yes", "name": null, "amenity": null, "brand": null, "wheelchair": null, "tourism": null }, "geometry": { "type": "MultiPolygon", "coordinates": [ [ [ [ 27.0884965, -18.5766119 ], [ 27.0885217, -18.576626 ], [ 27.0884864, -18.5766826 ], [ 27.0884612, -18.5766685 ], [ 27.0884965, -18.5766119 ] ] ] ] } },
{ "type": "Feature", "properties": { "full_id": "w484299003", "osm_id": "484299003", "osm_type": "way", "waterway": null, "building": "yes", "name": null, "amenity": null, "brand": null, "wheelchair": null, "tourism": null }, "geometry": { "type": "MultiPolygon", "coordinates": [ [ [ [ 27.0885964, -18.5766038 ], [ 27.0885749, -18.5765876 ], [ 27.0885736, -18.5765699 ], [ 27.0885839, -18.5765554 ], [ 27.0886014, -18.5765499 ], [ 27.0886188, -18.5765556 ], [ 27.0886298, -18.576579 ], [ 27.0886149, -18.5766009 ], [ 27.0885964, -18.5766038 ] ] ] ] } },
{ "type": "Feature", "properties": { "full_id": "w484299004", "osm_id": "484299004", "osm_type": "way", "waterway": null, "building": "yes", "name": null, "amenity": null, "brand": null, "wheelchair": null, "tourism": null }, "geometry": { "type": "MultiPolygon", "coordinates": [ [ [ [ 27.0885433, -18.5766712 ], [ 27.088556, -18.5766633 ], [ 27.0885712, -18.5766641 ], [ 27.0885862, -18.5766811 ], [ 27.0885838, -18.5766964 ], [ 27.0885637, -18.5767086 ], [ 27.0885422, -18.5766986 ], [ 27.088538, -18.5766847 ], [ 27.0885433, -18.5766712 ] ] ] ] } },
{ "type": "Feature", "properties": { "full_id": "w484299005", "osm_id": "484299005", "osm_type": "way", "waterway": null, "building": "yes", "name": null, "amenity": null, "brand": null, "wheelchair": null, "tourism": null }, "geometry": { "type": "MultiPolygon", "coordinates": [ [ [ [ 27.0884376, -18.5767472 ], [ 27.0884122, -18.5767469 ], [ 27.0884007, -18.5767346 ], [ 27.0883997, -18.5767185 ], [ 27.0884092, -18.5767052 ], [ 27.0884339, -18.5767015 ], [ 27.0884472, -18.5767114 ], [ 27.0884515, -18.576727 ], [ 27.0884376, -18.5767472 ] ] ] ] } },
{ "type": "Feature", "properties": { "full_id": "w484299006", "osm_id": "484299006", "osm_type": "way", "waterway": null, "building": "yes", "name": null, "amenity": null, "brand": null, "wheelchair": null, "tourism": null }, "geometry": { "type": "MultiPolygon", "coordinates": [ [ [ [ 27.0884926, -18.5767936 ], [ 27.0884813, -18.5767705 ], [ 27.0884876, -18.5767543 ], [ 27.0885037, -18.5767446 ], [ 27.0885234, -18.5767467 ], [ 27.0885397, -18.5767694 ], [ 27.0885344, -18.5767876 ], [ 27.0885098, -18.5767993 ], [ 27.0884926, -18.5767936 ] ] ] ] } },
{ "type": "Feature", "properties": { "full_id": "w484299689", "osm_id": "484299689", "osm_type": "way", "waterway": null, "building": "yes", "name": null, "amenity": null, "brand": null, "wheelchair": null, "tourism": null }, "geometry": { "type": "MultiPolygon", "coordinates": [ [ [ [ 27.0714227, -18.5695199 ], [ 27.0714414, -18.5695078 ], [ 27.0714739, -18.5695149 ], [ 27.0714851, -18.5695338 ], [ 27.0714818, -18.5695552 ], [ 27.0714652, -18.5695701 ], [ 27.0714319, -18.5695679 ], [ 27.0714177, -18.5695511 ], [ 27.0714227, -18.5695199 ] ] ] ] } },
{ "type": "Feature", "properties": { "full_id": "w484299690", "osm_id": "484299690", "osm_type": "way", "waterway": null, "building": "yes", "name": null, "amenity": null, "brand": null, "wheelchair": null, "tourism": null }, "geometry": { "type": "MultiPolygon", "coordinates": [ [ [ [ 27.0708432, -18.5695745 ], [ 27.0708881, -18.5695731 ], [ 27.0708906, -18.5696475 ], [ 27.0708458, -18.5696489 ], [ 27.0708432, -18.5695745 ] ] ] ] } },
{ "type": "Feature", "properties": { "full_id": "w484299691", "osm_id": "484299691", "osm_type": "way", "waterway": null, "building": "yes", "name": null, "amenity": null, "brand": null, "wheelchair": null, "tourism": null }, "geometry": { "type": "MultiPolygon", "coordinates": [ [ [ [ 27.0706807, -18.5696143 ], [ 27.0706694, -18.569583 ], [ 27.0706816, -18.5695636 ], [ 27.0707041, -18.5695561 ], [ 27.0707243, -18.5695623 ], [ 27.070737, -18.5695785 ], [ 27.0707375, -18.5695987 ], [ 27.0707149, -18.5696209 ], [ 27.0706807, -18.5696143 ] ] ] ] } },
{ "type": "Feature", "properties": { "full_id": "w484299692", "osm_id": "484299692", "osm_type": "way", "waterway": null, "building": "yes", "name": null, "amenity": null, "brand": null, "wheelchair": null, "tourism": null }, "geometry": { "type": "MultiPolygon", "coordinates": [ [ [ [ 27.071404, -18.5694182 ], [ 27.0715027, -18.5693821 ], [ 27.0715236, -18.5694334 ], [ 27.0714249, -18.5694695 ], [ 27.071404, -18.5694182 ] ] ] ] } },
{ "type": "Feature", "properties": { "full_id": "w484299693", "osm_id": "484299693", "osm_type": "way", "waterway": null, "building": "yes", "name": null, "amenity": null, "brand": null, "wheelchair": null, "tourism": null }, "geometry": { "type": "MultiPolygon", "coordinates": [ [ [ [ 27.0707599, -18.5691139 ], [ 27.0708197, -18.5691324 ], [ 27.070799, -18.5691926 ], [ 27.0707392, -18.5691741 ], [ 27.0707599, -18.5691139 ] ] ] ] } },
{ "type": "Feature", "properties": { "full_id": "w484299694", "osm_id": "484299694", "osm_type": "way", "waterway": null, "building": "yes", "name": null, "amenity": null, "brand": null, "wheelchair": null, "tourism": null }, "geometry": { "type": "MultiPolygon", "coordinates": [ [ [ [ 27.0708501, -18.569087 ], [ 27.0708745, -18.569069 ], [ 27.0708954, -18.5690717 ], [ 27.0709141, -18.5690969 ], [ 27.0709088, -18.5691178 ], [ 27.0708906, -18.5691308 ], [ 27.0708679, -18.5691299 ], [ 27.0708514, -18.5691162 ], [ 27.0708501, -18.569087 ] ] ] ] } },
{ "type": "Feature", "properties": { "full_id": "w484299695", "osm_id": "484299695", "osm_type": "way", "waterway": null, "building": "yes", "name": null, "amenity": null, "brand": null, "wheelchair": null, "tourism": null }, "geometry": { "type": "MultiPolygon", "coordinates": [ [ [ [ 27.0716048, -18.5684018 ], [ 27.0715803, -18.5683908 ], [ 27.0715678, -18.568368 ], [ 27.0715724, -18.5683426 ], [ 27.0715934, -18.5683246 ], [ 27.0716216, -18.5683231 ], [ 27.0716446, -18.5683386 ], [ 27.0716522, -18.5683644 ], [ 27.0716419, -18.5683882 ], [ 27.0716048, -18.5684018 ] ] ] ] } },
{ "type": "Feature", "properties": { "full_id": "w484299696", "osm_id": "484299696", "osm_type": "way", "waterway": null, "building": "yes", "name": null, "amenity": null, "brand": null, "wheelchair": null, "tourism": null }, "geometry": { "type": "MultiPolygon", "coordinates": [ [ [ [ 27.0716252, -18.5681695 ], [ 27.0716692, -18.5681382 ], [ 27.0717162, -18.5681976 ], [ 27.0716722, -18.5682289 ], [ 27.0716252, -18.5681695 ] ] ] ] } },
{ "type": "Feature", "properties": { "full_id": "w484299697", "osm_id": "484299697", "osm_type": "way", "waterway": null, "building": "yes", "name": null, "amenity": null, "brand": null, "wheelchair": null, "tourism": null }, "geometry": { "type": "MultiPolygon", "coordinates": [ [ [ [ 27.0716933, -18.5682971 ], [ 27.0717504, -18.5682672 ], [ 27.0717818, -18.5683211 ], [ 27.0717248, -18.568351 ], [ 27.0716933, -18.5682971 ] ] ] ] } },
{ "type": "Feature", "properties": { "full_id": "w484299698", "osm_id": "484299698", "osm_type": "way", "waterway": null, "building": "yes", "name": null, "amenity": null, "brand": null, "wheelchair": null, "tourism": null }, "geometry": { "type": "MultiPolygon", "coordinates": [ [ [ [ 27.0718313, -18.5684161 ], [ 27.0718656, -18.5683841 ], [ 27.0718921, -18.5684096 ], [ 27.0718578, -18.5684416 ], [ 27.0718313, -18.5684161 ] ] ] ] } },
{ "type": "Feature", "properties": { "full_id": "w484299699", "osm_id": "484299699", "osm_type": "way", "waterway": null, "building": "yes", "name": null, "amenity": null, "brand": null, "wheelchair": null, "tourism": null }, "geometry": { "type": "MultiPolygon", "coordinates": [ [ [ [ 27.0723236, -18.5686564 ], [ 27.0723047, -18.5686482 ], [ 27.0722953, -18.5686306 ], [ 27.0722996, -18.5686113 ], [ 27.0723247, -18.568597 ], [ 27.0723439, -18.568602 ], [ 27.0723561, -18.568617 ], [ 27.0723563, -18.5686359 ], [ 27.0723437, -18.5686516 ], [ 27.0723236, -18.5686564 ] ] ] ] } },
{ "type": "Feature", "properties": { "full_id": "w484299700", "osm_id": "484299700", "osm_type": "way", "waterway": null, "building": "yes", "name": null, "amenity": null, "brand": null, "wheelchair": null, "tourism": null }, "geometry": { "type": "MultiPolygon", "coordinates": [ [ [ [ 27.0725273, -18.5686355 ], [ 27.0725683, -18.5686663 ], [ 27.0725267, -18.568716 ], [ 27.072477, -18.5686957 ], [ 27.0725273, -18.5686355 ] ] ] ] } },
{ "type": "Feature", "properties": { "full_id": "w484299701", "osm_id": "484299701", "osm_type": "way", "waterway": null, "building": "yes", "name": null, "amenity": null, "brand": null, "wheelchair": null, "tourism": null }, "geometry": { "type": "MultiPolygon", "coordinates": [ [ [ [ 27.072555, -18.5687769 ], [ 27.0725353, -18.5687786 ], [ 27.0725136, -18.5687604 ], [ 27.0725176, -18.5687329 ], [ 27.0725344, -18.5687219 ], [ 27.0725548, -18.5687233 ], [ 27.0725698, -18.5687365 ], [ 27.0725695, -18.5687642 ], [ 27.072555, -18.5687769 ] ] ] ] } },
{ "type": "Feature", "properties": { "full_id": "w484299702", "osm_id": "484299702", "osm_type": "way", "waterway": null, "building": "yes", "name": null, "amenity": null, "brand": null, "wheelchair": null, "tourism": null }, "geometry": { "type": "MultiPolygon", "coordinates": [ [ [ [ 27.0723876, -18.5687436 ], [ 27.0724335, -18.5687821 ], [ 27.0723998, -18.5688183 ], [ 27.0723539, -18.5687798 ], [ 27.0723876, -18.5687436 ] ] ] ] } },
{ "type": "Feature", "properties": { "full_id": "w484299703", "osm_id": "484299703", "osm_type": "way", "waterway": null, "building": "yes", "name": null, "amenity": null, "brand": null, "wheelchair": null, "tourism": null }, "geometry": { "type": "MultiPolygon", "coordinates": [ [ [ [ 27.0719255, -18.5686791 ], [ 27.0719104, -18.5686895 ], [ 27.0718838, -18.5686832 ], [ 27.0718758, -18.5686602 ], [ 27.0718835, -18.568646 ], [ 27.0718985, -18.5686388 ], [ 27.0719151, -18.5686412 ], [ 27.0719301, -18.5686619 ], [ 27.0719255, -18.5686791 ] ] ] ] } },
{ "type": "Feature", "properties": { "full_id": "w484299704", "osm_id": "484299704", "osm_type": "way", "waterway": null, "building": "yes", "name": null, "amenity": null, "brand": null, "wheelchair": null, "tourism": null }, "geometry": { "type": "MultiPolygon", "coordinates": [ [ [ [ 27.0706783, -18.5691934 ], [ 27.0707068, -18.5692094 ], [ 27.0706521, -18.5692975 ], [ 27.0706236, -18.5692816 ], [ 27.0706783, -18.5691934 ] ] ] ] } },
{ "type": "Feature", "properties": { "full_id": "w484299823", "osm_id": "484299823", "osm_type": "way", "waterway": null, "building": "yes", "name": null, "amenity": null, "brand": null, "wheelchair": null, "tourism": null }, "geometry": { "type": "MultiPolygon", "coordinates": [ [ [ [ 26.9986949, -18.6357551 ], [ 26.9987546, -18.6357274 ], [ 26.9987844, -18.6357851 ], [ 26.9987246, -18.6358128 ], [ 26.9986949, -18.6357551 ] ] ] ] } },
{ "type": "Feature", "properties": { "full_id": "w484299824", "osm_id": "484299824", "osm_type": "way", "waterway": null, "building": "yes", "name": null, "amenity": null, "brand": null, "wheelchair": null, "tourism": null }, "geometry": { "type": "MultiPolygon", "coordinates": [ [ [ [ 26.9986469, -18.6350888 ], [ 26.9987139, -18.6350616 ], [ 26.9988311, -18.6353213 ], [ 26.998764, -18.6353484 ], [ 26.9986469, -18.6350888 ] ] ] ] } },
{ "type": "Feature", "properties": { "full_id": "w484299826", "osm_id": "484299826", "osm_type": "way", "waterway": null, "building": "yes", "name": null, "amenity": null, "brand": null, "wheelchair": null, "tourism": null }, "geometry": { "type": "MultiPolygon", "coordinates": [ [ [ [ 26.9983444, -18.6350936 ], [ 26.9984025, -18.6350779 ], [ 26.9984268, -18.6351591 ], [ 26.9983687, -18.6351747 ], [ 26.9983444, -18.6350936 ] ] ] ] } },
{ "type": "Feature", "properties": { "full_id": "w484299828", "osm_id": "484299828", "osm_type": "way", "waterway": null, "building": "yes", "name": null, "amenity": null, "brand": null, "wheelchair": null, "tourism": null }, "geometry": { "type": "MultiPolygon", "coordinates": [ [ [ [ 26.9983055, -18.6349854 ], [ 26.9986454, -18.6348336 ], [ 26.9986707, -18.6348845 ], [ 26.9983308, -18.6350363 ], [ 26.9983055, -18.6349854 ] ] ] ] } },
{ "type": "Feature", "properties": { "full_id": "w484300344", "osm_id": "484300344", "osm_type": "way", "waterway": null, "building": "yes", "name": null, "amenity": null, "brand": null, "wheelchair": null, "tourism": null }, "geometry": { "type": "MultiPolygon", "coordinates": [ [ [ [ 26.975328, -18.658587 ], [ 26.9753856, -18.6585873 ], [ 26.9753852, -18.6586374 ], [ 26.9753276, -18.658637 ], [ 26.975328, -18.658587 ] ] ] ] } },
{ "type": "Feature", "properties": { "full_id": "w484300345", "osm_id": "484300345", "osm_type": "way", "waterway": null, "building": "yes", "name": null, "amenity": null, "brand": null, "wheelchair": null, "tourism": null }, "geometry": { "type": "MultiPolygon", "coordinates": [ [ [ [ 26.9753654, -18.658046 ], [ 26.9754613, -18.6580213 ], [ 26.9755143, -18.658206 ], [ 26.9754184, -18.6582307 ], [ 26.9753654, -18.658046 ] ] ] ] } },
{ "type": "Feature", "properties": { "full_id": "w484300346", "osm_id": "484300346", "osm_type": "way", "waterway": null, "building": "yes", "name": null, "amenity": null, "brand": null, "wheelchair": null, "tourism": null }, "geometry": { "type": "MultiPolygon", "coordinates": [ [ [ [ 26.9761357, -18.6577723 ], [ 26.9762454, -18.6577734 ], [ 26.9762439, -18.6578951 ], [ 26.9761343, -18.657894 ], [ 26.9761357, -18.6577723 ] ] ] ] } },
{ "type": "Feature", "properties": { "full_id": "w484300348", "osm_id": "484300348", "osm_type": "way", "waterway": null, "building": "yes", "name": null, "amenity": null, "brand": null, "wheelchair": null, "tourism": null }, "geometry": { "type": "MultiPolygon", "coordinates": [ [ [ [ 26.9756099, -18.6576091 ], [ 26.9757452, -18.6575643 ], [ 26.9757944, -18.6576978 ], [ 26.9756591, -18.6577426 ], [ 26.9756099, -18.6576091 ] ] ] ] } },
{ "type": "Feature", "properties": { "full_id": "w484300349", "osm_id": "484300349", "osm_type": "way", "waterway": null, "building": "yes", "name": null, "amenity": null, "brand": null, "wheelchair": null, "tourism": null }, "geometry": { "type": "MultiPolygon", "coordinates": [ [ [ [ 26.975353, -18.6576933 ], [ 26.9754461, -18.6576657 ], [ 26.9754974, -18.6578213 ], [ 26.9754043, -18.6578489 ], [ 26.975353, -18.6576933 ] ] ] ] } },
{ "type": "Feature", "properties": { "full_id": "w484300350", "osm_id": "484300350", "osm_type": "way", "waterway": null, "building": "yes", "name": null, "amenity": null, "brand": null, "wheelchair": null, "tourism": null }, "geometry": { "type": "MultiPolygon", "coordinates": [ [ [ [ 26.9751776, -18.6570977 ], [ 26.9752001, -18.6571864 ], [ 26.975044, -18.657222 ], [ 26.9750215, -18.6571333 ], [ 26.9751776, -18.6570977 ] ] ] ] } },
{ "type": "Feature", "properties": { "full_id": "w484300351", "osm_id": "484300351", "osm_type": "way", "waterway": null, "building": "yes", "name": null, "amenity": null, "brand": null, "wheelchair": null, "tourism": null }, "geometry": { "type": "MultiPolygon", "coordinates": [ [ [ [ 26.9754179, -18.6570553 ], [ 26.975574, -18.6570263 ], [ 26.9755931, -18.6571185 ], [ 26.975437, -18.6571475 ], [ 26.9754179, -18.6570553 ] ] ] ] } },
{ "type": "Feature", "properties": { "full_id": "w484300352", "osm_id": "484300352", "osm_type": "way", "waterway": null, "building": "yes", "name": null, "amenity": null, "brand": null, "wheelchair": null, "tourism": null }, "geometry": { "type": "MultiPolygon", "coordinates": [ [ [ [ 26.9758131, -18.6569068 ], [ 26.9758599, -18.6568289 ], [ 26.9759695, -18.656888 ], [ 26.9759227, -18.6569659 ], [ 26.9758131, -18.6569068 ] ] ] ] } },
{ "type": "Feature", "properties": { "full_id": "w484300733", "osm_id": "484300733", "osm_type": "way", "waterway": null, "building": "yes", "name": null, "amenity": null, "brand": null, "wheelchair": null, "tourism": null }, "geometry": { "type": "MultiPolygon", "coordinates": [ [ [ [ 27.070677, -18.5831227 ], [ 27.0706601, -18.5830972 ], [ 27.0706632, -18.5830673 ], [ 27.070685, -18.5830455 ], [ 27.0707165, -18.5830409 ], [ 27.0707317, -18.5830461 ], [ 27.0707529, -18.5830686 ], [ 27.0707566, -18.5830835 ], [ 27.0707483, -18.5831127 ], [ 27.0707227, -18.5831308 ], [ 27.0707068, -18.583133 ], [ 27.070677, -18.5831227 ] ] ] ] } },
{ "type": "Feature", "properties": { "full_id": "w484300734", "osm_id": "484300734", "osm_type": "way", "waterway": null, "building": "yes", "name": null, "amenity": null, "brand": null, "wheelchair": null, "tourism": null }, "geometry": { "type": "MultiPolygon", "coordinates": [ [ [ [ 27.0705165, -18.5830035 ], [ 27.0706133, -18.5830269 ], [ 27.0705912, -18.5831092 ], [ 27.0704944, -18.5830857 ], [ 27.0705165, -18.5830035 ] ] ] ] } },
{ "type": "Feature", "properties": { "full_id": "w484300735", "osm_id": "484300735", "osm_type": "way", "waterway": null, "building": "yes", "name": null, "amenity": null, "brand": null, "wheelchair": null, "tourism": null }, "geometry": { "type": "MultiPolygon", "coordinates": [ [ [ [ 27.0705309, -18.5829387 ], [ 27.0705894, -18.5829594 ], [ 27.0705738, -18.582999 ], [ 27.0705153, -18.5829783 ], [ 27.0705309, -18.5829387 ] ] ] ] } },
{ "type": "Feature", "properties": { "full_id": "w484300736", "osm_id": "484300736", "osm_type": "way", "waterway": null, "building": "yes", "name": null, "amenity": null, "brand": null, "wheelchair": null, "tourism": null }, "geometry": { "type": "MultiPolygon", "coordinates": [ [ [ [ 27.0705219, -18.5827462 ], [ 27.0705824, -18.5827539 ], [ 27.0705758, -18.5828007 ], [ 27.0705153, -18.582793 ], [ 27.0705219, -18.5827462 ] ] ] ] } },
{ "type": "Feature", "properties": { "full_id": "w484300737", "osm_id": "484300737", "osm_type": "way", "waterway": null, "building": "yes", "name": null, "amenity": null, "brand": null, "wheelchair": null, "tourism": null }, "geometry": { "type": "MultiPolygon", "coordinates": [ [ [ [ 27.070563, -18.5828372 ], [ 27.0705924, -18.5828429 ], [ 27.0705742, -18.5829269 ], [ 27.0705449, -18.5829212 ], [ 27.070563, -18.5828372 ] ] ] ] } },
{ "type": "Feature", "properties": { "full_id": "w484300738", "osm_id": "484300738", "osm_type": "way", "waterway": null, "building": "yes", "name": null, "amenity": null, "brand": null, "wheelchair": null, "tourism": null }, "geometry": { "type": "MultiPolygon", "coordinates": [ [ [ [ 27.0706153, -18.5831628 ], [ 27.0706944, -18.5831647 ], [ 27.0706925, -18.5832358 ], [ 27.0706134, -18.5832339 ], [ 27.0706153, -18.5831628 ] ] ] ] } },
{ "type": "Feature", "properties": { "full_id": "w484300739", "osm_id": "484300739", "osm_type": "way", "waterway": null, "building": "yes", "name": null, "amenity": null, "brand": null, "wheelchair": null, "tourism": null }, "geometry": { "type": "MultiPolygon", "coordinates": [ [ [ [ 27.0707913, -18.5831378 ], [ 27.0707883, -18.5831119 ], [ 27.070803, -18.5830898 ], [ 27.0708286, -18.5830812 ], [ 27.0708635, -18.5830984 ], [ 27.0708707, -18.5831228 ], [ 27.0708505, -18.5831548 ], [ 27.0708239, -18.5831601 ], [ 27.0707913, -18.5831378 ] ] ] ] } },
{ "type": "Feature", "properties": { "full_id": "w484300740", "osm_id": "484300740", "osm_type": "way", "waterway": null, "building": "yes", "name": null, "amenity": null, "brand": null, "wheelchair": null, "tourism": null }, "geometry": { "type": "MultiPolygon", "coordinates": [ [ [ [ 27.0707509, -18.5831729 ], [ 27.0708195, -18.5831882 ], [ 27.0708035, -18.5832524 ], [ 27.070735, -18.5832371 ], [ 27.0707509, -18.5831729 ] ] ] ] } },
{ "type": "Feature", "properties": { "full_id": "w484300741", "osm_id": "484300741", "osm_type": "way", "waterway": null, "building": "yes", "name": null, "amenity": null, "brand": null, "wheelchair": null, "tourism": null }, "geometry": { "type": "MultiPolygon", "coordinates": [ [ [ [ 27.0717135, -18.58292 ], [ 27.0718068, -18.5829438 ], [ 27.0717877, -18.5830111 ], [ 27.0716945, -18.5829874 ], [ 27.0717135, -18.58292 ] ] ] ] } },
{ "type": "Feature", "properties": { "full_id": "w484300742", "osm_id": "484300742", "osm_type": "way", "waterway": null, "building": "yes", "name": null, "amenity": null, "brand": null, "wheelchair": null, "tourism": null }, "geometry": { "type": "MultiPolygon", "coordinates": [ [ [ [ 27.0716749, -18.5831259 ], [ 27.0717631, -18.5831524 ], [ 27.0717374, -18.583229 ], [ 27.0716493, -18.5832025 ], [ 27.0716749, -18.5831259 ] ] ] ] } },
{ "type": "Feature", "properties": { "full_id": "w484300743", "osm_id": "484300743", "osm_type": "way", "waterway": null, "building": "yes", "name": null, "amenity": null, "brand": null, "wheelchair": null, "tourism": null }, "geometry": { "type": "MultiPolygon", "coordinates": [ [ [ [ 27.0718084, -18.5832465 ], [ 27.0717858, -18.5832386 ], [ 27.0717735, -18.583219 ], [ 27.0717769, -18.5831964 ], [ 27.0717946, -18.583181 ], [ 27.0718177, -18.5831793 ], [ 27.0718365, -18.5831905 ], [ 27.0718447, -18.58321 ], [ 27.0718312, -18.5832391 ], [ 27.0718084, -18.5832465 ] ] ] ] } },
{ "type": "Feature", "properties": { "full_id": "w484300744", "osm_id": "484300744", "osm_type": "way", "waterway": null, "building": "yes", "name": null, "amenity": null, "brand": null, "wheelchair": null, "tourism": null }, "geometry": { "type": "MultiPolygon", "coordinates": [ [ [ [ 27.0718739, -18.5832105 ], [ 27.0719503, -18.583224 ], [ 27.0719405, -18.5832733 ], [ 27.0718641, -18.5832597 ], [ 27.0718739, -18.5832105 ] ] ] ] } },
{ "type": "Feature", "properties": { "full_id": "w484300745", "osm_id": "484300745", "osm_type": "way", "waterway": null, "building": "yes", "name": null, "amenity": null, "brand": null, "wheelchair": null, "tourism": null }, "geometry": { "type": "MultiPolygon", "coordinates": [ [ [ [ 27.0719276, -18.5830668 ], [ 27.0719063, -18.5830579 ], [ 27.0718945, -18.5830389 ], [ 27.0718972, -18.5830157 ], [ 27.0719155, -18.5829985 ], [ 27.0719412, -18.5829963 ], [ 27.0719624, -18.5830103 ], [ 27.0719693, -18.5830339 ], [ 27.0719595, -18.5830553 ], [ 27.0719276, -18.5830668 ] ] ] ] } },
{ "type": "Feature", "properties": { "full_id": "w484300746", "osm_id": "484300746", "osm_type": "way", "waterway": null, "building": "yes", "name": null, "amenity": null, "brand": null, "wheelchair": null, "tourism": null }, "geometry": { "type": "MultiPolygon", "coordinates": [ [ [ [ 27.0720007, -18.5831187 ], [ 27.0719742, -18.5831217 ], [ 27.0719563, -18.5831018 ], [ 27.0719647, -18.5830764 ], [ 27.0719823, -18.5830691 ], [ 27.0720008, -18.5830739 ], [ 27.0720117, -18.5830877 ], [ 27.0720116, -18.5831049 ], [ 27.0720007, -18.5831187 ] ] ] ] } },
{ "type": "Feature", "properties": { "full_id": "w484300747", "osm_id": "484300747", "osm_type": "way", "waterway": null, "building": "yes", "name": null, "amenity": null, "brand": null, "wheelchair": null, "tourism": null }, "geometry": { "type": "MultiPolygon", "coordinates": [ [ [ [ 27.0719957, -18.5831941 ], [ 27.0719762, -18.5831698 ], [ 27.0719802, -18.5831494 ], [ 27.0719965, -18.5831357 ], [ 27.072028, -18.5831387 ], [ 27.072041, -18.5831549 ], [ 27.072041, -18.5831754 ], [ 27.0720176, -18.5831958 ], [ 27.0719957, -18.5831941 ] ] ] ] } },
{ "type": "Feature", "properties": { "full_id": "w484364750", "osm_id": "484364750", "osm_type": "way", "waterway": null, "building": "yes", "name": null, "amenity": null, "brand": null, "wheelchair": null, "tourism": null }, "geometry": { "type": "MultiPolygon", "coordinates": [ [ [ [ 27.0347067, -18.5706606 ], [ 27.034671, -18.570714 ], [ 27.0345503, -18.5706415 ], [ 27.0346034, -18.5705621 ], [ 27.0347241, -18.5706346 ], [ 27.0347219, -18.5706379 ], [ 27.0347651, -18.5706666 ], [ 27.0347488, -18.5706886 ], [ 27.0347067, -18.5706606 ] ] ] ] } },
{ "type": "Feature", "properties": { "full_id": "w484364752", "osm_id": "484364752", "osm_type": "way", "waterway": null, "building": "yes", "name": null, "amenity": null, "brand": null, "wheelchair": null, "tourism": null }, "geometry": { "type": "MultiPolygon", "coordinates": [ [ [ [ 27.0400194, -18.5739964 ], [ 27.0400194, -18.5739557 ], [ 27.0400515, -18.5739557 ], [ 27.0400515, -18.5739964 ], [ 27.0400194, -18.5739964 ] ] ] ] } },
{ "type": "Feature", "properties": { "full_id": "w484364753", "osm_id": "484364753", "osm_type": "way", "waterway": null, "building": "yes", "name": null, "amenity": null, "brand": null, "wheelchair": null, "tourism": null }, "geometry": { "type": "MultiPolygon", "coordinates": [ [ [ [ 27.0399174, -18.5740295 ], [ 27.0399071, -18.5740049 ], [ 27.0399406, -18.5739922 ], [ 27.039951, -18.5740167 ], [ 27.0399174, -18.5740295 ] ] ] ] } },
{ "type": "Feature", "properties": { "full_id": "w484364754", "osm_id": "484364754", "osm_type": "way", "waterway": null, "building": "yes", "name": null, "amenity": null, "brand": null, "wheelchair": null, "tourism": null }, "geometry": { "type": "MultiPolygon", "coordinates": [ [ [ [ 27.0399966, -18.5739189 ], [ 27.0399944, -18.5738805 ], [ 27.0400454, -18.5738779 ], [ 27.0400475, -18.5739163 ], [ 27.0399966, -18.5739189 ] ] ] ] } },
{ "type": "Feature", "properties": { "full_id": "w484364755", "osm_id": "484364755", "osm_type": "way", "waterway": null, "building": "yes", "name": null, "amenity": null, "brand": null, "wheelchair": null, "tourism": null }, "geometry": { "type": "MultiPolygon", "coordinates": [ [ [ [ 27.0396908, -18.5736303 ], [ 27.0396774, -18.5736049 ], [ 27.0397122, -18.5735883 ], [ 27.0397257, -18.5736138 ], [ 27.0396908, -18.5736303 ] ] ] ] } },
{ "type": "Feature", "properties": { "full_id": "w484364756", "osm_id": "484364756", "osm_type": "way", "waterway": null, "building": "yes", "name": null, "amenity": null, "brand": null, "wheelchair": null, "tourism": null }, "geometry": { "type": "MultiPolygon", "coordinates": [ [ [ [ 27.0396143, -18.5736621 ], [ 27.0395929, -18.5736169 ], [ 27.0396466, -18.573594 ], [ 27.039668, -18.5736392 ], [ 27.0396143, -18.5736621 ] ] ] ] } },
{ "type": "Feature", "properties": { "full_id": "w484364757", "osm_id": "484364757", "osm_type": "way", "waterway": null, "building": "yes", "name": null, "amenity": null, "brand": null, "wheelchair": null, "tourism": null }, "geometry": { "type": "MultiPolygon", "coordinates": [ [ [ [ 27.0394923, -18.5735807 ], [ 27.0394704, -18.5735464 ], [ 27.0395146, -18.573521 ], [ 27.0395366, -18.5735553 ], [ 27.0394923, -18.5735807 ] ] ] ] } },
{ "type": "Feature", "properties": { "full_id": "w484364758", "osm_id": "484364758", "osm_type": "way", "waterway": null, "building": "yes", "name": null, "amenity": null, "brand": null, "wheelchair": null, "tourism": null }, "geometry": { "type": "MultiPolygon", "coordinates": [ [ [ [ 27.0394936, -18.5734676 ], [ 27.0394837, -18.5734337 ], [ 27.0395413, -18.5734184 ], [ 27.0395513, -18.5734523 ], [ 27.0394936, -18.5734676 ] ] ] ] } },
{ "type": "Feature", "properties": { "full_id": "w484364759", "osm_id": "484364759", "osm_type": "way", "waterway": null, "building": "yes", "name": null, "amenity": null, "brand": null, "wheelchair": null, "tourism": null }, "geometry": { "type": "MultiPolygon", "coordinates": [ [ [ [ 27.0396479, -18.5734841 ], [ 27.039628, -18.5734448 ], [ 27.0396897, -18.5734168 ], [ 27.0397096, -18.5734561 ], [ 27.0396479, -18.5734841 ] ] ] ] } },
{ "type": "Feature", "properties": { "full_id": "w484364760", "osm_id": "484364760", "osm_type": "way", "waterway": null, "building": "yes", "name": null, "amenity": null, "brand": null, "wheelchair": null, "tourism": null }, "geometry": { "type": "MultiPolygon", "coordinates": [ [ [ [ 27.038744, -18.5724378 ], [ 27.0387802, -18.5724188 ], [ 27.0388059, -18.5724627 ], [ 27.0387697, -18.5724818 ], [ 27.038744, -18.5724378 ] ] ] ] } },
{ "type": "Feature", "properties": { "full_id": "w484364761", "osm_id": "484364761", "osm_type": "way", "waterway": null, "building": "yes", "name": null, "amenity": null, "brand": null, "wheelchair": null, "tourism": null }, "geometry": { "type": "MultiPolygon", "coordinates": [ [ [ [ 27.0386997, -18.5723756 ], [ 27.0386909, -18.5723372 ], [ 27.0387338, -18.5723283 ], [ 27.0387426, -18.5723667 ], [ 27.0386997, -18.5723756 ] ] ] ] } },
{ "type": "Feature", "properties": { "full_id": "w484364762", "osm_id": "484364762", "osm_type": "way", "waterway": null, "building": "yes", "name": null, "amenity": null, "brand": null, "wheelchair": null, "tourism": null }, "geometry": { "type": "MultiPolygon", "coordinates": [ [ [ [ 27.0385736, -18.5724099 ], [ 27.0385727, -18.5723807 ], [ 27.0386156, -18.5723794 ], [ 27.0386166, -18.5724086 ], [ 27.0385736, -18.5724099 ] ] ] ] } },
{ "type": "Feature", "properties": { "full_id": "w484364763", "osm_id": "484364763", "osm_type": "way", "waterway": null, "building": "yes", "name": null, "amenity": null, "brand": null, "wheelchair": null, "tourism": null }, "geometry": { "type": "MultiPolygon", "coordinates": [ [ [ [ 27.0404056, -18.5685592 ], [ 27.0404505, -18.568555 ], [ 27.0404572, -18.5686198 ], [ 27.0404123, -18.568624 ], [ 27.0404056, -18.5685592 ] ] ] ] } },
{ "type": "Feature", "properties": { "full_id": "w484364764", "osm_id": "484364764", "osm_type": "way", "waterway": null, "building": "yes", "name": null, "amenity": null, "brand": null, "wheelchair": null, "tourism": null }, "geometry": { "type": "MultiPolygon", "coordinates": [ [ [ [ 27.0404096, -18.5685312 ], [ 27.0404096, -18.5684854 ], [ 27.0404686, -18.5684854 ], [ 27.0404686, -18.5685312 ], [ 27.0404096, -18.5685312 ] ] ] ] } },
{ "type": "Feature", "properties": { "full_id": "w484364765", "osm_id": "484364765", "osm_type": "way", "waterway": null, "building": "yes", "name": null, "amenity": null, "brand": null, "wheelchair": null, "tourism": null }, "geometry": { "type": "MultiPolygon", "coordinates": [ [ [ [ 27.0402433, -18.5685261 ], [ 27.0402347, -18.568486 ], [ 27.0403004, -18.5684733 ], [ 27.040309, -18.5685134 ], [ 27.0402433, -18.5685261 ] ] ] ] } },
{ "type": "Feature", "properties": { "full_id": "w484364766", "osm_id": "484364766", "osm_type": "way", "waterway": null, "building": "yes", "name": null, "amenity": null, "brand": null, "wheelchair": null, "tourism": null }, "geometry": { "type": "MultiPolygon", "coordinates": [ [ [ [ 27.0401106, -18.5685312 ], [ 27.0401116, -18.5684539 ], [ 27.0402162, -18.5684551 ], [ 27.0402152, -18.5685325 ], [ 27.0401106, -18.5685312 ] ] ] ] } },
{ "type": "Feature", "properties": { "full_id": "w484364767", "osm_id": "484364767", "osm_type": "way", "waterway": null, "building": "yes", "name": null, "amenity": null, "brand": null, "wheelchair": null, "tourism": null }, "geometry": { "type": "MultiPolygon", "coordinates": [ [ [ [ 27.0398611, -18.5687054 ], [ 27.039842, -18.568684 ], [ 27.0398688, -18.5686624 ], [ 27.0398879, -18.5686838 ], [ 27.0398611, -18.5687054 ] ] ] ] } },
{ "type": "Feature", "properties": { "full_id": "w484364768", "osm_id": "484364768", "osm_type": "way", "waterway": null, "building": "yes", "name": null, "amenity": null, "brand": null, "wheelchair": null, "tourism": null }, "geometry": { "type": "MultiPolygon", "coordinates": [ [ [ [ 27.0388392, -18.5686965 ], [ 27.0388296, -18.5686212 ], [ 27.0389181, -18.568611 ], [ 27.0389277, -18.5686863 ], [ 27.0388392, -18.5686965 ] ] ] ] } },
{ "type": "Feature", "properties": { "full_id": "w484364769", "osm_id": "484364769", "osm_type": "way", "waterway": null, "building": "yes", "name": null, "amenity": null, "brand": null, "wheelchair": null, "tourism": null }, "geometry": { "type": "MultiPolygon", "coordinates": [ [ [ [ 27.0374149, -18.5691681 ], [ 27.0373971, -18.5691297 ], [ 27.0374521, -18.5691068 ], [ 27.0374699, -18.5691452 ], [ 27.0374149, -18.5691681 ] ] ] ] } },
{ "type": "Feature", "properties": { "full_id": "w484364770", "osm_id": "484364770", "osm_type": "way", "waterway": null, "building": "yes", "name": null, "amenity": null, "brand": null, "wheelchair": null, "tourism": null }, "geometry": { "type": "MultiPolygon", "coordinates": [ [ [ [ 27.0372232, -18.5689673 ], [ 27.0372208, -18.5689264 ], [ 27.037269, -18.5689239 ], [ 27.0372714, -18.5689647 ], [ 27.0372232, -18.5689673 ] ] ] ] } },
{ "type": "Feature", "properties": { "full_id": "w484364771", "osm_id": "484364771", "osm_type": "way", "waterway": null, "building": "yes", "name": null, "amenity": null, "brand": null, "wheelchair": null, "tourism": null }, "geometry": { "type": "MultiPolygon", "coordinates": [ [ [ [ 27.0373519, -18.5690219 ], [ 27.0373519, -18.5689634 ], [ 27.0374444, -18.5689634 ], [ 27.0374444, -18.5690219 ], [ 27.0373519, -18.5690219 ] ] ] ] } },
{ "type": "Feature", "properties": { "full_id": "w484364772", "osm_id": "484364772", "osm_type": "way", "waterway": null, "building": "yes", "name": null, "amenity": null, "brand": null, "wheelchair": null, "tourism": null }, "geometry": { "type": "MultiPolygon", "coordinates": [ [ [ [ 27.0372392, -18.5690613 ], [ 27.0373019, -18.5690675 ], [ 27.0372912, -18.5691654 ], [ 27.0372285, -18.5691592 ], [ 27.0372392, -18.5690613 ] ] ] ] } },
{ "type": "Feature", "properties": { "full_id": "w484364773", "osm_id": "484364773", "osm_type": "way", "waterway": null, "building": "yes", "name": null, "amenity": null, "brand": null, "wheelchair": null, "tourism": null }, "geometry": { "type": "MultiPolygon", "coordinates": [ [ [ [ 27.0348145, -18.5706797 ], [ 27.0348387, -18.5706797 ], [ 27.0348387, -18.5707165 ], [ 27.0348145, -18.5707165 ], [ 27.0348145, -18.5706797 ] ] ] ] } },
{ "type": "Feature", "properties": { "full_id": "w484364774", "osm_id": "484364774", "osm_type": "way", "waterway": null, "building": "yes", "name": null, "amenity": null, "brand": null, "wheelchair": null, "tourism": null }, "geometry": { "type": "MultiPolygon", "coordinates": [ [ [ [ 27.0348615, -18.5706034 ], [ 27.0348454, -18.5705881 ], [ 27.0348722, -18.5705627 ], [ 27.0348883, -18.570578 ], [ 27.0348615, -18.5706034 ] ] ] ] } },
{ "type": "Feature", "properties": { "full_id": "w484364775", "osm_id": "484364775", "osm_type": "way", "waterway": null, "building": "yes", "name": null, "amenity": null, "brand": null, "wheelchair": null, "tourism": null }, "geometry": { "type": "MultiPolygon", "coordinates": [ [ [ [ 27.0361878, -18.5703453 ], [ 27.0361892, -18.570306 ], [ 27.0363086, -18.5703098 ], [ 27.0363072, -18.5703491 ], [ 27.0361878, -18.5703453 ] ] ] ] } },
{ "type": "Feature", "properties": { "full_id": "w484364776", "osm_id": "484364776", "osm_type": "way", "waterway": null, "building": "yes", "name": null, "amenity": null, "brand": null, "wheelchair": null, "tourism": null }, "geometry": { "type": "MultiPolygon", "coordinates": [ [ [ [ 27.0361503, -18.5702487 ], [ 27.0361736, -18.5702512 ], [ 27.0361683, -18.5702957 ], [ 27.0361449, -18.5702932 ], [ 27.0361503, -18.5702487 ] ] ] ] } },
{ "type": "Feature", "properties": { "full_id": "w484364777", "osm_id": "484364777", "osm_type": "way", "waterway": null, "building": "yes", "name": null, "amenity": null, "brand": null, "wheelchair": null, "tourism": null }, "geometry": { "type": "MultiPolygon", "coordinates": [ [ [ [ 27.0361918, -18.5702398 ], [ 27.0362026, -18.5701521 ], [ 27.0362657, -18.570159 ], [ 27.036255, -18.5702468 ], [ 27.0361918, -18.5702398 ] ] ] ] } },
{ "type": "Feature", "properties": { "full_id": "w484364778", "osm_id": "484364778", "osm_type": "way", "waterway": null, "building": "yes", "name": null, "amenity": null, "brand": null, "wheelchair": null, "tourism": null }, "geometry": { "type": "MultiPolygon", "coordinates": [ [ [ [ 27.0361851, -18.5701305 ], [ 27.0361875, -18.570086 ], [ 27.036268, -18.5700899 ], [ 27.0362656, -18.5701343 ], [ 27.0361851, -18.5701305 ] ] ] ] } },
{ "type": "Feature", "properties": { "full_id": "w484364779", "osm_id": "484364779", "osm_type": "way", "waterway": null, "building": "yes", "name": null, "amenity": null, "brand": null, "wheelchair": null, "tourism": null }, "geometry": { "type": "MultiPolygon", "coordinates": [ [ [ [ 27.0360363, -18.5702869 ], [ 27.0360591, -18.5702195 ], [ 27.0361101, -18.570235 ], [ 27.0360873, -18.5703024 ], [ 27.0360363, -18.5702869 ] ] ] ] } },
{ "type": "Feature", "properties": { "full_id": "w484364780", "osm_id": "484364780", "osm_type": "way", "waterway": null, "building": "yes", "name": null, "amenity": null, "brand": null, "wheelchair": null, "tourism": null }, "geometry": { "type": "MultiPolygon", "coordinates": [ [ [ [ 27.0357774, -18.5703225 ], [ 27.0357542, -18.5702918 ], [ 27.0357971, -18.5702626 ], [ 27.0358204, -18.5702932 ], [ 27.0357774, -18.5703225 ] ] ] ] } },
{ "type": "Feature", "properties": { "full_id": "w484364781", "osm_id": "484364781", "osm_type": "way", "waterway": null, "building": "yes", "name": null, "amenity": null, "brand": null, "wheelchair": null, "tourism": null }, "geometry": { "type": "MultiPolygon", "coordinates": [ [ [ [ 27.0357037, -18.5701661 ], [ 27.0356877, -18.5701294 ], [ 27.0357494, -18.5701053 ], [ 27.0357654, -18.5701419 ], [ 27.0357037, -18.5701661 ] ] ] ] } },
{ "type": "Feature", "properties": { "full_id": "w484364782", "osm_id": "484364782", "osm_type": "way", "waterway": null, "building": "yes", "name": null, "amenity": null, "brand": null, "wheelchair": null, "tourism": null }, "geometry": { "type": "MultiPolygon", "coordinates": [ [ [ [ 27.0355508, -18.570278 ], [ 27.035587, -18.570278 ], [ 27.035587, -18.5703275 ], [ 27.0355508, -18.5703275 ], [ 27.0355508, -18.570278 ] ] ] ] } },
{ "type": "Feature", "properties": { "full_id": "w484364783", "osm_id": "484364783", "osm_type": "way", "waterway": null, "building": "yes", "name": null, "amenity": null, "brand": null, "wheelchair": null, "tourism": null }, "geometry": { "type": "MultiPolygon", "coordinates": [ [ [ [ 27.0353242, -18.5701674 ], [ 27.0354376, -18.5701168 ], [ 27.0355006, -18.5702439 ], [ 27.0353872, -18.5702945 ], [ 27.0353242, -18.5701674 ] ] ] ] } },
{ "type": "Feature", "properties": { "full_id": "w484364784", "osm_id": "484364784", "osm_type": "way", "waterway": null, "building": "yes", "name": null, "amenity": null, "brand": null, "wheelchair": null, "tourism": null }, "geometry": { "type": "MultiPolygon", "coordinates": [ [ [ [ 27.035697, -18.5704953 ], [ 27.0357301, -18.57047 ], [ 27.0357864, -18.5705361 ], [ 27.0357533, -18.5705615 ], [ 27.035697, -18.5704953 ] ] ] ] } },
{ "type": "Feature", "properties": { "full_id": "w484364785", "osm_id": "484364785", "osm_type": "way", "waterway": null, "building": "yes", "name": null, "amenity": null, "brand": null, "wheelchair": null, "tourism": null }, "geometry": { "type": "MultiPolygon", "coordinates": [ [ [ [ 27.0355924, -18.5703987 ], [ 27.0356362, -18.5703664 ], [ 27.0357019, -18.5704465 ], [ 27.0356581, -18.5704788 ], [ 27.0355924, -18.5703987 ] ] ] ] } },
{ "type": "Feature", "properties": { "full_id": "w484364786", "osm_id": "484364786", "osm_type": "way", "waterway": null, "building": "yes", "name": null, "amenity": null, "brand": null, "wheelchair": null, "tourism": null }, "geometry": { "type": "MultiPolygon", "coordinates": [ [ [ [ 27.035532, -18.5704381 ], [ 27.0355774, -18.5704084 ], [ 27.0356283, -18.5704784 ], [ 27.035583, -18.5705081 ], [ 27.035532, -18.5704381 ] ] ] ] } },
{ "type": "Feature", "properties": { "full_id": "w484364787", "osm_id": "484364787", "osm_type": "way", "waterway": null, "building": "yes", "name": null, "amenity": null, "brand": null, "wheelchair": null, "tourism": null }, "geometry": { "type": "MultiPolygon", "coordinates": [ [ [ [ 27.0353657, -18.5705271 ], [ 27.0353975, -18.5705094 ], [ 27.0354337, -18.5705679 ], [ 27.0354019, -18.5705856 ], [ 27.0353657, -18.5705271 ] ] ] ] } },
{ "type": "Feature", "properties": { "full_id": "w484364788", "osm_id": "484364788", "osm_type": "way", "waterway": null, "building": "yes", "name": null, "amenity": null, "brand": null, "wheelchair": null, "tourism": null }, "geometry": { "type": "MultiPolygon", "coordinates": [ [ [ [ 27.0353443, -18.5706237 ], [ 27.0353595, -18.5706014 ], [ 27.035401, -18.5706268 ], [ 27.0353858, -18.5706492 ], [ 27.0353443, -18.5706237 ] ] ] ] } },
{ "type": "Feature", "properties": { "full_id": "w484364789", "osm_id": "484364789", "osm_type": "way", "waterway": null, "building": "yes", "name": null, "amenity": null, "brand": null, "wheelchair": null, "tourism": null }, "geometry": { "type": "MultiPolygon", "coordinates": [ [ [ [ 27.0354153, -18.5706784 ], [ 27.035414, -18.570649 ], [ 27.0354757, -18.5706465 ], [ 27.035477, -18.5706759 ], [ 27.0354153, -18.5706784 ] ] ] ] } },
{ "type": "Feature", "properties": { "full_id": "w484364790", "osm_id": "484364790", "osm_type": "way", "waterway": null, "building": "yes", "name": null, "amenity": null, "brand": null, "wheelchair": null, "tourism": null }, "geometry": { "type": "MultiPolygon", "coordinates": [ [ [ [ 27.0353523, -18.5706797 ], [ 27.0353739, -18.570663 ], [ 27.0354088, -18.5707037 ], [ 27.0353872, -18.5707204 ], [ 27.0353523, -18.5706797 ] ] ] ] } },
{ "type": "Feature", "properties": { "full_id": "w484364791", "osm_id": "484364791", "osm_type": "way", "waterway": null, "building": "yes", "name": null, "amenity": null, "brand": null, "wheelchair": null, "tourism": null }, "geometry": { "type": "MultiPolygon", "coordinates": [ [ [ [ 27.0351713, -18.5707 ], [ 27.0351889, -18.5706783 ], [ 27.0352412, -18.5707164 ], [ 27.0352236, -18.5707382 ], [ 27.0351713, -18.5707 ] ] ] ] } },
{ "type": "Feature", "properties": { "full_id": "w484364792", "osm_id": "484364792", "osm_type": "way", "waterway": null, "building": "yes", "name": null, "amenity": null, "brand": null, "wheelchair": null, "tourism": null }, "geometry": { "type": "MultiPolygon", "coordinates": [ [ [ [ 27.0352383, -18.5709492 ], [ 27.0352216, -18.570928 ], [ 27.0353115, -18.5708644 ], [ 27.0353282, -18.5708856 ], [ 27.0352383, -18.5709492 ] ] ] ] } },
{ "type": "Feature", "properties": { "full_id": "w484364793", "osm_id": "484364793", "osm_type": "way", "waterway": null, "building": "yes", "name": null, "amenity": null, "brand": null, "wheelchair": null, "tourism": null }, "geometry": { "type": "MultiPolygon", "coordinates": [ [ [ [ 27.035119, -18.571089 ], [ 27.0350865, -18.5710603 ], [ 27.035179, -18.5709662 ], [ 27.0352115, -18.570995 ], [ 27.035119, -18.571089 ] ] ] ] } },
{ "type": "Feature", "properties": { "full_id": "w484364794", "osm_id": "484364794", "osm_type": "way", "waterway": null, "building": "yes", "name": null, "amenity": null, "brand": null, "wheelchair": null, "tourism": null }, "geometry": { "type": "MultiPolygon", "coordinates": [ [ [ [ 27.0348212, -18.5709835 ], [ 27.0348335, -18.5709695 ], [ 27.0348657, -18.5709949 ], [ 27.0348534, -18.5710089 ], [ 27.0348212, -18.5709835 ] ] ] ] } },
{ "type": "Feature", "properties": { "full_id": "w484364795", "osm_id": "484364795", "osm_type": "way", "waterway": null, "building": "yes", "name": null, "amenity": null, "brand": null, "wheelchair": null, "tourism": null }, "geometry": { "type": "MultiPolygon", "coordinates": [ [ [ [ 27.0349621, -18.5710725 ], [ 27.0349818, -18.5710502 ], [ 27.0350153, -18.5710769 ], [ 27.0349956, -18.5710992 ], [ 27.0349621, -18.5710725 ] ] ] ] } },
{ "type": "Feature", "properties": { "full_id": "w484364796", "osm_id": "484364796", "osm_type": "way", "waterway": null, "building": "yes", "name": null, "amenity": null, "brand": null, "wheelchair": null, "tourism": null }, "geometry": { "type": "MultiPolygon", "coordinates": [ [ [ [ 27.0345698, -18.5708502 ], [ 27.0346187, -18.57088 ], [ 27.0346032, -18.5709028 ], [ 27.0345544, -18.5708729 ], [ 27.0345698, -18.5708502 ] ] ] ] } },
{ "type": "Feature", "properties": { "full_id": "w484364797", "osm_id": "484364797", "osm_type": "way", "waterway": null, "building": "yes", "name": null, "amenity": null, "brand": null, "wheelchair": null, "tourism": null }, "geometry": { "type": "MultiPolygon", "coordinates": [ [ [ [ 27.0346469, -18.5704775 ], [ 27.0346801, -18.5704307 ], [ 27.0347699, -18.5704879 ], [ 27.0347367, -18.5705348 ], [ 27.0346469, -18.5704775 ] ] ] ] } },
{ "type": "Feature", "properties": { "full_id": "w484364798", "osm_id": "484364798", "osm_type": "way", "waterway": null, "building": "yes", "name": null, "amenity": null, "brand": null, "wheelchair": null, "tourism": null }, "geometry": { "type": "MultiPolygon", "coordinates": [ [ [ [ 27.034671, -18.570714 ], [ 27.0346948, -18.5707285 ], [ 27.0346706, -18.5707641 ], [ 27.0346469, -18.5707496 ], [ 27.034671, -18.570714 ] ] ] ] } },
{ "type": "Feature", "properties": { "full_id": "w484364799", "osm_id": "484364799", "osm_type": "way", "waterway": null, "building": "yes", "name": null, "amenity": null, "brand": null, "wheelchair": null, "tourism": null }, "geometry": { "type": "MultiPolygon", "coordinates": [ [ [ [ 27.034608, -18.570831 ], [ 27.0346415, -18.5707772 ], [ 27.0347073, -18.5708141 ], [ 27.0346737, -18.5708678 ], [ 27.034608, -18.570831 ] ] ] ] } },
{ "type": "Feature", "properties": { "full_id": "w484364800", "osm_id": "484364800", "osm_type": "way", "waterway": null, "building": "yes", "name": null, "amenity": null, "brand": null, "wheelchair": null, "tourism": null }, "geometry": { "type": "MultiPolygon", "coordinates": [ [ [ [ 27.0345222, -18.5706949 ], [ 27.0346295, -18.570756 ], [ 27.0345698, -18.5708502 ], [ 27.0344625, -18.5707892 ], [ 27.0345222, -18.5706949 ] ] ] ] } },
{ "type": "Feature", "properties": { "full_id": "w484364801", "osm_id": "484364801", "osm_type": "way", "waterway": null, "building": "yes", "name": null, "amenity": null, "brand": null, "wheelchair": null, "tourism": null }, "geometry": { "type": "MultiPolygon", "coordinates": [ [ [ [ 27.034431, -18.5708271 ], [ 27.0344494, -18.5707973 ], [ 27.0345459, -18.5708507 ], [ 27.0345275, -18.5708805 ], [ 27.034431, -18.5708271 ] ] ] ] } },
{ "type": "Feature", "properties": { "full_id": "w484364802", "osm_id": "484364802", "osm_type": "way", "waterway": null, "building": "yes", "name": null, "amenity": null, "brand": null, "wheelchair": null, "tourism": null }, "geometry": { "type": "MultiPolygon", "coordinates": [ [ [ [ 27.0344149, -18.5709072 ], [ 27.034441, -18.570865 ], [ 27.0344799, -18.5708866 ], [ 27.0344538, -18.5709288 ], [ 27.0344149, -18.5709072 ] ] ] ] } },
{ "type": "Feature", "properties": { "full_id": "w484364803", "osm_id": "484364803", "osm_type": "way", "waterway": null, "building": "yes", "name": null, "amenity": null, "brand": null, "wheelchair": null, "tourism": null }, "geometry": { "type": "MultiPolygon", "coordinates": [ [ [ [ 27.0344967, -18.5709505 ], [ 27.0345205, -18.570919 ], [ 27.0345635, -18.5709482 ], [ 27.0345396, -18.5709797 ], [ 27.0344967, -18.5709505 ] ] ] ] } },
{ "type": "Feature", "properties": { "full_id": "w484364804", "osm_id": "484364804", "osm_type": "way", "waterway": null, "building": "yes", "name": null, "amenity": null, "brand": null, "wheelchair": null, "tourism": null }, "geometry": { "type": "MultiPolygon", "coordinates": [ [ [ [ 27.0344551, -18.5711157 ], [ 27.0344217, -18.5710926 ], [ 27.0344727, -18.5710265 ], [ 27.0345061, -18.5710496 ], [ 27.0344551, -18.5711157 ] ] ] ] } },
{ "type": "Feature", "properties": { "full_id": "w484364805", "osm_id": "484364805", "osm_type": "way", "waterway": null, "building": "yes", "name": null, "amenity": null, "brand": null, "wheelchair": null, "tourism": null }, "geometry": { "type": "MultiPolygon", "coordinates": [ [ [ [ 27.0345074, -18.5712619 ], [ 27.034452, -18.5712316 ], [ 27.0344869, -18.5711744 ], [ 27.0345423, -18.5712047 ], [ 27.0345074, -18.5712619 ] ] ] ] } },
{ "type": "Feature", "properties": { "full_id": "w484364806", "osm_id": "484364806", "osm_type": "way", "waterway": null, "building": "yes", "name": null, "amenity": null, "brand": null, "wheelchair": null, "tourism": null }, "geometry": { "type": "MultiPolygon", "coordinates": [ [ [ [ 27.0343025, -18.566803 ], [ 27.0343158, -18.566759 ], [ 27.0343627, -18.5667717 ], [ 27.0343495, -18.5668157 ], [ 27.0343025, -18.566803 ] ] ] ] } },
{ "type": "Feature", "properties": { "full_id": "w484364807", "osm_id": "484364807", "osm_type": "way", "waterway": null, "building": "yes", "name": null, "amenity": null, "brand": null, "wheelchair": null, "tourism": null }, "geometry": { "type": "MultiPolygon", "coordinates": [ [ [ [ 27.0341577, -18.5666644 ], [ 27.0341757, -18.5666133 ], [ 27.034228, -18.5666298 ], [ 27.03421, -18.5666809 ], [ 27.0341577, -18.5666644 ] ] ] ] } },
{ "type": "Feature", "properties": { "full_id": "w484370003", "osm_id": "484370003", "osm_type": "way", "waterway": null, "building": "yes", "name": null, "amenity": null, "brand": null, "wheelchair": null, "tourism": null }, "geometry": { "type": "MultiPolygon", "coordinates": [ [ [ [ 27.0508797, -18.5742879 ], [ 27.0509025, -18.5742646 ], [ 27.0509478, -18.5743043 ], [ 27.050925, -18.5743276 ], [ 27.0508797, -18.5742879 ] ] ] ] } },
{ "type": "Feature", "properties": { "full_id": "w484370004", "osm_id": "484370004", "osm_type": "way", "waterway": null, "building": "yes", "name": null, "amenity": null, "brand": null, "wheelchair": null, "tourism": null }, "geometry": { "type": "MultiPolygon", "coordinates": [ [ [ [ 27.0506853, -18.5741664 ], [ 27.0507093, -18.5741475 ], [ 27.0507384, -18.5741809 ], [ 27.0507145, -18.5741997 ], [ 27.0506853, -18.5741664 ] ] ] ] } },
{ "type": "Feature", "properties": { "full_id": "w484370005", "osm_id": "484370005", "osm_type": "way", "waterway": null, "building": "yes", "name": null, "amenity": null, "brand": null, "wheelchair": null, "tourism": null }, "geometry": { "type": "MultiPolygon", "coordinates": [ [ [ [ 27.0483249, -18.575057 ], [ 27.0483658, -18.575092 ], [ 27.048343, -18.575116 ], [ 27.0483021, -18.575081 ], [ 27.0483249, -18.575057 ] ] ] ] } },
{ "type": "Feature", "properties": { "full_id": "w484373055", "osm_id": "484373055", "osm_type": "way", "waterway": null, "building": "yes", "name": null, "amenity": null, "brand": null, "wheelchair": null, "tourism": null }, "geometry": { "type": "MultiPolygon", "coordinates": [ [ [ [ 27.0555273, -18.5795313 ], [ 27.0555198, -18.5795412 ], [ 27.0554961, -18.5795496 ], [ 27.0554731, -18.5795397 ], [ 27.0554642, -18.5795173 ], [ 27.0554671, -18.5795054 ], [ 27.0554856, -18.579489 ], [ 27.0554983, -18.579487 ], [ 27.0555213, -18.5794969 ], [ 27.0555281, -18.5795073 ], [ 27.0555273, -18.5795313 ] ] ] ] } },
{ "type": "Feature", "properties": { "full_id": "w484373056", "osm_id": "484373056", "osm_type": "way", "waterway": null, "building": "yes", "name": null, "amenity": null, "brand": null, "wheelchair": null, "tourism": null }, "geometry": { "type": "MultiPolygon", "coordinates": [ [ [ [ 27.0554315, -18.5796053 ], [ 27.0554601, -18.5796058 ], [ 27.0554596, -18.5796266 ], [ 27.0554311, -18.5796261 ], [ 27.0554315, -18.5796053 ] ] ] ] } },
{ "type": "Feature", "properties": { "full_id": "w484373057", "osm_id": "484373057", "osm_type": "way", "waterway": null, "building": "yes", "name": null, "amenity": null, "brand": null, "wheelchair": null, "tourism": null }, "geometry": { "type": "MultiPolygon", "coordinates": [ [ [ [ 27.0538548, -18.5800546 ], [ 27.0539107, -18.5800556 ], [ 27.0539098, -18.5801008 ], [ 27.0538539, -18.5800998 ], [ 27.0538548, -18.5800546 ] ] ] ] } },
{ "type": "Feature", "properties": { "full_id": "w484373058", "osm_id": "484373058", "osm_type": "way", "waterway": null, "building": "yes", "name": null, "amenity": null, "brand": null, "wheelchair": null, "tourism": null }, "geometry": { "type": "MultiPolygon", "coordinates": [ [ [ [ 27.0538703, -18.5799721 ], [ 27.0539403, -18.5799734 ], [ 27.0539398, -18.5800008 ], [ 27.0539205, -18.5800005 ], [ 27.0539202, -18.5800161 ], [ 27.0538694, -18.5800152 ], [ 27.0538703, -18.5799721 ] ] ] ] } },
{ "type": "Feature", "properties": { "full_id": "w484373059", "osm_id": "484373059", "osm_type": "way", "waterway": null, "building": "yes", "name": null, "amenity": null, "brand": null, "wheelchair": null, "tourism": null }, "geometry": { "type": "MultiPolygon", "coordinates": [ [ [ [ 27.0537834, -18.579868 ], [ 27.0538689, -18.5798671 ], [ 27.05387, -18.5799535 ], [ 27.0537845, -18.5799545 ], [ 27.0537834, -18.579868 ] ] ] ] } },
{ "type": "Feature", "properties": { "full_id": "w484373060", "osm_id": "484373060", "osm_type": "way", "waterway": null, "building": "yes", "name": null, "amenity": null, "brand": null, "wheelchair": null, "tourism": null }, "geometry": { "type": "MultiPolygon", "coordinates": [ [ [ [ 27.0553207, -18.5796449 ], [ 27.0553619, -18.5796157 ], [ 27.055396, -18.5796589 ], [ 27.0553548, -18.5796882 ], [ 27.0553207, -18.5796449 ] ] ] ] } },
{ "type": "Feature", "properties": { "full_id": "w484373061", "osm_id": "484373061", "osm_type": "way", "waterway": null, "building": "yes", "name": null, "amenity": null, "brand": null, "wheelchair": null, "tourism": null }, "geometry": { "type": "MultiPolygon", "coordinates": [ [ [ [ 27.055386, -18.5794436 ], [ 27.0554461, -18.5794191 ], [ 27.0554649, -18.5794606 ], [ 27.0554049, -18.5794851 ], [ 27.055386, -18.5794436 ] ] ] ] } },
{ "type": "Feature", "properties": { "full_id": "w484374874", "osm_id": "484374874", "osm_type": "way", "waterway": null, "building": "yes", "name": null, "amenity": null, "brand": null, "wheelchair": null, "tourism": null }, "geometry": { "type": "MultiPolygon", "coordinates": [ [ [ [ 27.0421857, -18.5766049 ], [ 27.0422047, -18.5765786 ], [ 27.0422359, -18.5765989 ], [ 27.0422169, -18.5766252 ], [ 27.0421857, -18.5766049 ] ] ] ] } },
{ "type": "Feature", "properties": { "full_id": "w484374875", "osm_id": "484374875", "osm_type": "way", "waterway": null, "building": "yes", "name": null, "amenity": null, "brand": null, "wheelchair": null, "tourism": null }, "geometry": { "type": "MultiPolygon", "coordinates": [ [ [ [ 27.0423159, -18.5765293 ], [ 27.0423284, -18.5765103 ], [ 27.0423515, -18.5765052 ], [ 27.0423628, -18.5765093 ], [ 27.0423765, -18.5765275 ], [ 27.0423769, -18.5765389 ], [ 27.0423643, -18.576558 ], [ 27.0423533, -18.5765627 ], [ 27.04233, -18.576559 ], [ 27.0423212, -18.5765511 ], [ 27.0423159, -18.5765293 ] ] ] ] } },
{ "type": "Feature", "properties": { "full_id": "w484374876", "osm_id": "484374876", "osm_type": "way", "waterway": null, "building": "yes", "name": null, "amenity": null, "brand": null, "wheelchair": null, "tourism": null }, "geometry": { "type": "MultiPolygon", "coordinates": [ [ [ [ 27.0423259, -18.5766535 ], [ 27.0423515, -18.5766772 ], [ 27.0423175, -18.5767102 ], [ 27.0422919, -18.5766865 ], [ 27.0423259, -18.5766535 ] ] ] ] } },
{ "type": "Feature", "properties": { "full_id": "w484376011", "osm_id": "484376011", "osm_type": "way", "waterway": null, "building": "yes", "name": null, "amenity": null, "brand": null, "wheelchair": null, "tourism": null }, "geometry": { "type": "MultiPolygon", "coordinates": [ [ [ [ 27.0413231, -18.5658819 ], [ 27.0413619, -18.5658462 ], [ 27.0413949, -18.5658784 ], [ 27.0413561, -18.5659141 ], [ 27.0413231, -18.5658819 ] ] ] ] } },
{ "type": "Feature", "properties": { "full_id": "w484376012", "osm_id": "484376012", "osm_type": "way", "waterway": null, "building": "yes", "name": null, "amenity": null, "brand": null, "wheelchair": null, "tourism": null }, "geometry": { "type": "MultiPolygon", "coordinates": [ [ [ [ 27.0409597, -18.5658724 ], [ 27.0410182, -18.5658185 ], [ 27.041082, -18.5658808 ], [ 27.0410235, -18.5659347 ], [ 27.0409597, -18.5658724 ] ] ] ] } },
{ "type": "Feature", "properties": { "full_id": "w484376013", "osm_id": "484376013", "osm_type": "way", "waterway": null, "building": "yes", "name": null, "amenity": null, "brand": null, "wheelchair": null, "tourism": null }, "geometry": { "type": "MultiPolygon", "coordinates": [ [ [ [ 27.0410526, -18.5659917 ], [ 27.0411196, -18.565937 ], [ 27.0411526, -18.5659734 ], [ 27.0410856, -18.5660281 ], [ 27.0410526, -18.5659917 ] ] ] ] } },
{ "type": "Feature", "properties": { "full_id": "w484376014", "osm_id": "484376014", "osm_type": "way", "waterway": null, "building": "yes", "name": null, "amenity": null, "brand": null, "wheelchair": null, "tourism": null }, "geometry": { "type": "MultiPolygon", "coordinates": [ [ [ [ 27.0411401, -18.5659032 ], [ 27.0412024, -18.5658612 ], [ 27.0412496, -18.5659242 ], [ 27.0411872, -18.5659662 ], [ 27.0411401, -18.5659032 ] ] ] ] } },
{ "type": "Feature", "properties": { "full_id": "w484376015", "osm_id": "484376015", "osm_type": "way", "waterway": null, "building": "yes", "name": null, "amenity": null, "brand": null, "wheelchair": null, "tourism": null }, "geometry": { "type": "MultiPolygon", "coordinates": [ [ [ [ 27.0406177, -18.5668519 ], [ 27.0406791, -18.5668529 ], [ 27.040678, -18.5669131 ], [ 27.0406167, -18.5669121 ], [ 27.0406177, -18.5668519 ] ] ] ] } },
{ "type": "Feature", "properties": { "full_id": "w484376016", "osm_id": "484376016", "osm_type": "way", "waterway": null, "building": "yes", "name": null, "amenity": null, "brand": null, "wheelchair": null, "tourism": null }, "geometry": { "type": "MultiPolygon", "coordinates": [ [ [ [ 27.0422378, -18.5678094 ], [ 27.0422847, -18.5678367 ], [ 27.0422533, -18.5678851 ], [ 27.0422064, -18.5678578 ], [ 27.0422378, -18.5678094 ] ] ] ] } },
{ "type": "Feature", "properties": { "full_id": "w484376169", "osm_id": "484376169", "osm_type": "way", "waterway": null, "building": "yes", "name": null, "amenity": null, "brand": null, "wheelchair": null, "tourism": null }, "geometry": { "type": "MultiPolygon", "coordinates": [ [ [ [ 27.0413198, -18.5657901 ], [ 27.0413078, -18.5658163 ], [ 27.0412797, -18.5658268 ], [ 27.041252, -18.5658154 ], [ 27.0412437, -18.5658031 ], [ 27.0412442, -18.5657745 ], [ 27.0412659, -18.5657547 ], [ 27.0412961, -18.5657552 ], [ 27.0413087, -18.5657635 ], [ 27.0413198, -18.5657901 ] ] ] ] } },
{ "type": "Feature", "properties": { "full_id": "w484377249", "osm_id": "484377249", "osm_type": "way", "waterway": null, "building": "yes", "name": null, "amenity": null, "brand": null, "wheelchair": null, "tourism": null }, "geometry": { "type": "MultiPolygon", "coordinates": [ [ [ [ 27.0835127, -18.5654518 ], [ 27.0835424, -18.5654974 ], [ 27.0834882, -18.5655291 ], [ 27.0834585, -18.5654836 ], [ 27.0835127, -18.5654518 ] ] ] ] } },
{ "type": "Feature", "properties": { "full_id": "w484377250", "osm_id": "484377250", "osm_type": "way", "waterway": null, "building": "yes", "name": null, "amenity": null, "brand": null, "wheelchair": null, "tourism": null }, "geometry": { "type": "MultiPolygon", "coordinates": [ [ [ [ 27.0835851, -18.5643488 ], [ 27.0835746, -18.5643707 ], [ 27.0835635, -18.5643772 ], [ 27.0835381, -18.5643763 ], [ 27.0835208, -18.5643587 ], [ 27.0835187, -18.5643465 ], [ 27.0835293, -18.5643246 ], [ 27.0835531, -18.5643162 ], [ 27.0835657, -18.564319 ], [ 27.083583, -18.5643366 ], [ 27.0835851, -18.5643488 ] ] ] ] } },
{ "type": "Feature", "properties": { "full_id": "w484377251", "osm_id": "484377251", "osm_type": "way", "waterway": null, "building": "yes", "name": null, "amenity": null, "brand": null, "wheelchair": null, "tourism": null }, "geometry": { "type": "MultiPolygon", "coordinates": [ [ [ [ 27.0836456, -18.5643566 ], [ 27.0836818, -18.5643954 ], [ 27.0836429, -18.5644281 ], [ 27.0836067, -18.5643893 ], [ 27.0836456, -18.5643566 ] ] ] ] } },
{ "type": "Feature", "properties": { "full_id": "w484377252", "osm_id": "484377252", "osm_type": "way", "waterway": null, "building": "yes", "name": null, "amenity": null, "brand": null, "wheelchair": null, "tourism": null }, "geometry": { "type": "MultiPolygon", "coordinates": [ [ [ [ 27.0835853, -18.5644164 ], [ 27.0836204, -18.5644617 ], [ 27.0835644, -18.5645006 ], [ 27.0835293, -18.5644553 ], [ 27.0835853, -18.5644164 ] ] ] ] } },
{ "type": "Feature", "properties": { "full_id": "w484377253", "osm_id": "484377253", "osm_type": "way", "waterway": null, "building": "yes", "name": null, "amenity": null, "brand": null, "wheelchair": null, "tourism": null }, "geometry": { "type": "MultiPolygon", "coordinates": [ [ [ [ 27.0819756, -18.5645767 ], [ 27.0820549, -18.5645635 ], [ 27.0820642, -18.564614 ], [ 27.081985, -18.5646272 ], [ 27.0819756, -18.5645767 ] ] ] ] } },
{ "type": "Feature", "properties": { "full_id": "w484377254", "osm_id": "484377254", "osm_type": "way", "waterway": null, "building": "yes", "name": null, "amenity": null, "brand": null, "wheelchair": null, "tourism": null }, "geometry": { "type": "MultiPolygon", "coordinates": [ [ [ [ 27.0833355, -18.5649232 ], [ 27.0833286, -18.5649381 ], [ 27.0833127, -18.5649439 ], [ 27.0832971, -18.5649374 ], [ 27.0832924, -18.5649304 ], [ 27.0832928, -18.5649142 ], [ 27.0832978, -18.5649075 ], [ 27.0833137, -18.5649016 ], [ 27.0833222, -18.5649034 ], [ 27.083334, -18.5649151 ], [ 27.0833355, -18.5649232 ] ] ] ] } },
{ "type": "Feature", "properties": { "full_id": "w484377255", "osm_id": "484377255", "osm_type": "way", "waterway": null, "building": "yes", "name": null, "amenity": null, "brand": null, "wheelchair": null, "tourism": null }, "geometry": { "type": "MultiPolygon", "coordinates": [ [ [ [ 27.0831728, -18.564951 ], [ 27.0831878, -18.564936 ], [ 27.0831987, -18.5649337 ], [ 27.083219, -18.5649412 ], [ 27.0832279, -18.5649601 ], [ 27.083226, -18.5649705 ], [ 27.0832109, -18.5649855 ], [ 27.0831891, -18.564986 ], [ 27.0831733, -18.5649717 ], [ 27.0831728, -18.564951 ] ] ] ] } },
{ "type": "Feature", "properties": { "full_id": "w484377256", "osm_id": "484377256", "osm_type": "way", "waterway": null, "building": "yes", "name": null, "amenity": null, "brand": null, "wheelchair": null, "tourism": null }, "geometry": { "type": "MultiPolygon", "coordinates": [ [ [ [ 27.0832772, -18.5649642 ], [ 27.0833167, -18.5649953 ], [ 27.0832786, -18.5650388 ], [ 27.0832391, -18.5650076 ], [ 27.0832772, -18.5649642 ] ] ] ] } },
{ "type": "Feature", "properties": { "full_id": "w484377257", "osm_id": "484377257", "osm_type": "way", "waterway": null, "building": "yes", "name": null, "amenity": null, "brand": null, "wheelchair": null, "tourism": null }, "geometry": { "type": "MultiPolygon", "coordinates": [ [ [ [ 27.0824738, -18.5650474 ], [ 27.0825456, -18.5650179 ], [ 27.0825708, -18.565073 ], [ 27.0824991, -18.5651025 ], [ 27.0824738, -18.5650474 ] ] ] ] } },
{ "type": "Feature", "properties": { "full_id": "w484377258", "osm_id": "484377258", "osm_type": "way", "waterway": null, "building": "yes", "name": null, "amenity": null, "brand": null, "wheelchair": null, "tourism": null }, "geometry": { "type": "MultiPolygon", "coordinates": [ [ [ [ 27.083475, -18.5643735 ], [ 27.0835192, -18.5644091 ], [ 27.0834717, -18.5644622 ], [ 27.0834274, -18.5644266 ], [ 27.083475, -18.5643735 ] ] ] ] } },
{ "type": "Feature", "properties": { "full_id": "w484377544", "osm_id": "484377544", "osm_type": "way", "waterway": null, "building": "yes", "name": null, "amenity": null, "brand": null, "wheelchair": null, "tourism": null }, "geometry": { "type": "MultiPolygon", "coordinates": [ [ [ [ 27.0592958, -18.6179009 ], [ 27.0593367, -18.6179295 ], [ 27.0592937, -18.6179847 ], [ 27.0592528, -18.6179561 ], [ 27.0592958, -18.6179009 ] ] ] ] } },
{ "type": "Feature", "properties": { "full_id": "w484377545", "osm_id": "484377545", "osm_type": "way", "waterway": null, "building": "yes", "name": null, "amenity": null, "brand": null, "wheelchair": null, "tourism": null }, "geometry": { "type": "MultiPolygon", "coordinates": [ [ [ [ 27.0589156, -18.6180153 ], [ 27.0589454, -18.6179978 ], [ 27.0589789, -18.6180492 ], [ 27.0589491, -18.6180667 ], [ 27.0589156, -18.6180153 ] ] ] ] } },
{ "type": "Feature", "properties": { "full_id": "w484381579", "osm_id": "484381579", "osm_type": "way", "waterway": null, "building": "yes", "name": null, "amenity": null, "brand": null, "wheelchair": null, "tourism": null }, "geometry": { "type": "MultiPolygon", "coordinates": [ [ [ [ 26.9753204, -18.6018639 ], [ 26.9752825, -18.601824 ], [ 26.9753419, -18.6017732 ], [ 26.9753798, -18.6018131 ], [ 26.9753204, -18.6018639 ] ] ] ] } },
{ "type": "Feature", "properties": { "full_id": "w484381580", "osm_id": "484381580", "osm_type": "way", "waterway": null, "building": "yes", "name": null, "amenity": null, "brand": null, "wheelchair": null, "tourism": null }, "geometry": { "type": "MultiPolygon", "coordinates": [ [ [ [ 26.9750835, -18.6017566 ], [ 26.9751722, -18.601753 ], [ 26.9751756, -18.6018284 ], [ 26.9750869, -18.601832 ], [ 26.9750835, -18.6017566 ] ] ] ] } },
{ "type": "Feature", "properties": { "full_id": "w484382145", "osm_id": "484382145", "osm_type": "way", "waterway": null, "building": "yes", "name": null, "amenity": null, "brand": null, "wheelchair": null, "tourism": null }, "geometry": { "type": "MultiPolygon", "coordinates": [ [ [ [ 26.973738, -18.6036133 ], [ 26.9738195, -18.6036769 ], [ 26.9737857, -18.6037158 ], [ 26.9737042, -18.6036523 ], [ 26.973738, -18.6036133 ] ] ] ] } },
{ "type": "Feature", "properties": { "full_id": "w484382146", "osm_id": "484382146", "osm_type": "way", "waterway": null, "building": "yes", "name": null, "amenity": null, "brand": null, "wheelchair": null, "tourism": null }, "geometry": { "type": "MultiPolygon", "coordinates": [ [ [ [ 26.9735828, -18.6035229 ], [ 26.9736582, -18.603569 ], [ 26.9736273, -18.6036146 ], [ 26.9735518, -18.6035685 ], [ 26.9735828, -18.6035229 ] ] ] ] } },
{ "type": "Feature", "properties": { "full_id": "w484382147", "osm_id": "484382147", "osm_type": "way", "waterway": null, "building": "yes", "name": null, "amenity": null, "brand": null, "wheelchair": null, "tourism": null }, "geometry": { "type": "MultiPolygon", "coordinates": [ [ [ [ 26.9734179, -18.6034036 ], [ 26.9735154, -18.6034824 ], [ 26.9734768, -18.6035253 ], [ 26.9733792, -18.6034465 ], [ 26.9734179, -18.6034036 ] ] ] ] } },
{ "type": "Feature", "properties": { "full_id": "w484382148", "osm_id": "484382148", "osm_type": "way", "waterway": null, "building": "yes", "name": null, "amenity": null, "brand": null, "wheelchair": null, "tourism": null }, "geometry": { "type": "MultiPolygon", "coordinates": [ [ [ [ 26.9733002, -18.6035839 ], [ 26.9733759, -18.6036351 ], [ 26.9733483, -18.6036718 ], [ 26.9732726, -18.6036206 ], [ 26.9733002, -18.6035839 ] ] ] ] } },
{ "type": "Feature", "properties": { "full_id": "w484382149", "osm_id": "484382149", "osm_type": "way", "waterway": null, "building": "yes", "name": null, "amenity": null, "brand": null, "wheelchair": null, "tourism": null }, "geometry": { "type": "MultiPolygon", "coordinates": [ [ [ [ 26.9736066, -18.6037852 ], [ 26.9736888, -18.6038389 ], [ 26.9736588, -18.6038802 ], [ 26.9735766, -18.6038265 ], [ 26.9736066, -18.6037852 ] ] ] ] } },
{ "type": "Feature", "properties": { "full_id": "w484382150", "osm_id": "484382150", "osm_type": "way", "waterway": null, "building": "yes", "name": null, "amenity": null, "brand": null, "wheelchair": null, "tourism": null }, "geometry": { "type": "MultiPolygon", "coordinates": [ [ [ [ 26.9735057, -18.6039182 ], [ 26.9735909, -18.603984 ], [ 26.9735583, -18.6040218 ], [ 26.9734732, -18.603956 ], [ 26.9735057, -18.6039182 ] ] ] ] } },
{ "type": "Feature", "properties": { "full_id": "w484382151", "osm_id": "484382151", "osm_type": "way", "waterway": null, "building": "yes", "name": null, "amenity": null, "brand": null, "wheelchair": null, "tourism": null }, "geometry": { "type": "MultiPolygon", "coordinates": [ [ [ [ 26.9733491, -18.6038334 ], [ 26.9734353, -18.603888 ], [ 26.9734081, -18.6039265 ], [ 26.9733219, -18.6038719 ], [ 26.9733491, -18.6038334 ] ] ] ] } },
{ "type": "Feature", "properties": { "full_id": "w484382596", "osm_id": "484382596", "osm_type": "way", "waterway": null, "building": "yes", "name": null, "amenity": null, "brand": null, "wheelchair": null, "tourism": null }, "geometry": { "type": "MultiPolygon", "coordinates": [ [ [ [ 26.975288, -18.6039706 ], [ 26.9753745, -18.6039618 ], [ 26.9753886, -18.6040865 ], [ 26.9752927, -18.6040962 ], [ 26.9752901, -18.6040736 ], [ 26.9752725, -18.6040754 ], [ 26.9752671, -18.6040275 ], [ 26.9752941, -18.6040248 ], [ 26.975288, -18.6039706 ] ] ] ] } },
{ "type": "Feature", "properties": { "full_id": "w484382597", "osm_id": "484382597", "osm_type": "way", "waterway": null, "building": "yes", "name": null, "amenity": null, "brand": null, "wheelchair": null, "tourism": null }, "geometry": { "type": "MultiPolygon", "coordinates": [ [ [ [ 26.9752375, -18.6029772 ], [ 26.9753394, -18.603005 ], [ 26.9753193, -18.6030713 ], [ 26.9752174, -18.6030436 ], [ 26.9752375, -18.6029772 ] ] ] ] } },
{ "type": "Feature", "properties": { "full_id": "w484382598", "osm_id": "484382598", "osm_type": "way", "waterway": null, "building": "yes", "name": null, "amenity": null, "brand": null, "wheelchair": null, "tourism": null }, "geometry": { "type": "MultiPolygon", "coordinates": [ [ [ [ 26.975147, -18.6035008 ], [ 26.9752052, -18.6035167 ], [ 26.9751971, -18.6035436 ], [ 26.9752479, -18.6035574 ], [ 26.9752031, -18.6037053 ], [ 26.975094, -18.6036756 ], [ 26.975147, -18.6035008 ] ] ] ] } },
{ "type": "Feature", "properties": { "full_id": "w484382599", "osm_id": "484382599", "osm_type": "way", "waterway": null, "building": "yes", "name": null, "amenity": null, "brand": null, "wheelchair": null, "tourism": null }, "geometry": { "type": "MultiPolygon", "coordinates": [ [ [ [ 26.975029, -18.6031535 ], [ 26.9751852, -18.6031637 ], [ 26.9751777, -18.6032671 ], [ 26.9750215, -18.603257 ], [ 26.975029, -18.6031535 ] ] ] ] } },
{ "type": "Feature", "properties": { "full_id": "w484382600", "osm_id": "484382600", "osm_type": "way", "waterway": null, "building": "yes", "name": null, "amenity": null, "brand": null, "wheelchair": null, "tourism": null }, "geometry": { "type": "MultiPolygon", "coordinates": [ [ [ [ 26.9748915, -18.6030243 ], [ 26.9749673, -18.6030247 ], [ 26.9749668, -18.6031229 ], [ 26.974891, -18.6031226 ], [ 26.9748915, -18.6030243 ] ] ] ] } },
{ "type": "Feature", "properties": { "full_id": "w484382601", "osm_id": "484382601", "osm_type": "way", "waterway": null, "building": "yes", "name": null, "amenity": null, "brand": null, "wheelchair": null, "tourism": null }, "geometry": { "type": "MultiPolygon", "coordinates": [ [ [ [ 26.9754631, -18.603422 ], [ 26.9755657, -18.6034735 ], [ 26.9755179, -18.6035592 ], [ 26.9754153, -18.6035077 ], [ 26.9754631, -18.603422 ] ] ] ] } },
{ "type": "Feature", "properties": { "full_id": "w484382602", "osm_id": "484382602", "osm_type": "way", "waterway": null, "building": "yes", "name": null, "amenity": null, "brand": null, "wheelchair": null, "tourism": null }, "geometry": { "type": "MultiPolygon", "coordinates": [ [ [ [ 26.9756958, -18.6036664 ], [ 26.9757562, -18.6037547 ], [ 26.9756712, -18.6038069 ], [ 26.9756108, -18.6037185 ], [ 26.9756958, -18.6036664 ] ] ] ] } },
{ "type": "Feature", "properties": { "full_id": "w484383461", "osm_id": "484383461", "osm_type": "way", "waterway": null, "building": "yes", "name": null, "amenity": null, "brand": null, "wheelchair": null, "tourism": null }, "geometry": { "type": "MultiPolygon", "coordinates": [ [ [ [ 26.9759748, -18.6023012 ], [ 26.9760521, -18.6023191 ], [ 26.9760331, -18.6023927 ], [ 26.9759558, -18.6023748 ], [ 26.9759748, -18.6023012 ] ] ] ] } },
{ "type": "Feature", "properties": { "full_id": "w484383462", "osm_id": "484383462", "osm_type": "way", "waterway": null, "building": "yes", "name": null, "amenity": null, "brand": null, "wheelchair": null, "tourism": null }, "geometry": { "type": "MultiPolygon", "coordinates": [ [ [ [ 26.9761089, -18.6023951 ], [ 26.9762025, -18.6024168 ], [ 26.9761873, -18.6024758 ], [ 26.9760937, -18.6024542 ], [ 26.9761089, -18.6023951 ] ] ] ] } },
{ "type": "Feature", "properties": { "full_id": "w484383463", "osm_id": "484383463", "osm_type": "way", "waterway": null, "building": "yes", "name": null, "amenity": null, "brand": null, "wheelchair": null, "tourism": null }, "geometry": { "type": "MultiPolygon", "coordinates": [ [ [ [ 26.976278, -18.602495 ], [ 26.9762974, -18.6024196 ], [ 26.9763773, -18.602438 ], [ 26.9763578, -18.6025134 ], [ 26.976278, -18.602495 ] ] ] ] } },
{ "type": "Feature", "properties": { "full_id": "w484383464", "osm_id": "484383464", "osm_type": "way", "waterway": null, "building": "yes", "name": null, "amenity": null, "brand": null, "wheelchair": null, "tourism": null }, "geometry": { "type": "MultiPolygon", "coordinates": [ [ [ [ 26.9757273, -18.6021075 ], [ 26.9758264, -18.6021814 ], [ 26.9757716, -18.6022473 ], [ 26.9756726, -18.6021735 ], [ 26.9757273, -18.6021075 ] ] ] ] } },
{ "type": "Feature", "properties": { "full_id": "w484383465", "osm_id": "484383465", "osm_type": "way", "waterway": null, "building": "yes", "name": null, "amenity": null, "brand": null, "wheelchair": null, "tourism": null }, "geometry": { "type": "MultiPolygon", "coordinates": [ [ [ [ 26.9758285, -18.602283 ], [ 26.9758698, -18.6022332 ], [ 26.9759487, -18.6022921 ], [ 26.9759074, -18.6023419 ], [ 26.9758285, -18.602283 ] ] ] ] } },
{ "type": "Feature", "properties": { "full_id": "w484383466", "osm_id": "484383466", "osm_type": "way", "waterway": null, "building": "yes", "name": null, "amenity": null, "brand": null, "wheelchair": null, "tourism": null }, "geometry": { "type": "MultiPolygon", "coordinates": [ [ [ [ 26.9765041, -18.6024729 ], [ 26.9765248, -18.6025461 ], [ 26.9764268, -18.6025709 ], [ 26.9764061, -18.6024977 ], [ 26.9765041, -18.6024729 ] ] ] ] } },
{ "type": "Feature", "properties": { "full_id": "w484383467", "osm_id": "484383467", "osm_type": "way", "waterway": null, "building": "yes", "name": null, "amenity": null, "brand": null, "wheelchair": null, "tourism": null }, "geometry": { "type": "MultiPolygon", "coordinates": [ [ [ [ 26.975218, -18.602187 ], [ 26.9752864, -18.6022346 ], [ 26.9752444, -18.6022888 ], [ 26.9752127, -18.6022667 ], [ 26.9752236, -18.6022527 ], [ 26.9751869, -18.6022271 ], [ 26.975218, -18.602187 ] ] ] ] } },
{ "type": "Feature", "properties": { "full_id": "w484383468", "osm_id": "484383468", "osm_type": "way", "waterway": null, "building": "yes", "name": null, "amenity": null, "brand": null, "wheelchair": null, "tourism": null }, "geometry": { "type": "MultiPolygon", "coordinates": [ [ [ [ 26.9752479, -18.6020835 ], [ 26.9753505, -18.6021566 ], [ 26.975293, -18.6022292 ], [ 26.9751904, -18.6021561 ], [ 26.9752479, -18.6020835 ] ] ] ] } },
{ "type": "Feature", "properties": { "full_id": "w484383469", "osm_id": "484383469", "osm_type": "way", "waterway": null, "building": "yes", "name": null, "amenity": null, "brand": null, "wheelchair": null, "tourism": null }, "geometry": { "type": "MultiPolygon", "coordinates": [ [ [ [ 26.9749079, -18.6031747 ], [ 26.9749555, -18.603176 ], [ 26.9749536, -18.6032415 ], [ 26.974906, -18.6032403 ], [ 26.9749079, -18.6031747 ] ] ] ] } },
{ "type": "Feature", "properties": { "full_id": "w484386270", "osm_id": "484386270", "osm_type": "way", "waterway": null, "building": "yes", "name": null, "amenity": null, "brand": null, "wheelchair": null, "tourism": null }, "geometry": { "type": "MultiPolygon", "coordinates": [ [ [ [ 27.0764545, -18.5673852 ], [ 27.076498, -18.5673516 ], [ 27.0765449, -18.5674063 ], [ 27.0765014, -18.5674399 ], [ 27.0764545, -18.5673852 ] ] ] ] } },
{ "type": "Feature", "properties": { "full_id": "w484386271", "osm_id": "484386271", "osm_type": "way", "waterway": null, "building": "yes", "name": null, "amenity": null, "brand": null, "wheelchair": null, "tourism": null }, "geometry": { "type": "MultiPolygon", "coordinates": [ [ [ [ 27.0765148, -18.5674475 ], [ 27.0765675, -18.567435 ], [ 27.0765849, -18.5675011 ], [ 27.0765322, -18.5675136 ], [ 27.0765148, -18.5674475 ] ] ] ] } },
{ "type": "Feature", "properties": { "full_id": "w484386272", "osm_id": "484386272", "osm_type": "way", "waterway": null, "building": "yes", "name": null, "amenity": null, "brand": null, "wheelchair": null, "tourism": null }, "geometry": { "type": "MultiPolygon", "coordinates": [ [ [ [ 27.0763472, -18.5675835 ], [ 27.076396, -18.5675648 ], [ 27.0764443, -18.567678 ], [ 27.0763955, -18.5676967 ], [ 27.0763472, -18.5675835 ] ] ] ] } },
{ "type": "Feature", "properties": { "full_id": "w484386273", "osm_id": "484386273", "osm_type": "way", "waterway": null, "building": "yes", "name": null, "amenity": null, "brand": null, "wheelchair": null, "tourism": null }, "geometry": { "type": "MultiPolygon", "coordinates": [ [ [ [ 27.0790305, -18.5668157 ], [ 27.0790408, -18.5667814 ], [ 27.0791065, -18.5667992 ], [ 27.0790962, -18.5668335 ], [ 27.0790305, -18.5668157 ] ] ] ] } },
{ "type": "Feature", "properties": { "full_id": "w484386274", "osm_id": "484386274", "osm_type": "way", "waterway": null, "building": "school", "name": null, "amenity": null, "brand": null, "wheelchair": null, "tourism": null }, "geometry": { "type": "MultiPolygon", "coordinates": [ [ [ [ 27.0791888, -18.5669809 ], [ 27.0792435, -18.5669437 ], [ 27.0793763, -18.5671191 ], [ 27.0793215, -18.5671563 ], [ 27.0791888, -18.5669809 ] ] ] ] } },
{ "type": "Feature", "properties": { "full_id": "w484386275", "osm_id": "484386275", "osm_type": "way", "waterway": null, "building": "school", "name": null, "amenity": null, "brand": null, "wheelchair": null, "tourism": null }, "geometry": { "type": "MultiPolygon", "coordinates": [ [ [ [ 27.0789714, -18.5671742 ], [ 27.0789187, -18.5671113 ], [ 27.079081, -18.5669892 ], [ 27.0791337, -18.5670522 ], [ 27.0789714, -18.5671742 ] ] ] ] } },
{ "type": "Feature", "properties": { "full_id": "w484386276", "osm_id": "484386276", "osm_type": "way", "waterway": null, "building": "yes", "name": null, "amenity": null, "brand": null, "wheelchair": null, "tourism": null }, "geometry": { "type": "MultiPolygon", "coordinates": [ [ [ [ 27.0785638, -18.56812 ], [ 27.0785965, -18.5680952 ], [ 27.0786233, -18.568127 ], [ 27.0785906, -18.5681518 ], [ 27.0785638, -18.56812 ] ] ] ] } },
{ "type": "Feature", "properties": { "full_id": "w484386277", "osm_id": "484386277", "osm_type": "way", "waterway": null, "building": "yes", "name": null, "amenity": null, "brand": null, "wheelchair": null, "tourism": null }, "geometry": { "type": "MultiPolygon", "coordinates": [ [ [ [ 27.0785906, -18.567773 ], [ 27.0785906, -18.5677437 ], [ 27.0786295, -18.5677437 ], [ 27.0786295, -18.567773 ], [ 27.0785906, -18.567773 ] ] ] ] } },
{ "type": "Feature", "properties": { "full_id": "w484386278", "osm_id": "484386278", "osm_type": "way", "waterway": null, "building": "school", "name": null, "amenity": null, "brand": null, "wheelchair": null, "tourism": null }, "geometry": { "type": "MultiPolygon", "coordinates": [ [ [ [ 27.0790359, -18.5674831 ], [ 27.0790938, -18.5674428 ], [ 27.0792011, -18.5675814 ], [ 27.0791432, -18.5676217 ], [ 27.0790359, -18.5674831 ] ] ] ] } },
{ "type": "Feature", "properties": { "full_id": "w484386279", "osm_id": "484386279", "osm_type": "way", "waterway": null, "building": "school", "name": null, "amenity": null, "brand": null, "wheelchair": null, "tourism": null }, "geometry": { "type": "MultiPolygon", "coordinates": [ [ [ [ 27.0793403, -18.567225 ], [ 27.0794141, -18.5671733 ], [ 27.0795429, -18.5673386 ], [ 27.079469, -18.5673903 ], [ 27.0793403, -18.567225 ] ] ] ] } },
{ "type": "Feature", "properties": { "full_id": "w484386280", "osm_id": "484386280", "osm_type": "way", "waterway": null, "building": "school", "name": null, "amenity": null, "brand": null, "wheelchair": null, "tourism": null }, "geometry": { "type": "MultiPolygon", "coordinates": [ [ [ [ 27.0796702, -18.5675251 ], [ 27.0796565, -18.5675041 ], [ 27.0796846, -18.5674876 ], [ 27.0796983, -18.5675086 ], [ 27.0796702, -18.5675251 ] ] ] ] } },
{ "type": "Feature", "properties": { "full_id": "w484386281", "osm_id": "484386281", "osm_type": "way", "waterway": null, "building": "school", "name": null, "amenity": null, "brand": null, "wheelchair": null, "tourism": null }, "geometry": { "type": "MultiPolygon", "coordinates": [ [ [ [ 27.0798244, -18.5674196 ], [ 27.0797935, -18.5674024 ], [ 27.0798163, -18.5673655 ], [ 27.0798472, -18.5673827 ], [ 27.0798244, -18.5674196 ] ] ] ] } },
{ "type": "Feature", "properties": { "full_id": "w484386282", "osm_id": "484386282", "osm_type": "way", "waterway": null, "building": "school", "name": null, "amenity": null, "brand": null, "wheelchair": null, "tourism": null }, "geometry": { "type": "MultiPolygon", "coordinates": [ [ [ [ 27.0798995, -18.5674386 ], [ 27.0798677, -18.5673662 ], [ 27.0799482, -18.5673344 ], [ 27.07998, -18.5674068 ], [ 27.0798995, -18.5674386 ] ] ] ] } },
{ "type": "Feature", "properties": { "full_id": "w484386283", "osm_id": "484386283", "osm_type": "way", "waterway": null, "building": "school", "name": null, "amenity": null, "brand": null, "wheelchair": null, "tourism": null }, "geometry": { "type": "MultiPolygon", "coordinates": [ [ [ [ 27.0800135, -18.5673713 ], [ 27.0799767, -18.56731 ], [ 27.0800451, -18.5672732 ], [ 27.0800819, -18.5673344 ], [ 27.0800135, -18.5673713 ] ] ] ] } },
{ "type": "Feature", "properties": { "full_id": "w484386284", "osm_id": "484386284", "osm_type": "way", "waterway": null, "building": "school", "name": null, "amenity": null, "brand": null, "wheelchair": null, "tourism": null }, "geometry": { "type": "MultiPolygon", "coordinates": [ [ [ [ 27.0800806, -18.5672149 ], [ 27.0801676, -18.5671835 ], [ 27.0802038, -18.5672737 ], [ 27.0801168, -18.5673051 ], [ 27.0800806, -18.5672149 ] ] ] ] } },
{ "type": "Feature", "properties": { "full_id": "w484386285", "osm_id": "484386285", "osm_type": "way", "waterway": null, "building": "school", "name": null, "amenity": null, "brand": null, "wheelchair": null, "tourism": null }, "geometry": { "type": "MultiPolygon", "coordinates": [ [ [ [ 27.0799706, -18.5671881 ], [ 27.0799412, -18.56712 ], [ 27.0800297, -18.5670857 ], [ 27.0800591, -18.5671538 ], [ 27.0799706, -18.5671881 ] ] ] ] } },
{ "type": "Feature", "properties": { "full_id": "w484386286", "osm_id": "484386286", "osm_type": "way", "waterway": null, "building": "yes", "name": null, "amenity": null, "brand": null, "wheelchair": null, "tourism": null }, "geometry": { "type": "MultiPolygon", "coordinates": [ [ [ [ 27.0804521, -18.5659677 ], [ 27.080446, -18.5659309 ], [ 27.0804889, -18.5659245 ], [ 27.080495, -18.5659614 ], [ 27.0804521, -18.5659677 ] ] ] ] } },
{ "type": "Feature", "properties": { "full_id": "w484386287", "osm_id": "484386287", "osm_type": "way", "waterway": null, "building": "yes", "name": null, "amenity": null, "brand": null, "wheelchair": null, "tourism": null }, "geometry": { "type": "MultiPolygon", "coordinates": [ [ [ [ 27.0805513, -18.566058 ], [ 27.0805477, -18.5660172 ], [ 27.0805799, -18.5660146 ], [ 27.0805835, -18.5660554 ], [ 27.0805513, -18.566058 ] ] ] ] } },
{ "type": "Feature", "properties": { "full_id": "w484386288", "osm_id": "484386288", "osm_type": "way", "waterway": null, "building": "yes", "name": null, "amenity": null, "brand": null, "wheelchair": null, "tourism": null }, "geometry": { "type": "MultiPolygon", "coordinates": [ [ [ [ 27.0804588, -18.5660809 ], [ 27.0804489, -18.5660342 ], [ 27.080516, -18.5660215 ], [ 27.0805258, -18.5660682 ], [ 27.0804588, -18.5660809 ] ] ] ] } },
{ "type": "Feature", "properties": { "full_id": "w484386289", "osm_id": "484386289", "osm_type": "way", "waterway": null, "building": "yes", "name": null, "amenity": null, "brand": null, "wheelchair": null, "tourism": null }, "geometry": { "type": "MultiPolygon", "coordinates": [ [ [ [ 27.0805459, -18.565852 ], [ 27.0806207, -18.5658308 ], [ 27.0806409, -18.5658943 ], [ 27.080566, -18.5659156 ], [ 27.0805459, -18.565852 ] ] ] ] } },
{ "type": "Feature", "properties": { "full_id": "w484386290", "osm_id": "484386290", "osm_type": "way", "waterway": null, "building": "yes", "name": null, "amenity": null, "brand": null, "wheelchair": null, "tourism": null }, "geometry": { "type": "MultiPolygon", "coordinates": [ [ [ [ 27.0815015, -18.5658228 ], [ 27.0814746, -18.5658143 ], [ 27.0814853, -18.5657838 ], [ 27.0815123, -18.5657923 ], [ 27.0815015, -18.5658228 ] ] ] ] } },
{ "type": "Feature", "properties": { "full_id": "w484386291", "osm_id": "484386291", "osm_type": "way", "waterway": null, "building": "yes", "name": null, "amenity": null, "brand": null, "wheelchair": null, "tourism": null }, "geometry": { "type": "MultiPolygon", "coordinates": [ [ [ [ 27.0816048, -18.5657808 ], [ 27.0816001, -18.5657488 ], [ 27.081639, -18.5657437 ], [ 27.0816437, -18.5657757 ], [ 27.0816048, -18.5657808 ] ] ] ] } },
{ "type": "Feature", "properties": { "full_id": "w484386292", "osm_id": "484386292", "osm_type": "way", "waterway": null, "building": "yes", "name": null, "amenity": null, "brand": null, "wheelchair": null, "tourism": null }, "geometry": { "type": "MultiPolygon", "coordinates": [ [ [ [ 27.0836795, -18.5656626 ], [ 27.0837253, -18.5656603 ], [ 27.083728, -18.5657086 ], [ 27.0836822, -18.5657109 ], [ 27.0836795, -18.5656626 ] ] ] ] } },
{ "type": "Feature", "properties": { "full_id": "w484386293", "osm_id": "484386293", "osm_type": "way", "waterway": null, "building": "yes", "name": null, "amenity": null, "brand": null, "wheelchair": null, "tourism": null }, "geometry": { "type": "MultiPolygon", "coordinates": [ [ [ [ 27.0836527, -18.5656092 ], [ 27.0837076, -18.5655908 ], [ 27.0837237, -18.5656341 ], [ 27.0836688, -18.5656524 ], [ 27.0836527, -18.5656092 ] ] ] ] } },
{ "type": "Feature", "properties": { "full_id": "w484386294", "osm_id": "484386294", "osm_type": "way", "waterway": null, "building": "yes", "name": null, "amenity": null, "brand": null, "wheelchair": null, "tourism": null }, "geometry": { "type": "MultiPolygon", "coordinates": [ [ [ [ 27.0835977, -18.5655685 ], [ 27.083635, -18.5655307 ], [ 27.0836752, -18.5655663 ], [ 27.0836379, -18.5656041 ], [ 27.0835977, -18.5655685 ] ] ] ] } },
{ "type": "Feature", "properties": { "full_id": "w484386295", "osm_id": "484386295", "osm_type": "way", "waterway": null, "building": "yes", "name": null, "amenity": null, "brand": null, "wheelchair": null, "tourism": null }, "geometry": { "type": "MultiPolygon", "coordinates": [ [ [ [ 27.0835333, -18.565688 ], [ 27.0834974, -18.5656335 ], [ 27.0835617, -18.5655954 ], [ 27.0835977, -18.5656499 ], [ 27.0835333, -18.565688 ] ] ] ] } },
{ "type": "Feature", "properties": { "full_id": "w484386296", "osm_id": "484386296", "osm_type": "way", "waterway": null, "building": "yes", "name": null, "amenity": null, "brand": null, "wheelchair": null, "tourism": null }, "geometry": { "type": "MultiPolygon", "coordinates": [ [ [ [ 27.0835668, -18.5657783 ], [ 27.0836285, -18.5657465 ], [ 27.0836532, -18.5657895 ], [ 27.0835915, -18.5658213 ], [ 27.0835668, -18.5657783 ] ] ] ] } },
{ "type": "Feature", "properties": { "full_id": "w484386297", "osm_id": "484386297", "osm_type": "way", "waterway": null, "building": "yes", "name": null, "amenity": null, "brand": null, "wheelchair": null, "tourism": null }, "geometry": { "type": "MultiPolygon", "coordinates": [ [ [ [ 27.0834394, -18.5658787 ], [ 27.0834249, -18.565833 ], [ 27.0834877, -18.5658152 ], [ 27.0835022, -18.5658609 ], [ 27.0834394, -18.5658787 ] ] ] ] } },
{ "type": "Feature", "properties": { "full_id": "w484386298", "osm_id": "484386298", "osm_type": "way", "waterway": null, "building": "yes", "name": null, "amenity": null, "brand": null, "wheelchair": null, "tourism": null }, "geometry": { "type": "MultiPolygon", "coordinates": [ [ [ [ 27.0832785, -18.5659639 ], [ 27.083321, -18.5659518 ], [ 27.0833301, -18.5659802 ], [ 27.0832875, -18.5659924 ], [ 27.0832785, -18.5659639 ] ] ] ] } },
{ "type": "Feature", "properties": { "full_id": "w484386299", "osm_id": "484386299", "osm_type": "way", "waterway": null, "building": "yes", "name": null, "amenity": null, "brand": null, "wheelchair": null, "tourism": null }, "geometry": { "type": "MultiPolygon", "coordinates": [ [ [ [ 27.0816021, -18.5659563 ], [ 27.0816061, -18.5659191 ], [ 27.0816503, -18.5659233 ], [ 27.0816463, -18.5659605 ], [ 27.0816021, -18.5659563 ] ] ] ] } },
{ "type": "Feature", "properties": { "full_id": "w484386300", "osm_id": "484386300", "osm_type": "way", "waterway": null, "building": "yes", "name": null, "amenity": null, "brand": null, "wheelchair": null, "tourism": null }, "geometry": { "type": "MultiPolygon", "coordinates": [ [ [ [ 27.0816987, -18.5658927 ], [ 27.0817311, -18.5658676 ], [ 27.0817588, -18.5658997 ], [ 27.0817263, -18.5659248 ], [ 27.0816987, -18.5658927 ] ] ] ] } },
{ "type": "Feature", "properties": { "full_id": "w484386301", "osm_id": "484386301", "osm_type": "way", "waterway": null, "building": "yes", "name": null, "amenity": null, "brand": null, "wheelchair": null, "tourism": null }, "geometry": { "type": "MultiPolygon", "coordinates": [ [ [ [ 27.0816879, -18.5657084 ], [ 27.0817182, -18.5656998 ], [ 27.0817356, -18.5657546 ], [ 27.0817053, -18.5657632 ], [ 27.0816879, -18.5657084 ] ] ] ] } },
{ "type": "Feature", "properties": { "full_id": "w484386302", "osm_id": "484386302", "osm_type": "way", "waterway": null, "building": "yes", "name": null, "amenity": null, "brand": null, "wheelchair": null, "tourism": null }, "geometry": { "type": "MultiPolygon", "coordinates": [ [ [ [ 27.0865385, -18.5664025 ], [ 27.0865553, -18.5663728 ], [ 27.0865886, -18.5663898 ], [ 27.0865718, -18.5664195 ], [ 27.0865385, -18.5664025 ] ] ] ] } },
{ "type": "Feature", "properties": { "full_id": "w484386303", "osm_id": "484386303", "osm_type": "way", "waterway": null, "building": "yes", "name": null, "amenity": null, "brand": null, "wheelchair": null, "tourism": null }, "geometry": { "type": "MultiPolygon", "coordinates": [ [ [ [ 27.0844423, -18.5639334 ], [ 27.0844785, -18.5639055 ], [ 27.0845042, -18.5639353 ], [ 27.0844681, -18.5639633 ], [ 27.0844423, -18.5639334 ] ] ] ] } },
{ "type": "Feature", "properties": { "full_id": "w484386304", "osm_id": "484386304", "osm_type": "way", "waterway": null, "building": "yes", "name": null, "amenity": null, "brand": null, "wheelchair": null, "tourism": null }, "geometry": { "type": "MultiPolygon", "coordinates": [ [ [ [ 27.0843806, -18.5639093 ], [ 27.0843682, -18.563887 ], [ 27.0843695, -18.5638742 ], [ 27.0843865, -18.5638548 ], [ 27.084413, -18.5638523 ], [ 27.0844335, -18.5638684 ], [ 27.084436, -18.5638935 ], [ 27.0844191, -18.563913 ], [ 27.0844061, -18.5639167 ], [ 27.0843806, -18.5639093 ] ] ] ] } },
{ "type": "Feature", "properties": { "full_id": "w484386305", "osm_id": "484386305", "osm_type": "way", "waterway": null, "building": "yes", "name": null, "amenity": null, "brand": null, "wheelchair": null, "tourism": null }, "geometry": { "type": "MultiPolygon", "coordinates": [ [ [ [ 27.0842371, -18.5640593 ], [ 27.0842319, -18.5640357 ], [ 27.0842459, -18.5640154 ], [ 27.0842578, -18.5640106 ], [ 27.0842829, -18.5640151 ], [ 27.0842972, -18.564035 ], [ 27.0842974, -18.5640474 ], [ 27.0842834, -18.5640676 ], [ 27.0842715, -18.5640724 ], [ 27.0842464, -18.5640679 ], [ 27.0842371, -18.5640593 ] ] ] ] } },
{ "type": "Feature", "properties": { "full_id": "w484386306", "osm_id": "484386306", "osm_type": "way", "waterway": null, "building": "yes", "name": null, "amenity": null, "brand": null, "wheelchair": null, "tourism": null }, "geometry": { "type": "MultiPolygon", "coordinates": [ [ [ [ 27.0842465, -18.563922 ], [ 27.0842391, -18.5639115 ], [ 27.0842391, -18.5638867 ], [ 27.0842576, -18.5638692 ], [ 27.0842837, -18.5638692 ], [ 27.0843022, -18.5638867 ], [ 27.0843022, -18.5639115 ], [ 27.0842948, -18.563922 ], [ 27.0842707, -18.5639315 ], [ 27.0842465, -18.563922 ] ] ] ] } },
{ "type": "Feature", "properties": { "full_id": "w484386307", "osm_id": "484386307", "osm_type": "way", "waterway": null, "building": "yes", "name": null, "amenity": null, "brand": null, "wheelchair": null, "tourism": null }, "geometry": { "type": "MultiPolygon", "coordinates": [ [ [ [ 27.0843377, -18.5640288 ], [ 27.0843112, -18.5640015 ], [ 27.0843448, -18.5639723 ], [ 27.0843713, -18.5639996 ], [ 27.0843377, -18.5640288 ] ] ] ] } },
{ "type": "Feature", "properties": { "full_id": "w484386308", "osm_id": "484386308", "osm_type": "way", "waterway": null, "building": "yes", "name": null, "amenity": null, "brand": null, "wheelchair": null, "tourism": null }, "geometry": { "type": "MultiPolygon", "coordinates": [ [ [ [ 27.0846046, -18.5639411 ], [ 27.0845994, -18.5638983 ], [ 27.0846464, -18.5638932 ], [ 27.0846515, -18.563936 ], [ 27.0846046, -18.5639411 ] ] ] ] } },
{ "type": "Feature", "properties": { "full_id": "w484386309", "osm_id": "484386309", "osm_type": "way", "waterway": null, "building": "yes", "name": null, "amenity": null, "brand": null, "wheelchair": null, "tourism": null }, "geometry": { "type": "MultiPolygon", "coordinates": [ [ [ [ 27.0844625, -18.5638661 ], [ 27.0844846, -18.5638377 ], [ 27.0845209, -18.5638631 ], [ 27.0844987, -18.5638915 ], [ 27.0844625, -18.5638661 ] ] ] ] } },
{ "type": "Feature", "properties": { "full_id": "w484386310", "osm_id": "484386310", "osm_type": "way", "waterway": null, "building": "yes", "name": null, "amenity": null, "brand": null, "wheelchair": null, "tourism": null }, "geometry": { "type": "MultiPolygon", "coordinates": [ [ [ [ 27.0845483, -18.5640618 ], [ 27.0845818, -18.5640212 ], [ 27.0846132, -18.5640444 ], [ 27.0845797, -18.5640851 ], [ 27.0845483, -18.5640618 ] ] ] ] } },
{ "type": "Feature", "properties": { "full_id": "w484386311", "osm_id": "484386311", "osm_type": "way", "waterway": null, "building": "yes", "name": null, "amenity": null, "brand": null, "wheelchair": null, "tourism": null }, "geometry": { "type": "MultiPolygon", "coordinates": [ [ [ [ 27.084673, -18.5640504 ], [ 27.0846665, -18.5640104 ], [ 27.0847188, -18.5640028 ], [ 27.0847253, -18.5640428 ], [ 27.084673, -18.5640504 ] ] ] ] } },
{ "type": "Feature", "properties": { "full_id": "w484386312", "osm_id": "484386312", "osm_type": "way", "waterway": null, "building": "yes", "name": null, "amenity": null, "brand": null, "wheelchair": null, "tourism": null }, "geometry": { "type": "MultiPolygon", "coordinates": [ [ [ [ 27.0846395, -18.5641343 ], [ 27.0846263, -18.5641017 ], [ 27.0846719, -18.5640851 ], [ 27.0846851, -18.5641178 ], [ 27.0846395, -18.5641343 ] ] ] ] } },
{ "type": "Feature", "properties": { "full_id": "w484386313", "osm_id": "484386313", "osm_type": "way", "waterway": null, "building": "yes", "name": null, "amenity": null, "brand": null, "wheelchair": null, "tourism": null }, "geometry": { "type": "MultiPolygon", "coordinates": [ [ [ [ 27.084669, -18.5637644 ], [ 27.0847307, -18.5638038 ], [ 27.0847012, -18.5638453 ], [ 27.0846395, -18.5638058 ], [ 27.084669, -18.5637644 ] ] ] ] } },
{ "type": "Feature", "properties": { "full_id": "w484386314", "osm_id": "484386314", "osm_type": "way", "waterway": null, "building": "yes", "name": null, "amenity": null, "brand": null, "wheelchair": null, "tourism": null }, "geometry": { "type": "MultiPolygon", "coordinates": [ [ [ [ 27.0843847, -18.5640135 ], [ 27.0844128, -18.563969 ], [ 27.0844418, -18.5639855 ], [ 27.0844137, -18.56403 ], [ 27.0843847, -18.5640135 ] ] ] ] } },
{ "type": "Feature", "properties": { "full_id": "w484386315", "osm_id": "484386315", "osm_type": "way", "waterway": null, "building": "yes", "name": null, "amenity": null, "brand": null, "wheelchair": null, "tourism": null }, "geometry": { "type": "MultiPolygon", "coordinates": [ [ [ [ 27.0843136, -18.5638381 ], [ 27.0843659, -18.5637745 ], [ 27.084395, -18.5637961 ], [ 27.0843427, -18.5638596 ], [ 27.0843136, -18.5638381 ] ] ] ] } },
{ "type": "Feature", "properties": { "full_id": "w484386316", "osm_id": "484386316", "osm_type": "way", "waterway": null, "building": "yes", "name": null, "amenity": null, "brand": null, "wheelchair": null, "tourism": null }, "geometry": { "type": "MultiPolygon", "coordinates": [ [ [ [ 27.0841191, -18.5638978 ], [ 27.0841714, -18.5638432 ], [ 27.0842138, -18.5638796 ], [ 27.0841615, -18.5639343 ], [ 27.0841191, -18.5638978 ] ] ] ] } },
{ "type": "Feature", "properties": { "full_id": "w484386317", "osm_id": "484386317", "osm_type": "way", "waterway": null, "building": "yes", "name": null, "amenity": null, "brand": null, "wheelchair": null, "tourism": null }, "geometry": { "type": "MultiPolygon", "coordinates": [ [ [ [ 27.084217, -18.5637694 ], [ 27.0842667, -18.563711 ], [ 27.0842998, -18.5637362 ], [ 27.0842502, -18.5637947 ], [ 27.084217, -18.5637694 ] ] ] ] } },
{ "type": "Feature", "properties": { "full_id": "w484386964", "osm_id": "484386964", "osm_type": "way", "waterway": null, "building": "yes", "name": null, "amenity": null, "brand": null, "wheelchair": null, "tourism": null }, "geometry": { "type": "MultiPolygon", "coordinates": [ [ [ [ 26.9734438, -18.6050456 ], [ 26.9734826, -18.6050192 ], [ 26.9735007, -18.6050431 ], [ 26.9734619, -18.6050695 ], [ 26.9734438, -18.6050456 ] ] ] ] } },
{ "type": "Feature", "properties": { "full_id": "w484389759", "osm_id": "484389759", "osm_type": "way", "waterway": null, "building": "yes", "name": null, "amenity": null, "brand": null, "wheelchair": null, "tourism": null }, "geometry": { "type": "MultiPolygon", "coordinates": [ [ [ [ 27.0552412, -18.5655787 ], [ 27.0552276, -18.5655447 ], [ 27.0552665, -18.5655308 ], [ 27.0552801, -18.5655647 ], [ 27.0552412, -18.5655787 ] ] ] ] } },
{ "type": "Feature", "properties": { "full_id": "w484389760", "osm_id": "484389760", "osm_type": "way", "waterway": null, "building": "yes", "name": null, "amenity": null, "brand": null, "wheelchair": null, "tourism": null }, "geometry": { "type": "MultiPolygon", "coordinates": [ [ [ [ 27.0551232, -18.5655812 ], [ 27.0551035, -18.5655389 ], [ 27.0551491, -18.5655198 ], [ 27.0551688, -18.5655622 ], [ 27.0551232, -18.5655812 ] ] ] ] } },
{ "type": "Feature", "properties": { "full_id": "w484389761", "osm_id": "484389761", "osm_type": "way", "waterway": null, "building": "yes", "name": null, "amenity": null, "brand": null, "wheelchair": null, "tourism": null }, "geometry": { "type": "MultiPolygon", "coordinates": [ [ [ [ 27.0565179, -18.5665449 ], [ 27.0565179, -18.5665017 ], [ 27.0565555, -18.5665017 ], [ 27.0565555, -18.5665449 ], [ 27.0565179, -18.5665449 ] ] ] ] } },
{ "type": "Feature", "properties": { "full_id": "w484389762", "osm_id": "484389762", "osm_type": "way", "waterway": null, "building": "yes", "name": null, "amenity": null, "brand": null, "wheelchair": null, "tourism": null }, "geometry": { "type": "MultiPolygon", "coordinates": [ [ [ [ 27.0553123, -18.5655698 ], [ 27.0553767, -18.5655698 ], [ 27.0553767, -18.5656537 ], [ 27.0553123, -18.5656537 ], [ 27.0553123, -18.5655698 ] ] ] ] } },
{ "type": "Feature", "properties": { "full_id": "w484389763", "osm_id": "484389763", "osm_type": "way", "waterway": null, "building": "yes", "name": null, "amenity": null, "brand": null, "wheelchair": null, "tourism": null }, "geometry": { "type": "MultiPolygon", "coordinates": [ [ [ [ 27.0545492, -18.5660593 ], [ 27.0545878, -18.5660359 ], [ 27.0546092, -18.5660676 ], [ 27.0545707, -18.566091 ], [ 27.0545492, -18.5660593 ] ] ] ] } },
{ "type": "Feature", "properties": { "full_id": "w484389764", "osm_id": "484389764", "osm_type": "way", "waterway": null, "building": "yes", "name": null, "amenity": null, "brand": null, "wheelchair": null, "tourism": null }, "geometry": { "type": "MultiPolygon", "coordinates": [ [ [ [ 27.0545438, -18.5661737 ], [ 27.0545416, -18.5661266 ], [ 27.054602, -18.566124 ], [ 27.0546042, -18.5661711 ], [ 27.0545438, -18.5661737 ] ] ] ] } },
{ "type": "Feature", "properties": { "full_id": "w484389844", "osm_id": "484389844", "osm_type": "way", "waterway": null, "building": "yes", "name": null, "amenity": null, "brand": null, "wheelchair": null, "tourism": null }, "geometry": { "type": "MultiPolygon", "coordinates": [ [ [ [ 27.0778827, -18.5668653 ], [ 27.0779132, -18.5668436 ], [ 27.0779373, -18.5668741 ], [ 27.0779069, -18.5668958 ], [ 27.0778827, -18.5668653 ] ] ] ] } },
{ "type": "Feature", "properties": { "full_id": "w484389845", "osm_id": "484389845", "osm_type": "way", "waterway": null, "building": "yes", "name": null, "amenity": null, "brand": null, "wheelchair": null, "tourism": null }, "geometry": { "type": "MultiPolygon", "coordinates": [ [ [ [ 27.0774321, -18.5670013 ], [ 27.0774232, -18.5669588 ], [ 27.0774768, -18.5669486 ], [ 27.0774858, -18.5669911 ], [ 27.0774321, -18.5670013 ] ] ] ] } },
{ "type": "Feature", "properties": { "full_id": "w484389846", "osm_id": "484389846", "osm_type": "way", "waterway": null, "building": "yes", "name": null, "amenity": null, "brand": null, "wheelchair": null, "tourism": null }, "geometry": { "type": "MultiPolygon", "coordinates": [ [ [ [ 27.0773745, -18.5670547 ], [ 27.0773643, -18.5670182 ], [ 27.0774153, -18.5670055 ], [ 27.0774254, -18.567042 ], [ 27.0773745, -18.5670547 ] ] ] ] } },
{ "type": "Feature", "properties": { "full_id": "w484389847", "osm_id": "484389847", "osm_type": "way", "waterway": null, "building": "yes", "name": null, "amenity": null, "brand": null, "wheelchair": null, "tourism": null }, "geometry": { "type": "MultiPolygon", "coordinates": [ [ [ [ 27.0761862, -18.5673077 ], [ 27.0762231, -18.5672727 ], [ 27.076254, -18.567302 ], [ 27.0762171, -18.5673369 ], [ 27.0761862, -18.5673077 ] ] ] ] } },
{ "type": "Feature", "properties": { "full_id": "w484389848", "osm_id": "484389848", "osm_type": "way", "waterway": null, "building": "yes", "name": null, "amenity": null, "brand": null, "wheelchair": null, "tourism": null }, "geometry": { "type": "MultiPolygon", "coordinates": [ [ [ [ 27.0763405, -18.5674424 ], [ 27.0763806, -18.5674227 ], [ 27.0763964, -18.5674515 ], [ 27.0763562, -18.5674712 ], [ 27.0763405, -18.5674424 ] ] ] ] } },
{ "type": "Feature", "properties": { "full_id": "w484426659", "osm_id": "484426659", "osm_type": "way", "waterway": null, "building": "yes", "name": null, "amenity": null, "brand": null, "wheelchair": null, "tourism": null }, "geometry": { "type": "MultiPolygon", "coordinates": [ [ [ [ 27.0452347, -18.5812678 ], [ 27.0452775, -18.5813054 ], [ 27.0452385, -18.5813452 ], [ 27.0451957, -18.5813075 ], [ 27.0452347, -18.5812678 ] ] ] ] } },
{ "type": "Feature", "properties": { "full_id": "w484426660", "osm_id": "484426660", "osm_type": "way", "waterway": null, "building": "yes", "name": null, "amenity": null, "brand": null, "wheelchair": null, "tourism": null }, "geometry": { "type": "MultiPolygon", "coordinates": [ [ [ [ 27.0452885, -18.5813579 ], [ 27.0453224, -18.5813867 ], [ 27.0452941, -18.5814166 ], [ 27.0452602, -18.5813879 ], [ 27.0452885, -18.5813579 ] ] ] ] } },
{ "type": "Feature", "properties": { "full_id": "w484426661", "osm_id": "484426661", "osm_type": "way", "waterway": null, "building": "yes", "name": null, "amenity": null, "brand": null, "wheelchair": null, "tourism": null }, "geometry": { "type": "MultiPolygon", "coordinates": [ [ [ [ 27.0455703, -18.5816779 ], [ 27.0456079, -18.5817167 ], [ 27.0455742, -18.581746 ], [ 27.0455366, -18.5817072 ], [ 27.0455703, -18.5816779 ] ] ] ] } },
{ "type": "Feature", "properties": { "full_id": "w484426989", "osm_id": "484426989", "osm_type": "way", "waterway": null, "building": "yes", "name": null, "amenity": null, "brand": null, "wheelchair": null, "tourism": null }, "geometry": { "type": "MultiPolygon", "coordinates": [ [ [ [ 27.0300465, -18.5637211 ], [ 27.0300206, -18.5636939 ], [ 27.0300589, -18.5636611 ], [ 27.0300848, -18.5636883 ], [ 27.0300465, -18.5637211 ] ] ] ] } },
{ "type": "Feature", "properties": { "full_id": "w484427002", "osm_id": "484427002", "osm_type": "way", "waterway": null, "building": "yes", "name": null, "amenity": null, "brand": null, "wheelchair": null, "tourism": null }, "geometry": { "type": "MultiPolygon", "coordinates": [ [ [ [ 27.0315807, -18.5652124 ], [ 27.0315671, -18.5651876 ], [ 27.0316006, -18.565171 ], [ 27.0316142, -18.5651959 ], [ 27.0315807, -18.5652124 ] ] ] ] } },
{ "type": "Feature", "properties": { "full_id": "w484427003", "osm_id": "484427003", "osm_type": "way", "waterway": null, "building": "yes", "name": null, "amenity": null, "brand": null, "wheelchair": null, "tourism": null }, "geometry": { "type": "MultiPolygon", "coordinates": [ [ [ [ 27.0315485, -18.5653637 ], [ 27.0315502, -18.5653196 ], [ 27.0316253, -18.5653222 ], [ 27.0316236, -18.5653662 ], [ 27.0315485, -18.5653637 ] ] ] ] } },
{ "type": "Feature", "properties": { "full_id": "w484427004", "osm_id": "484427004", "osm_type": "way", "waterway": null, "building": "yes", "name": null, "amenity": null, "brand": null, "wheelchair": null, "tourism": null }, "geometry": { "type": "MultiPolygon", "coordinates": [ [ [ [ 27.031629, -18.5654209 ], [ 27.0316279, -18.565385 ], [ 27.0316748, -18.5653837 ], [ 27.0316759, -18.5654196 ], [ 27.031629, -18.5654209 ] ] ] ] } },
{ "type": "Feature", "properties": { "full_id": "w484427006", "osm_id": "484427006", "osm_type": "way", "waterway": null, "building": "yes", "name": null, "amenity": null, "brand": null, "wheelchair": null, "tourism": null }, "geometry": { "type": "MultiPolygon", "coordinates": [ [ [ [ 27.0302637, -18.5638394 ], [ 27.030244, -18.5638135 ], [ 27.0302923, -18.5637804 ], [ 27.030312, -18.5638063 ], [ 27.0302637, -18.5638394 ] ] ] ] } },
{ "type": "Feature", "properties": { "full_id": "w484427007", "osm_id": "484427007", "osm_type": "way", "waterway": null, "building": "yes", "name": null, "amenity": null, "brand": null, "wheelchair": null, "tourism": null }, "geometry": { "type": "MultiPolygon", "coordinates": [ [ [ [ 27.0302664, -18.5637021 ], [ 27.0302671, -18.5636704 ], [ 27.0303275, -18.5636717 ], [ 27.0303267, -18.5637033 ], [ 27.0302664, -18.5637021 ] ] ] ] } },
{ "type": "Feature", "properties": { "full_id": "w484427008", "osm_id": "484427008", "osm_type": "way", "waterway": null, "building": "yes", "name": null, "amenity": null, "brand": null, "wheelchair": null, "tourism": null }, "geometry": { "type": "MultiPolygon", "coordinates": [ [ [ [ 27.0302262, -18.563655 ], [ 27.0301962, -18.563618 ], [ 27.0302365, -18.5635888 ], [ 27.0302664, -18.5636258 ], [ 27.0302262, -18.563655 ] ] ] ] } },
{ "type": "Feature", "properties": { "full_id": "w484459052", "osm_id": "484459052", "osm_type": "way", "waterway": null, "building": "residential", "name": null, "amenity": null, "brand": null, "wheelchair": null, "tourism": null }, "geometry": { "type": "MultiPolygon", "coordinates": [ [ [ [ 27.0528741, -18.589114 ], [ 27.0528587, -18.5890901 ], [ 27.0528593, -18.5890758 ], [ 27.0528767, -18.5890532 ], [ 27.0529059, -18.5890488 ], [ 27.0529196, -18.5890548 ], [ 27.052935, -18.5890787 ], [ 27.0529281, -18.589106 ], [ 27.0529029, -18.5891206 ], [ 27.0528741, -18.589114 ] ] ] ] } },
{ "type": "Feature", "properties": { "full_id": "w484459053", "osm_id": "484459053", "osm_type": "way", "waterway": null, "building": "yes", "name": null, "amenity": null, "brand": null, "wheelchair": null, "tourism": null }, "geometry": { "type": "MultiPolygon", "coordinates": [ [ [ [ 27.0530072, -18.5892242 ], [ 27.0530461, -18.5891874 ], [ 27.0530974, -18.589236 ], [ 27.0530585, -18.5892729 ], [ 27.0530072, -18.5892242 ] ] ] ] } },
{ "type": "Feature", "properties": { "full_id": "w484462386", "osm_id": "484462386", "osm_type": "way", "waterway": null, "building": "yes", "name": null, "amenity": null, "brand": null, "wheelchair": null, "tourism": null }, "geometry": { "type": "MultiPolygon", "coordinates": [ [ [ [ 26.9935459, -18.6313548 ], [ 26.993497, -18.6315079 ], [ 26.9933501, -18.6314658 ], [ 26.993399, -18.6313126 ], [ 26.9935459, -18.6313548 ] ] ] ] } },
{ "type": "Feature", "properties": { "full_id": "w484462388", "osm_id": "484462388", "osm_type": "way", "waterway": null, "building": "yes", "name": null, "amenity": null, "brand": null, "wheelchair": null, "tourism": null }, "geometry": { "type": "MultiPolygon", "coordinates": [ [ [ [ 26.993096, -18.6313008 ], [ 26.9932414, -18.6313076 ], [ 26.9932374, -18.6313845 ], [ 26.993092, -18.6313777 ], [ 26.993096, -18.6313008 ] ] ] ] } },
{ "type": "Feature", "properties": { "full_id": "w484462390", "osm_id": "484462390", "osm_type": "way", "waterway": null, "building": "yes", "name": null, "amenity": null, "brand": null, "wheelchair": null, "tourism": null }, "geometry": { "type": "MultiPolygon", "coordinates": [ [ [ [ 26.9926641, -18.6309736 ], [ 26.9926186, -18.6308798 ], [ 26.9927205, -18.6308354 ], [ 26.9927661, -18.6309291 ], [ 26.9926641, -18.6309736 ] ] ] ] } },
{ "type": "Feature", "properties": { "full_id": "w484462392", "osm_id": "484462392", "osm_type": "way", "waterway": null, "building": "yes", "name": null, "amenity": null, "brand": null, "wheelchair": null, "tourism": null }, "geometry": { "type": "MultiPolygon", "coordinates": [ [ [ [ 26.9926051, -18.6308732 ], [ 26.9925455, -18.6307884 ], [ 26.992626, -18.6307376 ], [ 26.9926856, -18.6308223 ], [ 26.9926051, -18.6308732 ] ] ] ] } },
{ "type": "Feature", "properties": { "full_id": "w484462394", "osm_id": "484462394", "osm_type": "way", "waterway": null, "building": "yes", "name": null, "amenity": null, "brand": null, "wheelchair": null, "tourism": null }, "geometry": { "type": "MultiPolygon", "coordinates": [ [ [ [ 26.9924469, -18.6307473 ], [ 26.99241, -18.6306563 ], [ 26.9925079, -18.6306207 ], [ 26.9925448, -18.6307118 ], [ 26.9924469, -18.6307473 ] ] ] ] } },
{ "type": "Feature", "properties": { "full_id": "w484462396", "osm_id": "484462396", "osm_type": "way", "waterway": null, "building": "yes", "name": null, "amenity": null, "brand": null, "wheelchair": null, "tourism": null }, "geometry": { "type": "MultiPolygon", "coordinates": [ [ [ [ 26.9927781, -18.6310936 ], [ 26.9927198, -18.631147 ], [ 26.9926275, -18.6310565 ], [ 26.9926859, -18.6310031 ], [ 26.9927781, -18.6310936 ] ] ] ] } },
{ "type": "Feature", "properties": { "full_id": "w484462398", "osm_id": "484462398", "osm_type": "way", "waterway": null, "building": "yes", "name": null, "amenity": null, "brand": null, "wheelchair": null, "tourism": null }, "geometry": { "type": "MultiPolygon", "coordinates": [ [ [ [ 26.9927627, -18.631161 ], [ 26.9928161, -18.6310907 ], [ 26.9930119, -18.6312241 ], [ 26.9929585, -18.6312944 ], [ 26.9927627, -18.631161 ] ] ] ] } },
{ "type": "Feature", "properties": { "full_id": "w484462401", "osm_id": "484462401", "osm_type": "way", "waterway": null, "building": "yes", "name": null, "amenity": null, "brand": null, "wheelchair": null, "tourism": null }, "geometry": { "type": "MultiPolygon", "coordinates": [ [ [ [ 26.9929029, -18.6317783 ], [ 26.9929713, -18.6318453 ], [ 26.992932, -18.6318813 ], [ 26.9928636, -18.6318143 ], [ 26.9929029, -18.6317783 ] ] ] ] } },
{ "type": "Feature", "properties": { "full_id": "w484462403", "osm_id": "484462403", "osm_type": "way", "waterway": null, "building": "yes", "name": null, "amenity": null, "brand": null, "wheelchair": null, "tourism": null }, "geometry": { "type": "MultiPolygon", "coordinates": [ [ [ [ 26.9929976, -18.6318029 ], [ 26.9929738, -18.6318296 ], [ 26.99293, -18.6317946 ], [ 26.9929538, -18.6317679 ], [ 26.9929976, -18.6318029 ] ] ] ] } },
{ "type": "Feature", "properties": { "full_id": "w484462405", "osm_id": "484462405", "osm_type": "way", "waterway": null, "building": "yes", "name": null, "amenity": null, "brand": null, "wheelchair": null, "tourism": null }, "geometry": { "type": "MultiPolygon", "coordinates": [ [ [ [ 26.9929942, -18.6318233 ], [ 26.9930233, -18.6318433 ], [ 26.9929941, -18.6318812 ], [ 26.9929651, -18.6318612 ], [ 26.9929942, -18.6318233 ] ] ] ] } },
{ "type": "Feature", "properties": { "full_id": "w484502338", "osm_id": "484502338", "osm_type": "way", "waterway": null, "building": "yes", "name": null, "amenity": null, "brand": null, "wheelchair": null, "tourism": null }, "geometry": { "type": "MultiPolygon", "coordinates": [ [ [ [ 27.0564867, -18.576436 ], [ 27.0564681, -18.5764245 ], [ 27.0564645, -18.5764032 ], [ 27.056479, -18.5763865 ], [ 27.056498, -18.5763846 ], [ 27.0565138, -18.5763948 ], [ 27.0565187, -18.5764135 ], [ 27.0565078, -18.5764312 ], [ 27.0564867, -18.576436 ] ] ] ] } },
{ "type": "Feature", "properties": { "full_id": "w484502340", "osm_id": "484502340", "osm_type": "way", "waterway": null, "building": "yes", "name": null, "amenity": null, "brand": null, "wheelchair": null, "tourism": null }, "geometry": { "type": "MultiPolygon", "coordinates": [ [ [ [ 27.0563926, -18.5763902 ], [ 27.0563974, -18.5763809 ], [ 27.0564159, -18.5763707 ], [ 27.0564373, -18.5763762 ], [ 27.0564448, -18.5763849 ], [ 27.0564459, -18.5764068 ], [ 27.0564294, -18.5764221 ], [ 27.0564097, -18.576422 ], [ 27.0563949, -18.5764095 ], [ 27.0563926, -18.5763902 ] ] ] ] } },
{ "type": "Feature", "properties": { "full_id": "w484502343", "osm_id": "484502343", "osm_type": "way", "waterway": null, "building": "yes", "name": null, "amenity": null, "brand": null, "wheelchair": null, "tourism": null }, "geometry": { "type": "MultiPolygon", "coordinates": [ [ [ [ 27.0563356, -18.576506 ], [ 27.0563329, -18.5764724 ], [ 27.0563691, -18.5764699 ], [ 27.0563718, -18.5765035 ], [ 27.0563356, -18.576506 ] ] ] ] } },
{ "type": "Feature", "properties": { "full_id": "w484502344", "osm_id": "484502344", "osm_type": "way", "waterway": null, "building": "yes", "name": null, "amenity": null, "brand": null, "wheelchair": null, "tourism": null }, "geometry": { "type": "MultiPolygon", "coordinates": [ [ [ [ 27.0563114, -18.5763547 ], [ 27.0563543, -18.5763547 ], [ 27.0563543, -18.5763929 ], [ 27.0563114, -18.5763929 ], [ 27.0563114, -18.5763547 ] ] ] ] } },
{ "type": "Feature", "properties": { "full_id": "w484502346", "osm_id": "484502346", "osm_type": "way", "waterway": null, "building": "yes", "name": null, "amenity": null, "brand": null, "wheelchair": null, "tourism": null }, "geometry": { "type": "MultiPolygon", "coordinates": [ [ [ [ 27.0565448, -18.576506 ], [ 27.0566371, -18.5765038 ], [ 27.0566384, -18.5765547 ], [ 27.0565461, -18.5765568 ], [ 27.0565448, -18.576506 ] ] ] ] } },
{ "type": "Feature", "properties": { "full_id": "w484502348", "osm_id": "484502348", "osm_type": "way", "waterway": null, "building": "yes", "name": null, "amenity": null, "brand": null, "wheelchair": null, "tourism": null }, "geometry": { "type": "MultiPolygon", "coordinates": [ [ [ [ 27.0564495, -18.5765327 ], [ 27.0564526, -18.5764783 ], [ 27.0565277, -18.5764821 ], [ 27.0565246, -18.5765365 ], [ 27.0564495, -18.5765327 ] ] ] ] } },
{ "type": "Feature", "properties": { "full_id": "w484502349", "osm_id": "484502349", "osm_type": "way", "waterway": null, "building": "yes", "name": null, "amenity": null, "brand": null, "wheelchair": null, "tourism": null }, "geometry": { "type": "MultiPolygon", "coordinates": [ [ [ [ 27.0565166, -18.5763712 ], [ 27.0565294, -18.5762723 ], [ 27.0566501, -18.5762863 ], [ 27.0566373, -18.5763852 ], [ 27.0565166, -18.5763712 ] ] ] ] } },
{ "type": "Feature", "properties": { "full_id": "w484502351", "osm_id": "484502351", "osm_type": "way", "waterway": null, "building": "yes", "name": null, "amenity": null, "brand": null, "wheelchair": null, "tourism": null }, "geometry": { "type": "MultiPolygon", "coordinates": [ [ [ [ 27.0554437, -18.5776908 ], [ 27.0554455, -18.5776639 ], [ 27.0554681, -18.5776477 ], [ 27.0554942, -18.5776521 ], [ 27.0555086, -18.5776712 ], [ 27.0555055, -18.5776947 ], [ 27.055486, -18.57771 ], [ 27.0554608, -18.5777084 ], [ 27.0554437, -18.5776908 ] ] ] ] } },
{ "type": "Feature", "properties": { "full_id": "w484502353", "osm_id": "484502353", "osm_type": "way", "waterway": null, "building": "yes", "name": null, "amenity": null, "brand": null, "wheelchair": null, "tourism": null }, "geometry": { "type": "MultiPolygon", "coordinates": [ [ [ [ 27.0555282, -18.5776835 ], [ 27.0555282, -18.5776472 ], [ 27.0555604, -18.5776472 ], [ 27.0555604, -18.5776835 ], [ 27.0555282, -18.5776835 ] ] ] ] } },
{ "type": "Feature", "properties": { "full_id": "w484502355", "osm_id": "484502355", "osm_type": "way", "waterway": null, "building": "yes", "name": null, "amenity": null, "brand": null, "wheelchair": null, "tourism": null }, "geometry": { "type": "MultiPolygon", "coordinates": [ [ [ [ 27.0555336, -18.5778243 ], [ 27.0555313, -18.5777739 ], [ 27.0555943, -18.5777713 ], [ 27.0555966, -18.5778217 ], [ 27.0555336, -18.5778243 ] ] ] ] } },
{ "type": "Feature", "properties": { "full_id": "w484502357", "osm_id": "484502357", "osm_type": "way", "waterway": null, "building": "yes", "name": null, "amenity": null, "brand": null, "wheelchair": null, "tourism": null }, "geometry": { "type": "MultiPolygon", "coordinates": [ [ [ [ 27.0555604, -18.577612 ], [ 27.0555953, -18.5776158 ], [ 27.0555918, -18.5776443 ], [ 27.0555569, -18.5776405 ], [ 27.0555604, -18.577612 ] ] ] ] } },
{ "type": "Feature", "properties": { "full_id": "w484502358", "osm_id": "484502358", "osm_type": "way", "waterway": null, "building": "yes", "name": null, "amenity": null, "brand": null, "wheelchair": null, "tourism": null }, "geometry": { "type": "MultiPolygon", "coordinates": [ [ [ [ 27.0553525, -18.5775802 ], [ 27.0554182, -18.5775662 ], [ 27.0554283, -18.5776086 ], [ 27.0553626, -18.5776226 ], [ 27.0553525, -18.5775802 ] ] ] ] } },
{ "type": "Feature", "properties": { "full_id": "w484502360", "osm_id": "484502360", "osm_type": "way", "waterway": null, "building": "yes", "name": null, "amenity": null, "brand": null, "wheelchair": null, "tourism": null }, "geometry": { "type": "MultiPolygon", "coordinates": [ [ [ [ 27.0545385, -18.5780213 ], [ 27.0545881, -18.5780149 ], [ 27.0545939, -18.578056 ], [ 27.0545443, -18.5780623 ], [ 27.0545385, -18.5780213 ] ] ] ] } },
{ "type": "Feature", "properties": { "full_id": "w484502361", "osm_id": "484502361", "osm_type": "way", "waterway": null, "building": "yes", "name": null, "amenity": null, "brand": null, "wheelchair": null, "tourism": null }, "geometry": { "type": "MultiPolygon", "coordinates": [ [ [ [ 27.0545814, -18.5779082 ], [ 27.0545629, -18.5779067 ], [ 27.0545655, -18.5778762 ], [ 27.0545841, -18.5778776 ], [ 27.0545814, -18.5779082 ] ] ] ] } },
{ "type": "Feature", "properties": { "full_id": "w484502363", "osm_id": "484502363", "osm_type": "way", "waterway": null, "building": "yes", "name": null, "amenity": null, "brand": null, "wheelchair": null, "tourism": null }, "geometry": { "type": "MultiPolygon", "coordinates": [ [ [ [ 27.0546028, -18.5778281 ], [ 27.0546243, -18.5778611 ], [ 27.0545989, -18.5778759 ], [ 27.0545775, -18.5778429 ], [ 27.0546028, -18.5778281 ] ] ] ] } },
{ "type": "Feature", "properties": { "full_id": "w484502365", "osm_id": "484502365", "osm_type": "way", "waterway": null, "building": "yes", "name": null, "amenity": null, "brand": null, "wheelchair": null, "tourism": null }, "geometry": { "type": "MultiPolygon", "coordinates": [ [ [ [ 27.0546082, -18.5779374 ], [ 27.0546189, -18.5778865 ], [ 27.0546914, -18.5779003 ], [ 27.0546807, -18.5779511 ], [ 27.0546082, -18.5779374 ] ] ] ] } },
{ "type": "Feature", "properties": { "full_id": "w484502366", "osm_id": "484502366", "osm_type": "way", "waterway": null, "building": "yes", "name": null, "amenity": null, "brand": null, "wheelchair": null, "tourism": null }, "geometry": { "type": "MultiPolygon", "coordinates": [ [ [ [ 27.054513, -18.5779107 ], [ 27.0545066, -18.5778593 ], [ 27.0545522, -18.5778542 ], [ 27.0545586, -18.5779056 ], [ 27.054513, -18.5779107 ] ] ] ] } },
{ "type": "Feature", "properties": { "full_id": "w484502368", "osm_id": "484502368", "osm_type": "way", "waterway": null, "building": "yes", "name": null, "amenity": null, "brand": null, "wheelchair": null, "tourism": null }, "geometry": { "type": "MultiPolygon", "coordinates": [ [ [ [ 27.0544473, -18.5778904 ], [ 27.0544942, -18.5778935 ], [ 27.0544902, -18.5779481 ], [ 27.0544433, -18.577945 ], [ 27.0544473, -18.5778904 ] ] ] ] } },
{ "type": "Feature", "properties": { "full_id": "w484502369", "osm_id": "484502369", "osm_type": "way", "waterway": null, "building": "yes", "name": null, "amenity": null, "brand": null, "wheelchair": null, "tourism": null }, "geometry": { "type": "MultiPolygon", "coordinates": [ [ [ [ 27.054277, -18.577851 ], [ 27.0542559, -18.5778174 ], [ 27.0542988, -18.5777932 ], [ 27.0543199, -18.5778268 ], [ 27.054277, -18.577851 ] ] ] ] } },
{ "type": "Feature", "properties": { "full_id": "w484502371", "osm_id": "484502371", "osm_type": "way", "waterway": null, "building": "yes", "name": null, "amenity": null, "brand": null, "wheelchair": null, "tourism": null }, "geometry": { "type": "MultiPolygon", "coordinates": [ [ [ [ 27.0543199, -18.5779145 ], [ 27.0543228, -18.5778685 ], [ 27.0543886, -18.5778723 ], [ 27.0543856, -18.5779183 ], [ 27.0543199, -18.5779145 ] ] ] ] } },
{ "type": "Feature", "properties": { "full_id": "w484502373", "osm_id": "484502373", "osm_type": "way", "waterway": null, "building": "yes", "name": null, "amenity": null, "brand": null, "wheelchair": null, "tourism": null }, "geometry": { "type": "MultiPolygon", "coordinates": [ [ [ [ 27.0544687, -18.5776946 ], [ 27.0545304, -18.5776882 ], [ 27.0545365, -18.5777409 ], [ 27.0544748, -18.5777472 ], [ 27.0544687, -18.5776946 ] ] ] ] } },
{ "type": "Feature", "properties": { "full_id": "w484502586", "osm_id": "484502586", "osm_type": "way", "waterway": null, "building": "yes", "name": null, "amenity": null, "brand": null, "wheelchair": null, "tourism": null }, "geometry": { "type": "MultiPolygon", "coordinates": [ [ [ [ 27.0564576, -18.5782031 ], [ 27.0564599, -18.5781511 ], [ 27.0565243, -18.5781536 ], [ 27.056522, -18.5782056 ], [ 27.0564576, -18.5782031 ] ] ] ] } },
{ "type": "Feature", "properties": { "full_id": "w484547782", "osm_id": "484547782", "osm_type": "way", "waterway": null, "building": "yes", "name": null, "amenity": null, "brand": null, "wheelchair": null, "tourism": null }, "geometry": { "type": "MultiPolygon", "coordinates": [ [ [ [ 27.0578926, -18.5751449 ], [ 27.0579074, -18.5751195 ], [ 27.0579412, -18.5751371 ], [ 27.0579264, -18.5751625 ], [ 27.0578926, -18.5751449 ] ] ] ] } },
{ "type": "Feature", "properties": { "full_id": "w484547784", "osm_id": "484547784", "osm_type": "way", "waterway": null, "building": "yes", "name": null, "amenity": null, "brand": null, "wheelchair": null, "tourism": null }, "geometry": { "type": "MultiPolygon", "coordinates": [ [ [ [ 27.0581019, -18.5751462 ], [ 27.0581206, -18.5751131 ], [ 27.0581528, -18.5751295 ], [ 27.058134, -18.5751626 ], [ 27.0581019, -18.5751462 ] ] ] ] } },
{ "type": "Feature", "properties": { "full_id": "w484547786", "osm_id": "484547786", "osm_type": "way", "waterway": null, "building": "yes", "name": null, "amenity": null, "brand": null, "wheelchair": null, "tourism": null }, "geometry": { "type": "MultiPolygon", "coordinates": [ [ [ [ 27.0581474, -18.5749974 ], [ 27.0582038, -18.5750318 ], [ 27.0581701, -18.5750814 ], [ 27.0581138, -18.575047 ], [ 27.0581474, -18.5749974 ] ] ] ] } },
{ "type": "Feature", "properties": { "full_id": "w484547787", "osm_id": "484547787", "osm_type": "way", "waterway": null, "building": "yes", "name": null, "amenity": null, "brand": null, "wheelchair": null, "tourism": null }, "geometry": { "type": "MultiPolygon", "coordinates": [ [ [ [ 27.0580844, -18.574883 ], [ 27.0580938, -18.5748497 ], [ 27.058134, -18.5748599 ], [ 27.0581246, -18.5748932 ], [ 27.0580844, -18.574883 ] ] ] ] } },
{ "type": "Feature", "properties": { "full_id": "w484547789", "osm_id": "484547789", "osm_type": "way", "waterway": null, "building": "yes", "name": null, "amenity": null, "brand": null, "wheelchair": null, "tourism": null }, "geometry": { "type": "MultiPolygon", "coordinates": [ [ [ [ 27.0576767, -18.5744851 ], [ 27.0576981, -18.5744863 ], [ 27.0576968, -18.5745091 ], [ 27.0576754, -18.574508 ], [ 27.0576767, -18.5744851 ] ] ] ] } },
{ "type": "Feature", "properties": { "full_id": "w484547791", "osm_id": "484547791", "osm_type": "way", "waterway": null, "building": "yes", "name": null, "amenity": null, "brand": null, "wheelchair": null, "tourism": null }, "geometry": { "type": "MultiPolygon", "coordinates": [ [ [ [ 27.0577384, -18.574475 ], [ 27.0577408, -18.5744383 ], [ 27.0577837, -18.5744409 ], [ 27.0577813, -18.5744775 ], [ 27.0577384, -18.574475 ] ] ] ] } },
{ "type": "Feature", "properties": { "full_id": "w484547792", "osm_id": "484547792", "osm_type": "way", "waterway": null, "building": "yes", "name": null, "amenity": null, "brand": null, "wheelchair": null, "tourism": null }, "geometry": { "type": "MultiPolygon", "coordinates": [ [ [ [ 27.0578444, -18.5745055 ], [ 27.0578825, -18.5745089 ], [ 27.0578785, -18.5745495 ], [ 27.0578403, -18.5745461 ], [ 27.0578444, -18.5745055 ] ] ] ] } },
{ "type": "Feature", "properties": { "full_id": "w484547796", "osm_id": "484547796", "osm_type": "way", "waterway": null, "building": "yes", "name": null, "amenity": null, "brand": null, "wheelchair": null, "tourism": null }, "geometry": { "type": "MultiPolygon", "coordinates": [ [ [ [ 27.0577022, -18.5743504 ], [ 27.0577048, -18.5743212 ], [ 27.0578, -18.5743289 ], [ 27.0577974, -18.574358 ], [ 27.0577022, -18.5743504 ] ] ] ] } },
{ "type": "Feature", "properties": { "full_id": "w484548511", "osm_id": "484548511", "osm_type": "way", "waterway": null, "building": "yes", "name": null, "amenity": null, "brand": null, "wheelchair": null, "tourism": null }, "geometry": { "type": "MultiPolygon", "coordinates": [ [ [ [ 27.0634312, -18.5727933 ], [ 27.0634411, -18.5727841 ], [ 27.0634548, -18.5727831 ], [ 27.063466, -18.5727907 ], [ 27.0634695, -18.5728033 ], [ 27.0634635, -18.5728151 ], [ 27.063451, -18.5728205 ], [ 27.0634377, -18.572817 ], [ 27.0634299, -18.5728062 ], [ 27.0634312, -18.5727933 ] ] ] ] } },
{ "type": "Feature", "properties": { "full_id": "w484548513", "osm_id": "484548513", "osm_type": "way", "waterway": null, "building": "yes", "name": null, "amenity": null, "brand": null, "wheelchair": null, "tourism": null }, "geometry": { "type": "MultiPolygon", "coordinates": [ [ [ [ 27.0633333, -18.5727691 ], [ 27.0633432, -18.5727599 ], [ 27.0633569, -18.5727589 ], [ 27.0633681, -18.5727665 ], [ 27.0633716, -18.5727791 ], [ 27.0633656, -18.5727909 ], [ 27.0633531, -18.5727963 ], [ 27.0633398, -18.5727929 ], [ 27.063332, -18.5727821 ], [ 27.0633333, -18.5727691 ] ] ] ] } },
{ "type": "Feature", "properties": { "full_id": "w484548517", "osm_id": "484548517", "osm_type": "way", "waterway": null, "building": "yes", "name": null, "amenity": null, "brand": null, "wheelchair": null, "tourism": null }, "geometry": { "type": "MultiPolygon", "coordinates": [ [ [ [ 27.0634226, -18.5727117 ], [ 27.0634357, -18.5726996 ], [ 27.0634539, -18.5726982 ], [ 27.0634688, -18.5727083 ], [ 27.0634733, -18.5727251 ], [ 27.0634655, -18.5727407 ], [ 27.0634488, -18.5727479 ], [ 27.0634312, -18.5727433 ], [ 27.0634209, -18.572729 ], [ 27.0634226, -18.5727117 ] ] ] ] } },
{ "type": "Feature", "properties": { "full_id": "w484548519", "osm_id": "484548519", "osm_type": "way", "waterway": null, "building": "yes", "name": null, "amenity": null, "brand": null, "wheelchair": null, "tourism": null }, "geometry": { "type": "MultiPolygon", "coordinates": [ [ [ [ 27.0641997, -18.5726293 ], [ 27.0642095, -18.5726201 ], [ 27.0642233, -18.5726191 ], [ 27.0642345, -18.5726267 ], [ 27.0642379, -18.5726393 ], [ 27.064232, -18.5726511 ], [ 27.0642195, -18.5726565 ], [ 27.0642062, -18.572653 ], [ 27.0641984, -18.5726423 ], [ 27.0641997, -18.5726293 ] ] ] ] } },
{ "type": "Feature", "properties": { "full_id": "w484548522", "osm_id": "484548522", "osm_type": "way", "waterway": null, "building": "yes", "name": null, "amenity": null, "brand": null, "wheelchair": null, "tourism": null }, "geometry": { "type": "MultiPolygon", "coordinates": [ [ [ [ 27.0642573, -18.5726749 ], [ 27.0642671, -18.5726657 ], [ 27.0642808, -18.5726647 ], [ 27.064292, -18.5726723 ], [ 27.0642955, -18.5726849 ], [ 27.0642895, -18.5726967 ], [ 27.064277, -18.5727021 ], [ 27.0642637, -18.5726987 ], [ 27.0642559, -18.5726879 ], [ 27.0642573, -18.5726749 ] ] ] ] } },
{ "type": "Feature", "properties": { "full_id": "w484548524", "osm_id": "484548524", "osm_type": "way", "waterway": null, "building": "yes", "name": null, "amenity": null, "brand": null, "wheelchair": null, "tourism": null }, "geometry": { "type": "MultiPolygon", "coordinates": [ [ [ [ 27.0643318, -18.572664 ], [ 27.0643455, -18.5726512 ], [ 27.0643648, -18.5726497 ], [ 27.0643805, -18.5726604 ], [ 27.0643853, -18.572678 ], [ 27.064377, -18.5726945 ], [ 27.0643595, -18.5727021 ], [ 27.0643409, -18.5726972 ], [ 27.06433, -18.5726822 ], [ 27.0643318, -18.572664 ] ] ] ] } },
{ "type": "Feature", "properties": { "full_id": "w484548526", "osm_id": "484548526", "osm_type": "way", "waterway": null, "building": "yes", "name": null, "amenity": null, "brand": null, "wheelchair": null, "tourism": null }, "geometry": { "type": "MultiPolygon", "coordinates": [ [ [ [ 27.0643144, -18.5725763 ], [ 27.0643281, -18.5725635 ], [ 27.0643473, -18.572562 ], [ 27.064363, -18.5725726 ], [ 27.0643679, -18.5725903 ], [ 27.0643596, -18.5726068 ], [ 27.064342, -18.5726144 ], [ 27.0643234, -18.5726095 ], [ 27.0643125, -18.5725945 ], [ 27.0643144, -18.5725763 ] ] ] ] } },
{ "type": "Feature", "properties": { "full_id": "w484548528", "osm_id": "484548528", "osm_type": "way", "waterway": null, "building": "yes", "name": null, "amenity": null, "brand": null, "wheelchair": null, "tourism": null }, "geometry": { "type": "MultiPolygon", "coordinates": [ [ [ [ 27.0634145, -18.5726157 ], [ 27.0634282, -18.5726029 ], [ 27.0634475, -18.5726014 ], [ 27.0634631, -18.572612 ], [ 27.063468, -18.5726297 ], [ 27.0634597, -18.5726462 ], [ 27.0634421, -18.5726538 ], [ 27.0634236, -18.5726489 ], [ 27.0634126, -18.5726339 ], [ 27.0634145, -18.5726157 ] ] ] ] } },
{ "type": "Feature", "properties": { "full_id": "w484548530", "osm_id": "484548530", "osm_type": "way", "waterway": null, "building": "yes", "name": null, "amenity": null, "brand": null, "wheelchair": null, "tourism": null }, "geometry": { "type": "MultiPolygon", "coordinates": [ [ [ [ 27.0633269, -18.572631 ], [ 27.0633407, -18.5726182 ], [ 27.0633599, -18.5726168 ], [ 27.0633756, -18.5726274 ], [ 27.0633804, -18.5726451 ], [ 27.0633721, -18.5726616 ], [ 27.0633546, -18.5726691 ], [ 27.063336, -18.5726643 ], [ 27.0633251, -18.5726492 ], [ 27.0633269, -18.572631 ] ] ] ] } },
{ "type": "Feature", "properties": { "full_id": "w484548621", "osm_id": "484548621", "osm_type": "way", "waterway": null, "building": "yes", "name": null, "amenity": null, "brand": null, "wheelchair": null, "tourism": null }, "geometry": { "type": "MultiPolygon", "coordinates": [ [ [ [ 27.066073, -18.5733623 ], [ 27.0660867, -18.5733495 ], [ 27.0661059, -18.573348 ], [ 27.0661216, -18.5733586 ], [ 27.0661265, -18.5733763 ], [ 27.0661182, -18.5733928 ], [ 27.0661006, -18.5734004 ], [ 27.066082, -18.5733955 ], [ 27.0660711, -18.5733805 ], [ 27.066073, -18.5733623 ] ] ] ] } },
{ "type": "Feature", "properties": { "full_id": "w484548622", "osm_id": "484548622", "osm_type": "way", "waterway": null, "building": "yes", "name": null, "amenity": null, "brand": null, "wheelchair": null, "tourism": null }, "geometry": { "type": "MultiPolygon", "coordinates": [ [ [ [ 27.0660099, -18.5732758 ], [ 27.0660236, -18.573263 ], [ 27.0660428, -18.5732615 ], [ 27.0660585, -18.5732721 ], [ 27.0660634, -18.5732898 ], [ 27.0660551, -18.5733063 ], [ 27.0660375, -18.5733139 ], [ 27.0660189, -18.573309 ], [ 27.066008, -18.573294 ], [ 27.0660099, -18.5732758 ] ] ] ] } },
{ "type": "Feature", "properties": { "full_id": "w484548623", "osm_id": "484548623", "osm_type": "way", "waterway": null, "building": "yes", "name": null, "amenity": null, "brand": null, "wheelchair": null, "tourism": null }, "geometry": { "type": "MultiPolygon", "coordinates": [ [ [ [ 27.065911, -18.5733487 ], [ 27.0659372, -18.573324 ], [ 27.0659774, -18.5733621 ], [ 27.0659513, -18.5733869 ], [ 27.065911, -18.5733487 ] ] ] ] } },
{ "type": "Feature", "properties": { "full_id": "w484548624", "osm_id": "484548624", "osm_type": "way", "waterway": null, "building": "yes", "name": null, "amenity": null, "brand": null, "wheelchair": null, "tourism": null }, "geometry": { "type": "MultiPolygon", "coordinates": [ [ [ [ 27.0662118, -18.5723174 ], [ 27.0662183, -18.572283 ], [ 27.0662494, -18.5722883 ], [ 27.0662554, -18.5722566 ], [ 27.0662914, -18.5722628 ], [ 27.0662788, -18.5723289 ], [ 27.0662118, -18.5723174 ] ] ] ] } },
{ "type": "Feature", "properties": { "full_id": "w484548625", "osm_id": "484548625", "osm_type": "way", "waterway": null, "building": "yes", "name": null, "amenity": null, "brand": null, "wheelchair": null, "tourism": null }, "geometry": { "type": "MultiPolygon", "coordinates": [ [ [ [ 27.06608, -18.5721695 ], [ 27.0660937, -18.5721567 ], [ 27.0661129, -18.5721552 ], [ 27.0661286, -18.5721658 ], [ 27.0661335, -18.5721835 ], [ 27.0661252, -18.5722 ], [ 27.0661076, -18.5722076 ], [ 27.066089, -18.5722027 ], [ 27.0660781, -18.5721877 ], [ 27.06608, -18.5721695 ] ] ] ] } },
{ "type": "Feature", "properties": { "full_id": "w484548626", "osm_id": "484548626", "osm_type": "way", "waterway": null, "building": "yes", "name": null, "amenity": null, "brand": null, "wheelchair": null, "tourism": null }, "geometry": { "type": "MultiPolygon", "coordinates": [ [ [ [ 27.0662329, -18.5721733 ], [ 27.0662466, -18.5721605 ], [ 27.0662658, -18.572159 ], [ 27.0662815, -18.5721696 ], [ 27.0662864, -18.5721873 ], [ 27.0662781, -18.5722038 ], [ 27.0662605, -18.5722114 ], [ 27.0662419, -18.5722065 ], [ 27.066231, -18.5721915 ], [ 27.0662329, -18.5721733 ] ] ] ] } },
{ "type": "Feature", "properties": { "full_id": "w484548627", "osm_id": "484548627", "osm_type": "way", "waterway": null, "building": "yes", "name": null, "amenity": null, "brand": null, "wheelchair": null, "tourism": null }, "geometry": { "type": "MultiPolygon", "coordinates": [ [ [ [ 27.06538, -18.5727645 ], [ 27.0653937, -18.5727517 ], [ 27.0654129, -18.5727502 ], [ 27.0654286, -18.5727608 ], [ 27.0654335, -18.5727785 ], [ 27.0654252, -18.572795 ], [ 27.0654076, -18.5728026 ], [ 27.065389, -18.5727977 ], [ 27.0653781, -18.5727827 ], [ 27.06538, -18.5727645 ] ] ] ] } },
{ "type": "Feature", "properties": { "full_id": "w484548628", "osm_id": "484548628", "osm_type": "way", "waterway": null, "building": "yes", "name": null, "amenity": null, "brand": null, "wheelchair": null, "tourism": null }, "geometry": { "type": "MultiPolygon", "coordinates": [ [ [ [ 27.0654752, -18.5728229 ], [ 27.0654889, -18.5728101 ], [ 27.0655081, -18.5728086 ], [ 27.0655238, -18.5728192 ], [ 27.0655287, -18.5728369 ], [ 27.0655204, -18.5728534 ], [ 27.0655028, -18.572861 ], [ 27.0654842, -18.5728561 ], [ 27.0654733, -18.5728411 ], [ 27.0654752, -18.5728229 ] ] ] ] } },
{ "type": "Feature", "properties": { "full_id": "w484548629", "osm_id": "484548629", "osm_type": "way", "waterway": null, "building": "yes", "name": null, "amenity": null, "brand": null, "wheelchair": null, "tourism": null }, "geometry": { "type": "MultiPolygon", "coordinates": [ [ [ [ 27.0650836, -18.5727861 ], [ 27.0650973, -18.5727733 ], [ 27.0651165, -18.5727718 ], [ 27.0651322, -18.5727824 ], [ 27.0651371, -18.5728001 ], [ 27.0651288, -18.5728166 ], [ 27.0651112, -18.5728242 ], [ 27.0650926, -18.5728193 ], [ 27.0650817, -18.5728043 ], [ 27.0650836, -18.5727861 ] ] ] ] } },
{ "type": "Feature", "properties": { "full_id": "w484548630", "osm_id": "484548630", "osm_type": "way", "waterway": null, "building": "yes", "name": null, "amenity": null, "brand": null, "wheelchair": null, "tourism": null }, "geometry": { "type": "MultiPolygon", "coordinates": [ [ [ [ 27.0649454, -18.5727899 ], [ 27.0649591, -18.5727771 ], [ 27.0649783, -18.5727756 ], [ 27.064994, -18.5727862 ], [ 27.0649989, -18.5728039 ], [ 27.0649906, -18.5728204 ], [ 27.064973, -18.572828 ], [ 27.0649544, -18.5728231 ], [ 27.0649435, -18.5728081 ], [ 27.0649454, -18.5727899 ] ] ] ] } },
{ "type": "Feature", "properties": { "full_id": "w484548749", "osm_id": "484548749", "osm_type": "way", "waterway": null, "building": "yes", "name": null, "amenity": null, "brand": null, "wheelchair": null, "tourism": null }, "geometry": { "type": "MultiPolygon", "coordinates": [ [ [ [ 27.0697031, -18.5716189 ], [ 27.0697326, -18.5716545 ], [ 27.069696, -18.5716817 ], [ 27.0696665, -18.5716461 ], [ 27.0697031, -18.5716189 ] ] ] ] } },
{ "type": "Feature", "properties": { "full_id": "w484548750", "osm_id": "484548750", "osm_type": "way", "waterway": null, "building": "yes", "name": null, "amenity": null, "brand": null, "wheelchair": null, "tourism": null }, "geometry": { "type": "MultiPolygon", "coordinates": [ [ [ [ 27.0701118, -18.5715314 ], [ 27.0701819, -18.5714702 ], [ 27.0702342, -18.5715241 ], [ 27.0701642, -18.5715853 ], [ 27.0701118, -18.5715314 ] ] ] ] } },
{ "type": "Feature", "properties": { "full_id": "w484548751", "osm_id": "484548751", "osm_type": "way", "waterway": null, "building": "yes", "name": null, "amenity": null, "brand": null, "wheelchair": null, "tourism": null }, "geometry": { "type": "MultiPolygon", "coordinates": [ [ [ [ 27.0700236, -18.5716697 ], [ 27.0699802, -18.5716167 ], [ 27.0700459, -18.5715684 ], [ 27.0700893, -18.5716214 ], [ 27.0700236, -18.5716697 ] ] ] ] } },
{ "type": "Feature", "properties": { "full_id": "w484548752", "osm_id": "484548752", "osm_type": "way", "waterway": null, "building": "yes", "name": null, "amenity": null, "brand": null, "wheelchair": null, "tourism": null }, "geometry": { "type": "MultiPolygon", "coordinates": [ [ [ [ 27.0698439, -18.5717307 ], [ 27.0699177, -18.5716774 ], [ 27.0699552, -18.571724 ], [ 27.0698815, -18.5717774 ], [ 27.0698439, -18.5717307 ] ] ] ] } },
{ "type": "Feature", "properties": { "full_id": "w484548753", "osm_id": "484548753", "osm_type": "way", "waterway": null, "building": "yes", "name": null, "amenity": null, "brand": null, "wheelchair": null, "tourism": null }, "geometry": { "type": "MultiPolygon", "coordinates": [ [ [ [ 27.0696857, -18.5717625 ], [ 27.0697196, -18.5717384 ], [ 27.0697558, -18.5717842 ], [ 27.0697219, -18.5718083 ], [ 27.0696857, -18.5717625 ] ] ] ] } },
{ "type": "Feature", "properties": { "full_id": "w484548754", "osm_id": "484548754", "osm_type": "way", "waterway": null, "building": "yes", "name": null, "amenity": null, "brand": null, "wheelchair": null, "tourism": null }, "geometry": { "type": "MultiPolygon", "coordinates": [ [ [ [ 27.0698426, -18.5719659 ], [ 27.0698974, -18.5719321 ], [ 27.0699819, -18.5720555 ], [ 27.0699271, -18.5720892 ], [ 27.0698426, -18.5719659 ] ] ] ] } },
{ "type": "Feature", "properties": { "full_id": "w484548755", "osm_id": "484548755", "osm_type": "way", "waterway": null, "building": "yes", "name": null, "amenity": null, "brand": null, "wheelchair": null, "tourism": null }, "geometry": { "type": "MultiPolygon", "coordinates": [ [ [ [ 27.0690556, -18.5728162 ], [ 27.0690676, -18.572805 ], [ 27.0690843, -18.5728037 ], [ 27.0690979, -18.5728129 ], [ 27.0691022, -18.5728283 ], [ 27.069095, -18.5728427 ], [ 27.0690796, -18.5728493 ], [ 27.0690635, -18.5728451 ], [ 27.069054, -18.572832 ], [ 27.0690556, -18.5728162 ] ] ] ] } },
{ "type": "Feature", "properties": { "full_id": "w484548756", "osm_id": "484548756", "osm_type": "way", "waterway": null, "building": "yes", "name": null, "amenity": null, "brand": null, "wheelchair": null, "tourism": null }, "geometry": { "type": "MultiPolygon", "coordinates": [ [ [ [ 27.0689316, -18.5728388 ], [ 27.0689453, -18.572826 ], [ 27.0689645, -18.5728245 ], [ 27.0689802, -18.5728351 ], [ 27.0689851, -18.5728528 ], [ 27.0689768, -18.5728693 ], [ 27.0689592, -18.5728769 ], [ 27.0689406, -18.572872 ], [ 27.0689297, -18.572857 ], [ 27.0689316, -18.5728388 ] ] ] ] } },
{ "type": "Feature", "properties": { "full_id": "w484548757", "osm_id": "484548757", "osm_type": "way", "waterway": null, "building": "yes", "name": null, "amenity": null, "brand": null, "wheelchair": null, "tourism": null }, "geometry": { "type": "MultiPolygon", "coordinates": [ [ [ [ 27.0690842, -18.5727331 ], [ 27.0691093, -18.5727058 ], [ 27.0691509, -18.5727401 ], [ 27.0691257, -18.5727675 ], [ 27.0690842, -18.5727331 ] ] ] ] } },
{ "type": "Feature", "properties": { "full_id": "w484548758", "osm_id": "484548758", "osm_type": "way", "waterway": null, "building": "yes", "name": null, "amenity": null, "brand": null, "wheelchair": null, "tourism": null }, "geometry": { "type": "MultiPolygon", "coordinates": [ [ [ [ 27.0688213, -18.5729505 ], [ 27.0688381, -18.5729119 ], [ 27.0688837, -18.5729297 ], [ 27.0688669, -18.5729683 ], [ 27.0688213, -18.5729505 ] ] ] ] } },
{ "type": "Feature", "properties": { "full_id": "w484548759", "osm_id": "484548759", "osm_type": "way", "waterway": null, "building": "yes", "name": null, "amenity": null, "brand": null, "wheelchair": null, "tourism": null }, "geometry": { "type": "MultiPolygon", "coordinates": [ [ [ [ 27.0687623, -18.5727573 ], [ 27.0687945, -18.5727382 ], [ 27.0688164, -18.5727715 ], [ 27.0687842, -18.5727905 ], [ 27.0687623, -18.5727573 ] ] ] ] } },
{ "type": "Feature", "properties": { "full_id": "w484548760", "osm_id": "484548760", "osm_type": "way", "waterway": null, "building": "yes", "name": null, "amenity": null, "brand": null, "wheelchair": null, "tourism": null }, "geometry": { "type": "MultiPolygon", "coordinates": [ [ [ [ 27.0688441, -18.5727001 ], [ 27.0688991, -18.5726454 ], [ 27.0689565, -18.5726973 ], [ 27.0689015, -18.5727519 ], [ 27.0688441, -18.5727001 ] ] ] ] } },
{ "type": "Feature", "properties": { "full_id": "w484549342", "osm_id": "484549342", "osm_type": "way", "waterway": null, "building": "yes", "name": null, "amenity": null, "brand": null, "wheelchair": null, "tourism": null }, "geometry": { "type": "MultiPolygon", "coordinates": [ [ [ [ 27.0759162, -18.5699006 ], [ 27.0759484, -18.5698585 ], [ 27.0759873, -18.5698852 ], [ 27.0759551, -18.5699273 ], [ 27.0759162, -18.5699006 ] ] ] ] } },
{ "type": "Feature", "properties": { "full_id": "w484549343", "osm_id": "484549343", "osm_type": "way", "waterway": null, "building": "yes", "name": null, "amenity": null, "brand": null, "wheelchair": null, "tourism": null }, "geometry": { "type": "MultiPolygon", "coordinates": [ [ [ [ 27.0759565, -18.5697938 ], [ 27.0760338, -18.5697429 ], [ 27.0760794, -18.5698052 ], [ 27.0760021, -18.5698561 ], [ 27.0759565, -18.5697938 ] ] ] ] } },
{ "type": "Feature", "properties": { "full_id": "w484549344", "osm_id": "484549344", "osm_type": "way", "waterway": null, "building": "yes", "name": null, "amenity": null, "brand": null, "wheelchair": null, "tourism": null }, "geometry": { "type": "MultiPolygon", "coordinates": [ [ [ [ 27.076104, -18.5699006 ], [ 27.076169, -18.5698817 ], [ 27.0762347, -18.5700851 ], [ 27.0761697, -18.570104 ], [ 27.076104, -18.5699006 ] ] ] ] } },
{ "type": "Feature", "properties": { "full_id": "w484549345", "osm_id": "484549345", "osm_type": "way", "waterway": null, "building": "yes", "name": null, "amenity": null, "brand": null, "wheelchair": null, "tourism": null }, "geometry": { "type": "MultiPolygon", "coordinates": [ [ [ [ 27.0759109, -18.5700468 ], [ 27.0759806, -18.5699921 ], [ 27.0760297, -18.5700484 ], [ 27.07596, -18.5701031 ], [ 27.0759109, -18.5700468 ] ] ] ] } },
{ "type": "Feature", "properties": { "full_id": "w484549346", "osm_id": "484549346", "osm_type": "way", "waterway": null, "building": "yes", "name": null, "amenity": null, "brand": null, "wheelchair": null, "tourism": null }, "geometry": { "type": "MultiPolygon", "coordinates": [ [ [ [ 27.0757285, -18.5700023 ], [ 27.0758195, -18.5700263 ], [ 27.0757915, -18.5701218 ], [ 27.0757005, -18.5700978 ], [ 27.0757285, -18.5700023 ] ] ] ] } },
{ "type": "Feature", "properties": { "full_id": "w484549347", "osm_id": "484549347", "osm_type": "way", "waterway": null, "building": "yes", "name": null, "amenity": null, "brand": null, "wheelchair": null, "tourism": null }, "geometry": { "type": "MultiPolygon", "coordinates": [ [ [ [ 27.0732462, -18.5684889 ], [ 27.0732608, -18.5684753 ], [ 27.0732812, -18.5684737 ], [ 27.0732979, -18.568485 ], [ 27.0733031, -18.5685038 ], [ 27.0732943, -18.5685213 ], [ 27.0732755, -18.5685294 ], [ 27.0732558, -18.5685242 ], [ 27.0732442, -18.5685083 ], [ 27.0732462, -18.5684889 ] ] ] ] } },
{ "type": "Feature", "properties": { "full_id": "w484549348", "osm_id": "484549348", "osm_type": "way", "waterway": null, "building": "yes", "name": null, "amenity": null, "brand": null, "wheelchair": null, "tourism": null }, "geometry": { "type": "MultiPolygon", "coordinates": [ [ [ [ 27.0732367, -18.5686331 ], [ 27.0732904, -18.5686331 ], [ 27.0732904, -18.5686878 ], [ 27.0732367, -18.5686878 ], [ 27.0732367, -18.5686331 ] ] ] ] } },
{ "type": "Feature", "properties": { "full_id": "w484549349", "osm_id": "484549349", "osm_type": "way", "waterway": null, "building": "yes", "name": null, "amenity": null, "brand": null, "wheelchair": null, "tourism": null }, "geometry": { "type": "MultiPolygon", "coordinates": [ [ [ [ 27.0730785, -18.5685047 ], [ 27.0731307, -18.5685034 ], [ 27.073132, -18.568553 ], [ 27.0730798, -18.5685543 ], [ 27.0730785, -18.5685047 ] ] ] ] } },
{ "type": "Feature", "properties": { "full_id": "w484549638", "osm_id": "484549638", "osm_type": "way", "waterway": null, "building": "yes", "name": null, "amenity": null, "brand": null, "wheelchair": null, "tourism": null }, "geometry": { "type": "MultiPolygon", "coordinates": [ [ [ [ 27.0769071, -18.5681538 ], [ 27.0769414, -18.5681376 ], [ 27.0769629, -18.5681782 ], [ 27.0769285, -18.5681945 ], [ 27.0769071, -18.5681538 ] ] ] ] } },
{ "type": "Feature", "properties": { "full_id": "w484549639", "osm_id": "484549639", "osm_type": "way", "waterway": null, "building": "yes", "name": null, "amenity": null, "brand": null, "wheelchair": null, "tourism": null }, "geometry": { "type": "MultiPolygon", "coordinates": [ [ [ [ 27.0768575, -18.5683496 ], [ 27.0769321, -18.5683113 ], [ 27.0770179, -18.5684613 ], [ 27.0769433, -18.5684996 ], [ 27.0768575, -18.5683496 ] ] ] ] } },
{ "type": "Feature", "properties": { "full_id": "w484549909", "osm_id": "484549909", "osm_type": "way", "waterway": null, "building": "yes", "name": null, "amenity": null, "brand": null, "wheelchair": null, "tourism": null }, "geometry": { "type": "MultiPolygon", "coordinates": [ [ [ [ 27.045937, -18.5807262 ], [ 27.0459363, -18.5806673 ], [ 27.0459898, -18.5806667 ], [ 27.0459905, -18.5807256 ], [ 27.045937, -18.5807262 ] ] ] ] } },
{ "type": "Feature", "properties": { "full_id": "w484549910", "osm_id": "484549910", "osm_type": "way", "waterway": null, "building": "yes", "name": null, "amenity": null, "brand": null, "wheelchair": null, "tourism": null }, "geometry": { "type": "MultiPolygon", "coordinates": [ [ [ [ 27.0457974, -18.5807676 ], [ 27.0458031, -18.5807208 ], [ 27.0458677, -18.5807279 ], [ 27.045862, -18.5807747 ], [ 27.0457974, -18.5807676 ] ] ] ] } },
{ "type": "Feature", "properties": { "full_id": "w484549911", "osm_id": "484549911", "osm_type": "way", "waterway": null, "building": "yes", "name": null, "amenity": null, "brand": null, "wheelchair": null, "tourism": null }, "geometry": { "type": "MultiPolygon", "coordinates": [ [ [ [ 27.0457921, -18.5808428 ], [ 27.0457901, -18.5808133 ], [ 27.0458359, -18.5808106 ], [ 27.0458378, -18.5808401 ], [ 27.0457921, -18.5808428 ] ] ] ] } },
{ "type": "Feature", "properties": { "full_id": "w484549912", "osm_id": "484549912", "osm_type": "way", "waterway": null, "building": "yes", "name": null, "amenity": null, "brand": null, "wheelchair": null, "tourism": null }, "geometry": { "type": "MultiPolygon", "coordinates": [ [ [ [ 27.0457471, -18.5805594 ], [ 27.0457454, -18.5805317 ], [ 27.0457942, -18.5805289 ], [ 27.0457959, -18.5805566 ], [ 27.0457471, -18.5805594 ] ] ] ] } },
{ "type": "Feature", "properties": { "full_id": "w484549913", "osm_id": "484549913", "osm_type": "way", "waterway": null, "building": "yes", "name": null, "amenity": null, "brand": null, "wheelchair": null, "tourism": null }, "geometry": { "type": "MultiPolygon", "coordinates": [ [ [ [ 27.0480707, -18.5786742 ], [ 27.0480672, -18.5786071 ], [ 27.0481402, -18.5786036 ], [ 27.0481438, -18.5786707 ], [ 27.0480707, -18.5786742 ] ] ] ] } },
{ "type": "Feature", "properties": { "full_id": "w484549914", "osm_id": "484549914", "osm_type": "way", "waterway": null, "building": "yes", "name": null, "amenity": null, "brand": null, "wheelchair": null, "tourism": null }, "geometry": { "type": "MultiPolygon", "coordinates": [ [ [ [ 27.0481973, -18.5786837 ], [ 27.0481946, -18.5786143 ], [ 27.0482535, -18.5786123 ], [ 27.0482561, -18.5786816 ], [ 27.0481973, -18.5786837 ] ] ] ] } },
{ "type": "Feature", "properties": { "full_id": "w484549915", "osm_id": "484549915", "osm_type": "way", "waterway": null, "building": "yes", "name": null, "amenity": null, "brand": null, "wheelchair": null, "tourism": null }, "geometry": { "type": "MultiPolygon", "coordinates": [ [ [ [ 27.0482075, -18.5787944 ], [ 27.0482096, -18.578749 ], [ 27.0482721, -18.5787516 ], [ 27.04827, -18.578797 ], [ 27.0482075, -18.5787944 ] ] ] ] } },
{ "type": "Feature", "properties": { "full_id": "w484549916", "osm_id": "484549916", "osm_type": "way", "waterway": null, "building": "yes", "name": null, "amenity": null, "brand": null, "wheelchair": null, "tourism": null }, "geometry": { "type": "MultiPolygon", "coordinates": [ [ [ [ 27.0481192, -18.5787827 ], [ 27.0481192, -18.5787361 ], [ 27.0481516, -18.5787361 ], [ 27.0481516, -18.5787827 ], [ 27.0481192, -18.5787827 ] ] ] ] } },
{ "type": "Feature", "properties": { "full_id": "w484549917", "osm_id": "484549917", "osm_type": "way", "waterway": null, "building": "yes", "name": null, "amenity": null, "brand": null, "wheelchair": null, "tourism": null }, "geometry": { "type": "MultiPolygon", "coordinates": [ [ [ [ 27.0455842, -18.579363 ], [ 27.0455842, -18.5793072 ], [ 27.0456429, -18.5793072 ], [ 27.0456429, -18.579363 ], [ 27.0455842, -18.579363 ] ] ] ] } },
{ "type": "Feature", "properties": { "full_id": "w484549967", "osm_id": "484549967", "osm_type": "way", "waterway": null, "building": "yes", "name": null, "amenity": null, "brand": null, "wheelchair": null, "tourism": null }, "geometry": { "type": "MultiPolygon", "coordinates": [ [ [ [ 27.0924899, -18.5757595 ], [ 27.0924661, -18.5757405 ], [ 27.0925006, -18.5757017 ], [ 27.0925244, -18.5757207 ], [ 27.0924899, -18.5757595 ] ] ] ] } },
{ "type": "Feature", "properties": { "full_id": "w484549968", "osm_id": "484549968", "osm_type": "way", "waterway": null, "building": "yes", "name": null, "amenity": null, "brand": null, "wheelchair": null, "tourism": null }, "geometry": { "type": "MultiPolygon", "coordinates": [ [ [ [ 27.0926501, -18.5757913 ], [ 27.0926016, -18.5758459 ], [ 27.092573, -18.5758231 ], [ 27.0926216, -18.5757685 ], [ 27.0926501, -18.5757913 ] ] ] ] } },
{ "type": "Feature", "properties": { "full_id": "w484549969", "osm_id": "484549969", "osm_type": "way", "waterway": null, "building": "yes", "name": null, "amenity": null, "brand": null, "wheelchair": null, "tourism": null }, "geometry": { "type": "MultiPolygon", "coordinates": [ [ [ [ 27.0926716, -18.5756775 ], [ 27.0927145, -18.5757119 ], [ 27.0926684, -18.5757637 ], [ 27.092645, -18.5757451 ], [ 27.0926727, -18.575714 ], [ 27.0926531, -18.5756983 ], [ 27.0926716, -18.5756775 ] ] ] ] } },
{ "type": "Feature", "properties": { "full_id": "w484549970", "osm_id": "484549970", "osm_type": "way", "waterway": null, "building": "yes", "name": null, "amenity": null, "brand": null, "wheelchair": null, "tourism": null }, "geometry": { "type": "MultiPolygon", "coordinates": [ [ [ [ 27.0925757, -18.5756674 ], [ 27.0926013, -18.575631 ], [ 27.0926456, -18.575659 ], [ 27.09262, -18.5756953 ], [ 27.0925757, -18.5756674 ] ] ] ] } },
{ "type": "Feature", "properties": { "full_id": "w484549971", "osm_id": "484549971", "osm_type": "way", "waterway": null, "building": "yes", "name": null, "amenity": null, "brand": null, "wheelchair": null, "tourism": null }, "geometry": { "type": "MultiPolygon", "coordinates": [ [ [ [ 27.0926864, -18.574454 ], [ 27.0926496, -18.5744126 ], [ 27.092718, -18.574358 ], [ 27.0927548, -18.5743993 ], [ 27.0926864, -18.574454 ] ] ] ] } },
{ "type": "Feature", "properties": { "full_id": "w484549973", "osm_id": "484549973", "osm_type": "way", "waterway": null, "building": "yes", "name": null, "amenity": null, "brand": null, "wheelchair": null, "tourism": null }, "geometry": { "type": "MultiPolygon", "coordinates": [ [ [ [ 27.0928335, -18.5745156 ], [ 27.0928422, -18.5745027 ], [ 27.0928577, -18.5744982 ], [ 27.0928725, -18.5745042 ], [ 27.0928799, -18.5745178 ], [ 27.0928763, -18.5745327 ], [ 27.0928634, -18.5745419 ], [ 27.0928473, -18.5745412 ], [ 27.0928355, -18.5745308 ], [ 27.0928335, -18.5745156 ] ] ] ] } },
{ "type": "Feature", "properties": { "full_id": "w484549974", "osm_id": "484549974", "osm_type": "way", "waterway": null, "building": "yes", "name": null, "amenity": null, "brand": null, "wheelchair": null, "tourism": null }, "geometry": { "type": "MultiPolygon", "coordinates": [ [ [ [ 27.0927328, -18.5745424 ], [ 27.0927416, -18.5745296 ], [ 27.092757, -18.5745251 ], [ 27.0927719, -18.574531 ], [ 27.0927792, -18.5745446 ], [ 27.0927756, -18.5745595 ], [ 27.0927628, -18.5745688 ], [ 27.0927467, -18.574568 ], [ 27.0927348, -18.5745576 ], [ 27.0927328, -18.5745424 ] ] ] ] } },
{ "type": "Feature", "properties": { "full_id": "w484549976", "osm_id": "484549976", "osm_type": "way", "waterway": null, "building": "yes", "name": null, "amenity": null, "brand": null, "wheelchair": null, "tourism": null }, "geometry": { "type": "MultiPolygon", "coordinates": [ [ [ [ 27.092788, -18.5742907 ], [ 27.0927992, -18.5742742 ], [ 27.092819, -18.5742685 ], [ 27.092838, -18.5742761 ], [ 27.0928475, -18.5742935 ], [ 27.0928428, -18.5743126 ], [ 27.0928264, -18.5743244 ], [ 27.0928057, -18.5743235 ], [ 27.0927906, -18.5743101 ], [ 27.092788, -18.5742907 ] ] ] ] } },
{ "type": "Feature", "properties": { "full_id": "w484549978", "osm_id": "484549978", "osm_type": "way", "waterway": null, "building": "yes", "name": null, "amenity": null, "brand": null, "wheelchair": null, "tourism": null }, "geometry": { "type": "MultiPolygon", "coordinates": [ [ [ [ 27.0928872, -18.5743556 ], [ 27.0929005, -18.5743362 ], [ 27.0929239, -18.5743293 ], [ 27.0929464, -18.5743384 ], [ 27.0929575, -18.574359 ], [ 27.0929521, -18.5743816 ], [ 27.0929326, -18.5743956 ], [ 27.0929082, -18.5743944 ], [ 27.0928903, -18.5743786 ], [ 27.0928872, -18.5743556 ] ] ] ] } },
{ "type": "Feature", "properties": { "full_id": "w484549979", "osm_id": "484549979", "osm_type": "way", "waterway": null, "building": "yes", "name": null, "amenity": null, "brand": null, "wheelchair": null, "tourism": null }, "geometry": { "type": "MultiPolygon", "coordinates": [ [ [ [ 27.0938889, -18.5750682 ], [ 27.0939022, -18.5750488 ], [ 27.0939255, -18.575042 ], [ 27.093948, -18.575051 ], [ 27.0939592, -18.5750716 ], [ 27.0939537, -18.5750942 ], [ 27.0939342, -18.5751082 ], [ 27.0939098, -18.575107 ], [ 27.0938919, -18.5750912 ], [ 27.0938889, -18.5750682 ] ] ] ] } },
{ "type": "Feature", "properties": { "full_id": "w484549980", "osm_id": "484549980", "osm_type": "way", "waterway": null, "building": "yes", "name": null, "amenity": null, "brand": null, "wheelchair": null, "tourism": null }, "geometry": { "type": "MultiPolygon", "coordinates": [ [ [ [ 27.0937492, -18.5749631 ], [ 27.0937666, -18.5749123 ], [ 27.0937945, -18.5749208 ], [ 27.093777, -18.5749717 ], [ 27.0937492, -18.5749631 ] ] ] ] } },
{ "type": "Feature", "properties": { "full_id": "w484549981", "osm_id": "484549981", "osm_type": "way", "waterway": null, "building": "yes", "name": null, "amenity": null, "brand": null, "wheelchair": null, "tourism": null }, "geometry": { "type": "MultiPolygon", "coordinates": [ [ [ [ 27.093776, -18.5750229 ], [ 27.0938151, -18.5750382 ], [ 27.093799, -18.5750751 ], [ 27.0937599, -18.5750597 ], [ 27.093776, -18.5750229 ] ] ] ] } },
{ "type": "Feature", "properties": { "full_id": "w484549983", "osm_id": "484549983", "osm_type": "way", "waterway": null, "building": "yes", "name": null, "amenity": null, "brand": null, "wheelchair": null, "tourism": null }, "geometry": { "type": "MultiPolygon", "coordinates": [ [ [ [ 27.0938203, -18.5749822 ], [ 27.0938605, -18.5749402 ], [ 27.0939076, -18.5749808 ], [ 27.0938674, -18.5750228 ], [ 27.0938203, -18.5749822 ] ] ] ] } },
{ "type": "Feature", "properties": { "full_id": "w484549987", "osm_id": "484549987", "osm_type": "way", "waterway": null, "building": "yes", "name": null, "amenity": null, "brand": null, "wheelchair": null, "tourism": null }, "geometry": { "type": "MultiPolygon", "coordinates": [ [ [ [ 27.0937478, -18.5751246 ], [ 27.0937872, -18.5751395 ], [ 27.0937684, -18.575184 ], [ 27.0937291, -18.5751691 ], [ 27.0937478, -18.5751246 ] ] ] ] } },
{ "type": "Feature", "properties": { "full_id": "w484549988", "osm_id": "484549988", "osm_type": "way", "waterway": null, "building": "yes", "name": null, "amenity": null, "brand": null, "wheelchair": null, "tourism": null }, "geometry": { "type": "MultiPolygon", "coordinates": [ [ [ [ 27.0938873, -18.5751322 ], [ 27.0939281, -18.5751515 ], [ 27.0938892, -18.5752252 ], [ 27.0938484, -18.5752059 ], [ 27.0938873, -18.5751322 ] ] ] ] } },
{ "type": "Feature", "properties": { "full_id": "w484550066", "osm_id": "484550066", "osm_type": "way", "waterway": null, "building": "yes", "name": null, "amenity": null, "brand": null, "wheelchair": null, "tourism": null }, "geometry": { "type": "MultiPolygon", "coordinates": [ [ [ [ 27.09035, -18.5769699 ], [ 27.0903588, -18.5769571 ], [ 27.0903742, -18.5769526 ], [ 27.090389, -18.5769585 ], [ 27.0903964, -18.5769722 ], [ 27.0903928, -18.5769871 ], [ 27.0903799, -18.5769963 ], [ 27.0903638, -18.5769955 ], [ 27.090352, -18.5769851 ], [ 27.09035, -18.5769699 ] ] ] ] } },
{ "type": "Feature", "properties": { "full_id": "w484550067", "osm_id": "484550067", "osm_type": "way", "waterway": null, "building": "yes", "name": null, "amenity": null, "brand": null, "wheelchair": null, "tourism": null }, "geometry": { "type": "MultiPolygon", "coordinates": [ [ [ [ 27.0903104, -18.5770744 ], [ 27.090321, -18.577059 ], [ 27.0903395, -18.5770536 ], [ 27.0903574, -18.5770607 ], [ 27.0903663, -18.5770771 ], [ 27.090362, -18.5770951 ], [ 27.0903465, -18.5771062 ], [ 27.0903271, -18.5771052 ], [ 27.0903128, -18.5770927 ], [ 27.0903104, -18.5770744 ] ] ] ] } },
{ "type": "Feature", "properties": { "full_id": "w484550068", "osm_id": "484550068", "osm_type": "way", "waterway": null, "building": "yes", "name": null, "amenity": null, "brand": null, "wheelchair": null, "tourism": null }, "geometry": { "type": "MultiPolygon", "coordinates": [ [ [ [ 27.0903929, -18.5770577 ], [ 27.0904017, -18.5770448 ], [ 27.0904171, -18.5770403 ], [ 27.090432, -18.5770463 ], [ 27.0904393, -18.5770599 ], [ 27.0904357, -18.5770748 ], [ 27.0904228, -18.577084 ], [ 27.0904067, -18.5770832 ], [ 27.0903949, -18.5770728 ], [ 27.0903929, -18.5770577 ] ] ] ] } },
{ "type": "Feature", "properties": { "full_id": "w484550069", "osm_id": "484550069", "osm_type": "way", "waterway": null, "building": "yes", "name": null, "amenity": null, "brand": null, "wheelchair": null, "tourism": null }, "geometry": { "type": "MultiPolygon", "coordinates": [ [ [ [ 27.0905408, -18.5768454 ], [ 27.0905836, -18.5768726 ], [ 27.0905427, -18.5769304 ], [ 27.0904999, -18.5769033 ], [ 27.0905408, -18.5768454 ] ] ] ] } },
{ "type": "Feature", "properties": { "full_id": "w484550070", "osm_id": "484550070", "osm_type": "way", "waterway": null, "building": "yes", "name": null, "amenity": null, "brand": null, "wheelchair": null, "tourism": null }, "geometry": { "type": "MultiPolygon", "coordinates": [ [ [ [ 27.0904168, -18.5768092 ], [ 27.0904476, -18.5767571 ], [ 27.0904916, -18.5767804 ], [ 27.0904607, -18.5768326 ], [ 27.0904168, -18.5768092 ] ] ] ] } },
{ "type": "Feature", "properties": { "full_id": "w484550071", "osm_id": "484550071", "osm_type": "way", "waterway": null, "building": "yes", "name": null, "amenity": null, "brand": null, "wheelchair": null, "tourism": null }, "geometry": { "type": "MultiPolygon", "coordinates": [ [ [ [ 27.0903444, -18.5768543 ], [ 27.0903967, -18.5768333 ], [ 27.0904161, -18.5768769 ], [ 27.0903638, -18.5768979 ], [ 27.0903444, -18.5768543 ] ] ] ] } },
{ "type": "Feature", "properties": { "full_id": "w484550072", "osm_id": "484550072", "osm_type": "way", "waterway": null, "building": "yes", "name": null, "amenity": null, "brand": null, "wheelchair": null, "tourism": null }, "geometry": { "type": "MultiPolygon", "coordinates": [ [ [ [ 27.091374, -18.5761402 ], [ 27.0914122, -18.5761059 ], [ 27.091442, -18.5761357 ], [ 27.0914038, -18.57617 ], [ 27.091374, -18.5761402 ] ] ] ] } },
{ "type": "Feature", "properties": { "full_id": "w484550073", "osm_id": "484550073", "osm_type": "way", "waterway": null, "building": "yes", "name": null, "amenity": null, "brand": null, "wheelchair": null, "tourism": null }, "geometry": { "type": "MultiPolygon", "coordinates": [ [ [ [ 27.0914504, -18.5759997 ], [ 27.0914897, -18.5760239 ], [ 27.0914649, -18.5760601 ], [ 27.0914256, -18.576036 ], [ 27.0914504, -18.5759997 ] ] ] ] } },
{ "type": "Feature", "properties": { "full_id": "w484550074", "osm_id": "484550074", "osm_type": "way", "waterway": null, "building": "yes", "name": null, "amenity": null, "brand": null, "wheelchair": null, "tourism": null }, "geometry": { "type": "MultiPolygon", "coordinates": [ [ [ [ 27.091311, -18.5760449 ], [ 27.0913816, -18.5760986 ], [ 27.0913239, -18.5761667 ], [ 27.0912533, -18.5761129 ], [ 27.091311, -18.5760449 ] ] ] ] } },
{ "type": "Feature", "properties": { "full_id": "w484550214", "osm_id": "484550214", "osm_type": "way", "waterway": null, "building": "yes", "name": null, "amenity": null, "brand": null, "wheelchair": null, "tourism": null }, "geometry": { "type": "MultiPolygon", "coordinates": [ [ [ [ 27.0593819, -18.6174709 ], [ 27.0594651, -18.6174709 ], [ 27.0594651, -18.6175561 ], [ 27.0593819, -18.6175561 ], [ 27.0593819, -18.6174709 ] ] ] ] } },
{ "type": "Feature", "properties": { "full_id": "w484550215", "osm_id": "484550215", "osm_type": "way", "waterway": null, "building": "yes", "name": null, "amenity": null, "brand": null, "wheelchair": null, "tourism": null }, "geometry": { "type": "MultiPolygon", "coordinates": [ [ [ [ 27.0593283, -18.6175281 ], [ 27.0593283, -18.6175789 ], [ 27.0593015, -18.6175789 ], [ 27.0593015, -18.6175281 ], [ 27.0593283, -18.6175281 ] ] ] ] } },
{ "type": "Feature", "properties": { "full_id": "w484550218", "osm_id": "484550218", "osm_type": "way", "waterway": null, "building": "yes", "name": null, "amenity": null, "brand": null, "wheelchair": null, "tourism": null }, "geometry": { "type": "MultiPolygon", "coordinates": [ [ [ [ 27.0584659, -18.6170605 ], [ 27.0584667, -18.6170287 ], [ 27.058527, -18.61703 ], [ 27.0585263, -18.6170617 ], [ 27.0584659, -18.6170605 ] ] ] ] } },
{ "type": "Feature", "properties": { "full_id": "w484550219", "osm_id": "484550219", "osm_type": "way", "waterway": null, "building": "yes", "name": null, "amenity": null, "brand": null, "wheelchair": null, "tourism": null }, "geometry": { "type": "MultiPolygon", "coordinates": [ [ [ [ 27.0583144, -18.6175294 ], [ 27.0583327, -18.6175313 ], [ 27.05833, -18.6175542 ], [ 27.0583117, -18.6175523 ], [ 27.0583144, -18.6175294 ] ] ] ] } },
{ "type": "Feature", "properties": { "full_id": "w484550220", "osm_id": "484550220", "osm_type": "way", "waterway": null, "building": "yes", "name": null, "amenity": null, "brand": null, "wheelchair": null, "tourism": null }, "geometry": { "type": "MultiPolygon", "coordinates": [ [ [ [ 27.0583372, -18.6175052 ], [ 27.05836, -18.6175052 ], [ 27.05836, -18.617523 ], [ 27.0583372, -18.617523 ], [ 27.0583372, -18.6175052 ] ] ] ] } },
{ "type": "Feature", "properties": { "full_id": "w484550221", "osm_id": "484550221", "osm_type": "way", "waterway": null, "building": "yes", "name": null, "amenity": null, "brand": null, "wheelchair": null, "tourism": null }, "geometry": { "type": "MultiPolygon", "coordinates": [ [ [ [ 27.0581857, -18.6172638 ], [ 27.0581888, -18.6172375 ], [ 27.0582358, -18.6172426 ], [ 27.0582326, -18.6172688 ], [ 27.0581857, -18.6172638 ] ] ] ] } },
{ "type": "Feature", "properties": { "full_id": "w484550223", "osm_id": "484550223", "osm_type": "way", "waterway": null, "building": "yes", "name": null, "amenity": null, "brand": null, "wheelchair": null, "tourism": null }, "geometry": { "type": "MultiPolygon", "coordinates": [ [ [ [ 27.0580784, -18.617307 ], [ 27.0580985, -18.617307 ], [ 27.0580985, -18.6173197 ], [ 27.0580784, -18.6173197 ], [ 27.0580784, -18.617307 ] ] ] ] } },
{ "type": "Feature", "properties": { "full_id": "w484550224", "osm_id": "484550224", "osm_type": "way", "waterway": null, "building": "yes", "name": null, "amenity": null, "brand": null, "wheelchair": null, "tourism": null }, "geometry": { "type": "MultiPolygon", "coordinates": [ [ [ [ 27.0580945, -18.6172777 ], [ 27.0581186, -18.6172765 ], [ 27.0581195, -18.6172924 ], [ 27.0580954, -18.6172936 ], [ 27.0580945, -18.6172777 ] ] ] ] } },
{ "type": "Feature", "properties": { "full_id": "w484550225", "osm_id": "484550225", "osm_type": "way", "waterway": null, "building": "yes", "name": null, "amenity": null, "brand": null, "wheelchair": null, "tourism": null }, "geometry": { "type": "MultiPolygon", "coordinates": [ [ [ [ 27.0581428, -18.6173788 ], [ 27.0581599, -18.61733 ], [ 27.0582323, -18.6173528 ], [ 27.0582152, -18.6174017 ], [ 27.0581428, -18.6173788 ] ] ] ] } },
{ "type": "Feature", "properties": { "full_id": "w484550226", "osm_id": "484550226", "osm_type": "way", "waterway": null, "building": "yes", "name": null, "amenity": null, "brand": null, "wheelchair": null, "tourism": null }, "geometry": { "type": "MultiPolygon", "coordinates": [ [ [ [ 27.0582742, -18.6172568 ], [ 27.0583253, -18.6172818 ], [ 27.058285, -18.6173555 ], [ 27.0582339, -18.6173305 ], [ 27.0582742, -18.6172568 ] ] ] ] } },
{ "type": "Feature", "properties": { "full_id": "w484550348", "osm_id": "484550348", "osm_type": "way", "waterway": null, "building": "yes", "name": null, "amenity": null, "brand": null, "wheelchair": null, "tourism": null }, "geometry": { "type": "MultiPolygon", "coordinates": [ [ [ [ 27.0601045, -18.6166569 ], [ 27.060185, -18.6166315 ], [ 27.0602062, -18.6166917 ], [ 27.0601257, -18.6167171 ], [ 27.0601045, -18.6166569 ] ] ] ] } },
{ "type": "Feature", "properties": { "full_id": "w484550440", "osm_id": "484550440", "osm_type": "way", "waterway": null, "building": "yes", "name": null, "amenity": null, "brand": null, "wheelchair": null, "tourism": null }, "geometry": { "type": "MultiPolygon", "coordinates": [ [ [ [ 27.0939301, -18.5715444 ], [ 27.0939662, -18.5715076 ], [ 27.0939966, -18.5715343 ], [ 27.0939605, -18.5715711 ], [ 27.0939301, -18.5715444 ] ] ] ] } },
{ "type": "Feature", "properties": { "full_id": "w484550441", "osm_id": "484550441", "osm_type": "way", "waterway": null, "building": "yes", "name": null, "amenity": null, "brand": null, "wheelchair": null, "tourism": null }, "geometry": { "type": "MultiPolygon", "coordinates": [ [ [ [ 27.0937273, -18.5722596 ], [ 27.0937406, -18.5722402 ], [ 27.093764, -18.5722333 ], [ 27.0937865, -18.5722424 ], [ 27.0937977, -18.572263 ], [ 27.0937922, -18.5722856 ], [ 27.0937727, -18.5722996 ], [ 27.0937483, -18.5722984 ], [ 27.0937304, -18.5722826 ], [ 27.0937273, -18.5722596 ] ] ] ] } },
{ "type": "Feature", "properties": { "full_id": "w484550442", "osm_id": "484550442", "osm_type": "way", "waterway": null, "building": "yes", "name": null, "amenity": null, "brand": null, "wheelchair": null, "tourism": null }, "geometry": { "type": "MultiPolygon", "coordinates": [ [ [ [ 27.0936415, -18.5721859 ], [ 27.0936548, -18.5721664 ], [ 27.0936782, -18.5721596 ], [ 27.0937007, -18.5721686 ], [ 27.0937118, -18.5721892 ], [ 27.0937064, -18.5722118 ], [ 27.0936869, -18.5722258 ], [ 27.0936625, -18.5722247 ], [ 27.0936445, -18.5722089 ], [ 27.0936415, -18.5721859 ] ] ] ] } },
{ "type": "Feature", "properties": { "full_id": "w484550443", "osm_id": "484550443", "osm_type": "way", "waterway": null, "building": "yes", "name": null, "amenity": null, "brand": null, "wheelchair": null, "tourism": null }, "geometry": { "type": "MultiPolygon", "coordinates": [ [ [ [ 27.0935074, -18.5723995 ], [ 27.0935207, -18.57238 ], [ 27.0935441, -18.5723732 ], [ 27.0935666, -18.5723822 ], [ 27.0935777, -18.5724028 ], [ 27.0935723, -18.5724254 ], [ 27.0935528, -18.5724394 ], [ 27.0935284, -18.5724382 ], [ 27.0935104, -18.5724225 ], [ 27.0935074, -18.5723995 ] ] ] ] } },
{ "type": "Feature", "properties": { "full_id": "w484550444", "osm_id": "484550444", "osm_type": "way", "waterway": null, "building": "yes", "name": null, "amenity": null, "brand": null, "wheelchair": null, "tourism": null }, "geometry": { "type": "MultiPolygon", "coordinates": [ [ [ [ 27.093279, -18.5725417 ], [ 27.0932992, -18.5724934 ], [ 27.0933499, -18.5725124 ], [ 27.0933298, -18.5725607 ], [ 27.093279, -18.5725417 ] ] ] ] } },
{ "type": "Feature", "properties": { "full_id": "w484550445", "osm_id": "484550445", "osm_type": "way", "waterway": null, "building": "yes", "name": null, "amenity": null, "brand": null, "wheelchair": null, "tourism": null }, "geometry": { "type": "MultiPolygon", "coordinates": [ [ [ [ 27.0933273, -18.5723751 ], [ 27.0933911, -18.5723933 ], [ 27.0933709, -18.5724568 ], [ 27.0933072, -18.5724387 ], [ 27.0933273, -18.5723751 ] ] ] ] } },
{ "type": "Feature", "properties": { "full_id": "w484550446", "osm_id": "484550446", "osm_type": "way", "waterway": null, "building": "yes", "name": null, "amenity": null, "brand": null, "wheelchair": null, "tourism": null }, "geometry": { "type": "MultiPolygon", "coordinates": [ [ [ [ 27.093794, -18.5721412 ], [ 27.0938396, -18.5721553 ], [ 27.0938195, -18.5722138 ], [ 27.0937739, -18.5721997 ], [ 27.093794, -18.5721412 ] ] ] ] } },
{ "type": "Feature", "properties": { "full_id": "w484550447", "osm_id": "484550447", "osm_type": "way", "waterway": null, "building": "yes", "name": null, "amenity": null, "brand": null, "wheelchair": null, "tourism": null }, "geometry": { "type": "MultiPolygon", "coordinates": [ [ [ [ 27.0942232, -18.571573 ], [ 27.0942614, -18.5716057 ], [ 27.0942272, -18.5716416 ], [ 27.094189, -18.5716089 ], [ 27.0942232, -18.571573 ] ] ] ] } },
{ "type": "Feature", "properties": { "full_id": "w484550448", "osm_id": "484550448", "osm_type": "way", "waterway": null, "building": "yes", "name": null, "amenity": null, "brand": null, "wheelchair": null, "tourism": null }, "geometry": { "type": "MultiPolygon", "coordinates": [ [ [ [ 27.0942983, -18.5714967 ], [ 27.094337, -18.5715298 ], [ 27.0942983, -18.5715704 ], [ 27.0942596, -18.5715373 ], [ 27.0942983, -18.5714967 ] ] ] ] } },
{ "type": "Feature", "properties": { "full_id": "w484550449", "osm_id": "484550449", "osm_type": "way", "waterway": null, "building": "yes", "name": null, "amenity": null, "brand": null, "wheelchair": null, "tourism": null }, "geometry": { "type": "MultiPolygon", "coordinates": [ [ [ [ 27.0943707, -18.5714191 ], [ 27.0944092, -18.5714521 ], [ 27.0943667, -18.5714967 ], [ 27.0943282, -18.5714638 ], [ 27.0943707, -18.5714191 ] ] ] ] } },
{ "type": "Feature", "properties": { "full_id": "w484550450", "osm_id": "484550450", "osm_type": "way", "waterway": null, "building": "yes", "name": null, "amenity": null, "brand": null, "wheelchair": null, "tourism": null }, "geometry": { "type": "MultiPolygon", "coordinates": [ [ [ [ 27.0941253, -18.571334 ], [ 27.0941884, -18.5712677 ], [ 27.0942406, -18.5713124 ], [ 27.0941775, -18.5713786 ], [ 27.0941253, -18.571334 ] ] ] ] } },
{ "type": "Feature", "properties": { "full_id": "w484550451", "osm_id": "484550451", "osm_type": "way", "waterway": null, "building": "yes", "name": null, "amenity": null, "brand": null, "wheelchair": null, "tourism": null }, "geometry": { "type": "MultiPolygon", "coordinates": [ [ [ [ 27.0942124, -18.571259 ], [ 27.0942613, -18.5712077 ], [ 27.0942916, -18.5712335 ], [ 27.0942427, -18.5712849 ], [ 27.0942124, -18.571259 ] ] ] ] } },
{ "type": "Feature", "properties": { "full_id": "w484550452", "osm_id": "484550452", "osm_type": "way", "waterway": null, "building": "yes", "name": null, "amenity": null, "brand": null, "wheelchair": null, "tourism": null }, "geometry": { "type": "MultiPolygon", "coordinates": [ [ [ [ 27.0942795, -18.5713302 ], [ 27.0943361, -18.5712708 ], [ 27.0943787, -18.5713073 ], [ 27.0943221, -18.5713667 ], [ 27.0942795, -18.5713302 ] ] ] ] } },
{ "type": "Feature", "properties": { "full_id": "w484550453", "osm_id": "484550453", "osm_type": "way", "waterway": null, "building": "yes", "name": null, "amenity": null, "brand": null, "wheelchair": null, "tourism": null }, "geometry": { "type": "MultiPolygon", "coordinates": [ [ [ [ 27.0941628, -18.5714509 ], [ 27.0942106, -18.5714008 ], [ 27.0942513, -18.5714357 ], [ 27.0942036, -18.5714858 ], [ 27.0941628, -18.5714509 ] ] ] ] } },
{ "type": "Feature", "properties": { "full_id": "w484550454", "osm_id": "484550454", "osm_type": "way", "waterway": null, "building": "yes", "name": null, "amenity": null, "brand": null, "wheelchair": null, "tourism": null }, "geometry": { "type": "MultiPolygon", "coordinates": [ [ [ [ 27.0940917, -18.5715361 ], [ 27.0941427, -18.5714827 ], [ 27.0941843, -18.5715183 ], [ 27.0941334, -18.5715717 ], [ 27.0940917, -18.5715361 ] ] ] ] } },
{ "type": "Feature", "properties": { "full_id": "w484550455", "osm_id": "484550455", "osm_type": "way", "waterway": null, "building": "yes", "name": null, "amenity": null, "brand": null, "wheelchair": null, "tourism": null }, "geometry": { "type": "MultiPolygon", "coordinates": [ [ [ [ 27.0939925, -18.5714446 ], [ 27.0940676, -18.5713658 ], [ 27.0941271, -18.5714167 ], [ 27.094052, -18.5714955 ], [ 27.0939925, -18.5714446 ] ] ] ] } },
{ "type": "Feature", "properties": { "full_id": "w484550456", "osm_id": "484550456", "osm_type": "way", "waterway": null, "building": "yes", "name": null, "amenity": null, "brand": null, "wheelchair": null, "tourism": null }, "geometry": { "type": "MultiPolygon", "coordinates": [ [ [ [ 27.0937075, -18.5720719 ], [ 27.0937605, -18.5720863 ], [ 27.0937444, -18.5721397 ], [ 27.0936914, -18.5721253 ], [ 27.0937075, -18.5720719 ] ] ] ] } },
{ "type": "Feature", "properties": { "full_id": "w484550457", "osm_id": "484550457", "osm_type": "way", "waterway": null, "building": "yes", "name": null, "amenity": null, "brand": null, "wheelchair": null, "tourism": null }, "geometry": { "type": "MultiPolygon", "coordinates": [ [ [ [ 27.0934339, -18.5726377 ], [ 27.0933731, -18.5725956 ], [ 27.0934308, -18.5725206 ], [ 27.0934916, -18.5725627 ], [ 27.0934339, -18.5726377 ] ] ] ] } },
{ "type": "Feature", "properties": { "full_id": "w484550458", "osm_id": "484550458", "osm_type": "way", "waterway": null, "building": "yes", "name": null, "amenity": null, "brand": null, "wheelchair": null, "tourism": null }, "geometry": { "type": "MultiPolygon", "coordinates": [ [ [ [ 27.0939777, -18.5733559 ], [ 27.0940311, -18.5733524 ], [ 27.0940351, -18.5734071 ], [ 27.0939818, -18.5734106 ], [ 27.0939777, -18.5733559 ] ] ] ] } },
{ "type": "Feature", "properties": { "full_id": "w484550459", "osm_id": "484550459", "osm_type": "way", "waterway": null, "building": "yes", "name": null, "amenity": null, "brand": null, "wheelchair": null, "tourism": null }, "geometry": { "type": "MultiPolygon", "coordinates": [ [ [ [ 27.0920187, -18.5743688 ], [ 27.0920534, -18.5743962 ], [ 27.0919864, -18.5744725 ], [ 27.0919517, -18.5744451 ], [ 27.0920187, -18.5743688 ] ] ] ] } },
{ "type": "Feature", "properties": { "full_id": "w484550460", "osm_id": "484550460", "osm_type": "way", "waterway": null, "building": "yes", "name": null, "amenity": null, "brand": null, "wheelchair": null, "tourism": null }, "geometry": { "type": "MultiPolygon", "coordinates": [ [ [ [ 27.0910509, -18.5739182 ], [ 27.0910644, -18.5738984 ], [ 27.0910882, -18.5738914 ], [ 27.0911111, -18.5739006 ], [ 27.0911225, -18.5739216 ], [ 27.0911169, -18.5739446 ], [ 27.0910971, -18.5739589 ], [ 27.0910722, -18.5739577 ], [ 27.0910539, -18.5739416 ], [ 27.0910509, -18.5739182 ] ] ] ] } },
{ "type": "Feature", "properties": { "full_id": "w484550461", "osm_id": "484550461", "osm_type": "way", "waterway": null, "building": "yes", "name": null, "amenity": null, "brand": null, "wheelchair": null, "tourism": null }, "geometry": { "type": "MultiPolygon", "coordinates": [ [ [ [ 27.0912266, -18.5739854 ], [ 27.0912401, -18.5739656 ], [ 27.0912639, -18.5739586 ], [ 27.0912869, -18.5739678 ], [ 27.0912982, -18.5739888 ], [ 27.0912927, -18.5740118 ], [ 27.0912728, -18.5740261 ], [ 27.0912479, -18.5740249 ], [ 27.0912297, -18.5740088 ], [ 27.0912266, -18.5739854 ] ] ] ] } },
{ "type": "Feature", "properties": { "full_id": "w484550462", "osm_id": "484550462", "osm_type": "way", "waterway": null, "building": "yes", "name": null, "amenity": null, "brand": null, "wheelchair": null, "tourism": null }, "geometry": { "type": "MultiPolygon", "coordinates": [ [ [ [ 27.0918886, -18.5742954 ], [ 27.091899, -18.5742802 ], [ 27.0919173, -18.5742749 ], [ 27.0919349, -18.5742819 ], [ 27.0919437, -18.5742981 ], [ 27.0919394, -18.5743158 ], [ 27.0919241, -18.5743267 ], [ 27.091905, -18.5743258 ], [ 27.091891, -18.5743135 ], [ 27.0918886, -18.5742954 ] ] ] ] } },
{ "type": "Feature", "properties": { "full_id": "w484550463", "osm_id": "484550463", "osm_type": "way", "waterway": null, "building": "yes", "name": null, "amenity": null, "brand": null, "wheelchair": null, "tourism": null }, "geometry": { "type": "MultiPolygon", "coordinates": [ [ [ [ 27.0919502, -18.5745054 ], [ 27.0919606, -18.5744901 ], [ 27.0919789, -18.5744848 ], [ 27.0919965, -18.5744919 ], [ 27.0920053, -18.574508 ], [ 27.092001, -18.5745257 ], [ 27.0919857, -18.5745367 ], [ 27.0919666, -18.5745357 ], [ 27.0919526, -18.5745234 ], [ 27.0919502, -18.5745054 ] ] ] ] } },
{ "type": "Feature", "properties": { "full_id": "w484550464", "osm_id": "484550464", "osm_type": "way", "waterway": null, "building": "yes", "name": null, "amenity": null, "brand": null, "wheelchair": null, "tourism": null }, "geometry": { "type": "MultiPolygon", "coordinates": [ [ [ [ 27.0906267, -18.5750604 ], [ 27.0906932, -18.5750587 ], [ 27.0906951, -18.5751252 ], [ 27.0906285, -18.5751269 ], [ 27.0906267, -18.5750604 ] ] ] ] } },
{ "type": "Feature", "properties": { "full_id": "w484550465", "osm_id": "484550465", "osm_type": "way", "waterway": null, "building": "yes", "name": null, "amenity": null, "brand": null, "wheelchair": null, "tourism": null }, "geometry": { "type": "MultiPolygon", "coordinates": [ [ [ [ 27.0906293, -18.5751646 ], [ 27.0906924, -18.575163 ], [ 27.0906937, -18.5752104 ], [ 27.0906307, -18.5752119 ], [ 27.0906293, -18.5751646 ] ] ] ] } },
{ "type": "Feature", "properties": { "full_id": "w484550466", "osm_id": "484550466", "osm_type": "way", "waterway": null, "building": "yes", "name": null, "amenity": null, "brand": null, "wheelchair": null, "tourism": null }, "geometry": { "type": "MultiPolygon", "coordinates": [ [ [ [ 27.090518, -18.5751824 ], [ 27.090573, -18.575181 ], [ 27.0905744, -18.5752294 ], [ 27.0905194, -18.5752308 ], [ 27.090518, -18.5751824 ] ] ] ] } },
{ "type": "Feature", "properties": { "full_id": "w484550467", "osm_id": "484550467", "osm_type": "way", "waterway": null, "building": "yes", "name": null, "amenity": null, "brand": null, "wheelchair": null, "tourism": null }, "geometry": { "type": "MultiPolygon", "coordinates": [ [ [ [ 27.0905133, -18.5750881 ], [ 27.0905669, -18.5750867 ], [ 27.0905684, -18.575144 ], [ 27.0905149, -18.5751453 ], [ 27.0905133, -18.5750881 ] ] ] ] } },
{ "type": "Feature", "properties": { "full_id": "w484550468", "osm_id": "484550468", "osm_type": "way", "waterway": null, "building": "yes", "name": null, "amenity": null, "brand": null, "wheelchair": null, "tourism": null }, "geometry": { "type": "MultiPolygon", "coordinates": [ [ [ [ 27.0897509, -18.5758091 ], [ 27.0897719, -18.5757722 ], [ 27.0898068, -18.57579 ], [ 27.0897858, -18.5758269 ], [ 27.0897509, -18.5758091 ] ] ] ] } },
{ "type": "Feature", "properties": { "full_id": "w484550469", "osm_id": "484550469", "osm_type": "way", "waterway": null, "building": "yes", "name": null, "amenity": null, "brand": null, "wheelchair": null, "tourism": null }, "geometry": { "type": "MultiPolygon", "coordinates": [ [ [ [ 27.0897496, -18.576029 ], [ 27.0897278, -18.5760013 ], [ 27.0897855, -18.5759606 ], [ 27.0898072, -18.5759884 ], [ 27.0897496, -18.576029 ] ] ] ] } },
{ "type": "Feature", "properties": { "full_id": "w484550470", "osm_id": "484550470", "osm_type": "way", "waterway": null, "building": "yes", "name": null, "amenity": null, "brand": null, "wheelchair": null, "tourism": null }, "geometry": { "type": "MultiPolygon", "coordinates": [ [ [ [ 27.0896494, -18.5759133 ], [ 27.0896599, -18.575898 ], [ 27.0896783, -18.5758926 ], [ 27.089696, -18.5758997 ], [ 27.0897047, -18.5759159 ], [ 27.0897004, -18.5759337 ], [ 27.0896851, -18.5759447 ], [ 27.0896659, -18.5759437 ], [ 27.0896518, -18.5759313 ], [ 27.0896494, -18.5759133 ] ] ] ] } },
{ "type": "Feature", "properties": { "full_id": "w484550471", "osm_id": "484550471", "osm_type": "way", "waterway": null, "building": "yes", "name": null, "amenity": null, "brand": null, "wheelchair": null, "tourism": null }, "geometry": { "type": "MultiPolygon", "coordinates": [ [ [ [ 27.0897938, -18.5758771 ], [ 27.0898075, -18.575857 ], [ 27.0898316, -18.57585 ], [ 27.0898548, -18.5758593 ], [ 27.0898663, -18.5758805 ], [ 27.0898607, -18.5759039 ], [ 27.0898406, -18.5759183 ], [ 27.0898154, -18.5759171 ], [ 27.0897969, -18.5759008 ], [ 27.0897938, -18.5758771 ] ] ] ] } },
{ "type": "Feature", "properties": { "full_id": "w484550472", "osm_id": "484550472", "osm_type": "way", "waterway": null, "building": "yes", "name": null, "amenity": null, "brand": null, "wheelchair": null, "tourism": null }, "geometry": { "type": "MultiPolygon", "coordinates": [ [ [ [ 27.0906239, -18.5752797 ], [ 27.0906376, -18.5752596 ], [ 27.0906617, -18.5752526 ], [ 27.0906849, -18.5752619 ], [ 27.0906964, -18.5752832 ], [ 27.0906908, -18.5753065 ], [ 27.0906707, -18.5753209 ], [ 27.0906455, -18.5753197 ], [ 27.090627, -18.5753035 ], [ 27.0906239, -18.5752797 ] ] ] ] } },
{ "type": "Feature", "properties": { "full_id": "w484550473", "osm_id": "484550473", "osm_type": "way", "waterway": null, "building": "yes", "name": null, "amenity": null, "brand": null, "wheelchair": null, "tourism": null }, "geometry": { "type": "MultiPolygon", "coordinates": [ [ [ [ 27.0913221, -18.5759438 ], [ 27.0913316, -18.5759298 ], [ 27.0913484, -18.5759249 ], [ 27.0913646, -18.5759313 ], [ 27.0913726, -18.5759462 ], [ 27.0913687, -18.5759624 ], [ 27.0913547, -18.5759725 ], [ 27.0913371, -18.5759717 ], [ 27.0913242, -18.5759603 ], [ 27.0913221, -18.5759438 ] ] ] ] } },
{ "type": "Feature", "properties": { "full_id": "w484550474", "osm_id": "484550474", "osm_type": "way", "waterway": null, "building": "yes", "name": null, "amenity": null, "brand": null, "wheelchair": null, "tourism": null }, "geometry": { "type": "MultiPolygon", "coordinates": [ [ [ [ 27.0914034, -18.5759055 ], [ 27.0914193, -18.5758822 ], [ 27.0914473, -18.575874 ], [ 27.0914743, -18.5758848 ], [ 27.0914877, -18.5759095 ], [ 27.0914812, -18.5759366 ], [ 27.0914578, -18.5759534 ], [ 27.0914285, -18.575952 ], [ 27.091407, -18.5759331 ], [ 27.0914034, -18.5759055 ] ] ] ] } },
{ "type": "Feature", "properties": { "full_id": "w484550817", "osm_id": "484550817", "osm_type": "way", "waterway": null, "building": "yes", "name": null, "amenity": null, "brand": null, "wheelchair": null, "tourism": null }, "geometry": { "type": "MultiPolygon", "coordinates": [ [ [ [ 27.1301267, -18.5941388 ], [ 27.1302448, -18.5941337 ], [ 27.1302472, -18.5941852 ], [ 27.1301292, -18.5941903 ], [ 27.1301267, -18.5941388 ] ] ] ] } },
{ "type": "Feature", "properties": { "full_id": "w484550818", "osm_id": "484550818", "osm_type": "way", "waterway": null, "building": "yes", "name": null, "amenity": null, "brand": null, "wheelchair": null, "tourism": null }, "geometry": { "type": "MultiPolygon", "coordinates": [ [ [ [ 27.1297298, -18.5955752 ], [ 27.1298424, -18.5956133 ], [ 27.1298128, -18.5956919 ], [ 27.1297002, -18.5956538 ], [ 27.1297298, -18.5955752 ] ] ] ] } },
{ "type": "Feature", "properties": { "full_id": "w484550819", "osm_id": "484550819", "osm_type": "way", "waterway": null, "building": "yes", "name": null, "amenity": null, "brand": null, "wheelchair": null, "tourism": null }, "geometry": { "type": "MultiPolygon", "coordinates": [ [ [ [ 27.1295984, -18.5957963 ], [ 27.1297217, -18.5958523 ], [ 27.1296919, -18.5959115 ], [ 27.1295685, -18.5958555 ], [ 27.1295984, -18.5957963 ] ] ] ] } },
{ "type": "Feature", "properties": { "full_id": "w484550820", "osm_id": "484550820", "osm_type": "way", "waterway": null, "building": "yes", "name": null, "amenity": null, "brand": null, "wheelchair": null, "tourism": null }, "geometry": { "type": "MultiPolygon", "coordinates": [ [ [ [ 27.1295528, -18.5959717 ], [ 27.1296547, -18.59602 ], [ 27.1296193, -18.5960872 ], [ 27.1295173, -18.5960389 ], [ 27.1295528, -18.5959717 ] ] ] ] } },
{ "type": "Feature", "properties": { "full_id": "w484550823", "osm_id": "484550823", "osm_type": "way", "waterway": null, "building": "yes", "name": null, "amenity": null, "brand": null, "wheelchair": null, "tourism": null }, "geometry": { "type": "MultiPolygon", "coordinates": [ [ [ [ 27.1291263, -18.5966302 ], [ 27.1292899, -18.5966988 ], [ 27.1292551, -18.5967733 ], [ 27.1290915, -18.5967047 ], [ 27.1291263, -18.5966302 ] ] ] ] } },
{ "type": "Feature", "properties": { "full_id": "w484550824", "osm_id": "484550824", "osm_type": "way", "waterway": null, "building": "yes", "name": null, "amenity": null, "brand": null, "wheelchair": null, "tourism": null }, "geometry": { "type": "MultiPolygon", "coordinates": [ [ [ [ 27.1292067, -18.59632 ], [ 27.1292635, -18.5963531 ], [ 27.1291991, -18.5964523 ], [ 27.1291424, -18.5964192 ], [ 27.1292067, -18.59632 ] ] ] ] } },
{ "type": "Feature", "properties": { "full_id": "w484550957", "osm_id": "484550957", "osm_type": "way", "waterway": null, "building": "yes", "name": null, "amenity": null, "brand": null, "wheelchair": null, "tourism": null }, "geometry": { "type": "MultiPolygon", "coordinates": [ [ [ [ 27.0856228, -18.5786738 ], [ 27.0856297, -18.5786648 ], [ 27.0856411, -18.5786621 ], [ 27.0856517, -18.578667 ], [ 27.0856565, -18.5786772 ], [ 27.0856532, -18.5786879 ], [ 27.0856435, -18.5786941 ], [ 27.0856318, -18.578693 ], [ 27.0856236, -18.5786849 ], [ 27.0856228, -18.5786738 ] ] ] ] } },
{ "type": "Feature", "properties": { "full_id": "w484550958", "osm_id": "484550958", "osm_type": "way", "waterway": null, "building": "yes", "name": null, "amenity": null, "brand": null, "wheelchair": null, "tourism": null }, "geometry": { "type": "MultiPolygon", "coordinates": [ [ [ [ 27.0858171, -18.5787084 ], [ 27.0858314, -18.5786898 ], [ 27.0858549, -18.5786842 ], [ 27.0858768, -18.5786943 ], [ 27.0858867, -18.5787153 ], [ 27.08588, -18.5787374 ], [ 27.0858599, -18.5787503 ], [ 27.0858357, -18.578748 ], [ 27.0858188, -18.5787314 ], [ 27.0858171, -18.5787084 ] ] ] ] } },
{ "type": "Feature", "properties": { "full_id": "w484550959", "osm_id": "484550959", "osm_type": "way", "waterway": null, "building": "yes", "name": null, "amenity": null, "brand": null, "wheelchair": null, "tourism": null }, "geometry": { "type": "MultiPolygon", "coordinates": [ [ [ [ 27.0856936, -18.5786715 ], [ 27.0856625, -18.5786384 ], [ 27.0857108, -18.5785977 ], [ 27.0857419, -18.5786309 ], [ 27.0856936, -18.5786715 ] ] ] ] } },
{ "type": "Feature", "properties": { "full_id": "w484550961", "osm_id": "484550961", "osm_type": "way", "waterway": null, "building": "yes", "name": null, "amenity": null, "brand": null, "wheelchair": null, "tourism": null }, "geometry": { "type": "MultiPolygon", "coordinates": [ [ [ [ 27.0857942, -18.5786576 ], [ 27.0857679, -18.5786173 ], [ 27.0858242, -18.5785843 ], [ 27.0858505, -18.5786245 ], [ 27.0857942, -18.5786576 ] ] ] ] } },
{ "type": "Feature", "properties": { "full_id": "w484550963", "osm_id": "484550963", "osm_type": "way", "waterway": null, "building": "yes", "name": null, "amenity": null, "brand": null, "wheelchair": null, "tourism": null }, "geometry": { "type": "MultiPolygon", "coordinates": [ [ [ [ 27.0857298, -18.578833 ], [ 27.0856904, -18.5787965 ], [ 27.0857495, -18.5787393 ], [ 27.0857888, -18.5787758 ], [ 27.0857298, -18.578833 ] ] ] ] } },
{ "type": "Feature", "properties": { "full_id": "w484550965", "osm_id": "484550965", "osm_type": "way", "waterway": null, "building": "yes", "name": null, "amenity": null, "brand": null, "wheelchair": null, "tourism": null }, "geometry": { "type": "MultiPolygon", "coordinates": [ [ [ [ 27.0854924, -18.5781001 ], [ 27.0854807, -18.5780556 ], [ 27.0855529, -18.5780384 ], [ 27.0855647, -18.578083 ], [ 27.0854924, -18.5781001 ] ] ] ] } },
{ "type": "Feature", "properties": { "full_id": "w484550966", "osm_id": "484550966", "osm_type": "way", "waterway": null, "building": "yes", "name": null, "amenity": null, "brand": null, "wheelchair": null, "tourism": null }, "geometry": { "type": "MultiPolygon", "coordinates": [ [ [ [ 27.0857128, -18.5781442 ], [ 27.0857258, -18.5781271 ], [ 27.0857473, -18.578122 ], [ 27.0857673, -18.5781312 ], [ 27.0857763, -18.5781504 ], [ 27.0857702, -18.5781707 ], [ 27.0857518, -18.5781825 ], [ 27.0857298, -18.5781803 ], [ 27.0857143, -18.5781651 ], [ 27.0857128, -18.5781442 ] ] ] ] } },
{ "type": "Feature", "properties": { "full_id": "w484550968", "osm_id": "484550968", "osm_type": "way", "waterway": null, "building": "yes", "name": null, "amenity": null, "brand": null, "wheelchair": null, "tourism": null }, "geometry": { "type": "MultiPolygon", "coordinates": [ [ [ [ 27.0861801, -18.5775511 ], [ 27.0861932, -18.5775341 ], [ 27.0862147, -18.577529 ], [ 27.0862347, -18.5775382 ], [ 27.0862437, -18.5775574 ], [ 27.0862376, -18.5775776 ], [ 27.0862192, -18.5775894 ], [ 27.0861971, -18.5775872 ], [ 27.0861817, -18.5775721 ], [ 27.0861801, -18.5775511 ] ] ] ] } },
{ "type": "Feature", "properties": { "full_id": "w484550971", "osm_id": "484550971", "osm_type": "way", "waterway": null, "building": "yes", "name": null, "amenity": null, "brand": null, "wheelchair": null, "tourism": null }, "geometry": { "type": "MultiPolygon", "coordinates": [ [ [ [ 27.0862398, -18.5770209 ], [ 27.0862528, -18.5770038 ], [ 27.0862744, -18.5769987 ], [ 27.0862943, -18.5770079 ], [ 27.0863034, -18.5770271 ], [ 27.0862973, -18.5770474 ], [ 27.0862789, -18.5770592 ], [ 27.0862568, -18.577057 ], [ 27.0862414, -18.5770418 ], [ 27.0862398, -18.5770209 ] ] ] ] } },
{ "type": "Feature", "properties": { "full_id": "w484550973", "osm_id": "484550973", "osm_type": "way", "waterway": null, "building": "yes", "name": null, "amenity": null, "brand": null, "wheelchair": null, "tourism": null }, "geometry": { "type": "MultiPolygon", "coordinates": [ [ [ [ 27.0863098, -18.5770978 ], [ 27.0863541, -18.5770863 ], [ 27.0863632, -18.5771182 ], [ 27.086319, -18.5771296 ], [ 27.0863098, -18.5770978 ] ] ] ] } },
{ "type": "Feature", "properties": { "full_id": "w484550975", "osm_id": "484550975", "osm_type": "way", "waterway": null, "building": "yes", "name": null, "amenity": null, "brand": null, "wheelchair": null, "tourism": null }, "geometry": { "type": "MultiPolygon", "coordinates": [ [ [ [ 27.0863554, -18.5769172 ], [ 27.0864064, -18.5768753 ], [ 27.0864369, -18.5769085 ], [ 27.0863859, -18.5769505 ], [ 27.0863554, -18.5769172 ] ] ] ] } },
{ "type": "Feature", "properties": { "full_id": "w484550977", "osm_id": "484550977", "osm_type": "way", "waterway": null, "building": "yes", "name": null, "amenity": null, "brand": null, "wheelchair": null, "tourism": null }, "geometry": { "type": "MultiPolygon", "coordinates": [ [ [ [ 27.0861127, -18.5774829 ], [ 27.0861543, -18.5774486 ], [ 27.0861844, -18.5774814 ], [ 27.0861428, -18.5775157 ], [ 27.0861127, -18.5774829 ] ] ] ] } },
{ "type": "Feature", "properties": { "full_id": "w484550979", "osm_id": "484550979", "osm_type": "way", "waterway": null, "building": "yes", "name": null, "amenity": null, "brand": null, "wheelchair": null, "tourism": null }, "geometry": { "type": "MultiPolygon", "coordinates": [ [ [ [ 27.0860496, -18.5775745 ], [ 27.0860912, -18.5775389 ], [ 27.0861224, -18.5775716 ], [ 27.0860809, -18.5776072 ], [ 27.0860496, -18.5775745 ] ] ] ] } },
{ "type": "Feature", "properties": { "full_id": "w484550982", "osm_id": "484550982", "osm_type": "way", "waterway": null, "building": "yes", "name": null, "amenity": null, "brand": null, "wheelchair": null, "tourism": null }, "geometry": { "type": "MultiPolygon", "coordinates": [ [ [ [ 27.0860885, -18.5776698 ], [ 27.0861315, -18.5776431 ], [ 27.0861541, -18.5776758 ], [ 27.0861112, -18.5777025 ], [ 27.0860885, -18.5776698 ] ] ] ] } },
{ "type": "Feature", "properties": { "full_id": "w484551053", "osm_id": "484551053", "osm_type": "way", "waterway": null, "building": "yes", "name": null, "amenity": null, "brand": null, "wheelchair": null, "tourism": null }, "geometry": { "type": "MultiPolygon", "coordinates": [ [ [ [ 27.1292886, -18.5964725 ], [ 27.1293288, -18.5964941 ], [ 27.1292979, -18.5965457 ], [ 27.1292577, -18.5965241 ], [ 27.1292886, -18.5964725 ] ] ] ] } },
{ "type": "Feature", "properties": { "full_id": "w484551054", "osm_id": "484551054", "osm_type": "way", "waterway": null, "building": "yes", "name": null, "amenity": null, "brand": null, "wheelchair": null, "tourism": null }, "geometry": { "type": "MultiPolygon", "coordinates": [ [ [ [ 27.1290653, -18.5967432 ], [ 27.1291632, -18.5967954 ], [ 27.1291857, -18.5967575 ], [ 27.129235, -18.5967837 ], [ 27.1292807, -18.5968081 ], [ 27.1292157, -18.5969177 ], [ 27.1290227, -18.596815 ], [ 27.1290653, -18.5967432 ] ] ] ] } },
{ "type": "Feature", "properties": { "full_id": "w484551056", "osm_id": "484551056", "osm_type": "way", "waterway": null, "building": "yes", "name": null, "amenity": null, "brand": null, "wheelchair": null, "tourism": null }, "geometry": { "type": "MultiPolygon", "coordinates": [ [ [ [ 27.0841675, -18.5798207 ], [ 27.0841791, -18.5798055 ], [ 27.0841982, -18.579801 ], [ 27.0842161, -18.5798092 ], [ 27.0842241, -18.5798264 ], [ 27.0842186, -18.5798444 ], [ 27.0842023, -18.5798548 ], [ 27.0841826, -18.579853 ], [ 27.0841688, -18.5798393 ], [ 27.0841675, -18.5798207 ] ] ] ] } },
{ "type": "Feature", "properties": { "full_id": "w484551057", "osm_id": "484551057", "osm_type": "way", "waterway": null, "building": "yes", "name": null, "amenity": null, "brand": null, "wheelchair": null, "tourism": null }, "geometry": { "type": "MultiPolygon", "coordinates": [ [ [ [ 27.0840902, -18.5798428 ], [ 27.0840971, -18.5798338 ], [ 27.0841085, -18.5798311 ], [ 27.0841191, -18.579836 ], [ 27.0841239, -18.5798462 ], [ 27.0841206, -18.5798569 ], [ 27.0841109, -18.5798631 ], [ 27.0840992, -18.579862 ], [ 27.084091, -18.5798539 ], [ 27.0840902, -18.5798428 ] ] ] ] } },
{ "type": "Feature", "properties": { "full_id": "w484551058", "osm_id": "484551058", "osm_type": "way", "waterway": null, "building": "yes", "name": null, "amenity": null, "brand": null, "wheelchair": null, "tourism": null }, "geometry": { "type": "MultiPolygon", "coordinates": [ [ [ [ 27.0845416, -18.5795464 ], [ 27.0845558, -18.579528 ], [ 27.0845791, -18.5795224 ], [ 27.0846008, -18.5795325 ], [ 27.0846106, -18.5795533 ], [ 27.0846038, -18.5795752 ], [ 27.084584, -18.5795879 ], [ 27.0845601, -18.5795856 ], [ 27.0845433, -18.5795691 ], [ 27.0845416, -18.5795464 ] ] ] ] } },
{ "type": "Feature", "properties": { "full_id": "w484551059", "osm_id": "484551059", "osm_type": "way", "waterway": null, "building": "yes", "name": null, "amenity": null, "brand": null, "wheelchair": null, "tourism": null }, "geometry": { "type": "MultiPolygon", "coordinates": [ [ [ [ 27.0841721, -18.5799266 ], [ 27.0842271, -18.5799266 ], [ 27.0842271, -18.5799571 ], [ 27.0841721, -18.5799571 ], [ 27.0841721, -18.5799266 ] ] ] ] } },
{ "type": "Feature", "properties": { "full_id": "w484551060", "osm_id": "484551060", "osm_type": "way", "waterway": null, "building": "yes", "name": null, "amenity": null, "brand": null, "wheelchair": null, "tourism": null }, "geometry": { "type": "MultiPolygon", "coordinates": [ [ [ [ 27.0845704, -18.5796685 ], [ 27.084614, -18.5796272 ], [ 27.0846435, -18.5796552 ], [ 27.0845999, -18.5796965 ], [ 27.0845704, -18.5796685 ] ] ] ] } },
{ "type": "Feature", "properties": { "full_id": "w484551061", "osm_id": "484551061", "osm_type": "way", "waterway": null, "building": "yes", "name": null, "amenity": null, "brand": null, "wheelchair": null, "tourism": null }, "geometry": { "type": "MultiPolygon", "coordinates": [ [ [ [ 27.0847085, -18.5795389 ], [ 27.0846643, -18.579491 ], [ 27.084718, -18.5794465 ], [ 27.0847622, -18.5794944 ], [ 27.0847085, -18.5795389 ] ] ] ] } },
{ "type": "Feature", "properties": { "full_id": "w484551470", "osm_id": "484551470", "osm_type": "way", "waterway": null, "building": "yes", "name": null, "amenity": null, "brand": null, "wheelchair": null, "tourism": null }, "geometry": { "type": "MultiPolygon", "coordinates": [ [ [ [ 27.0822167, -18.5800235 ], [ 27.0822509, -18.579979 ], [ 27.0822851, -18.5800026 ], [ 27.0822509, -18.5800471 ], [ 27.0822167, -18.5800235 ] ] ] ] } },
{ "type": "Feature", "properties": { "full_id": "w484551472", "osm_id": "484551472", "osm_type": "way", "waterway": null, "building": "yes", "name": null, "amenity": null, "brand": null, "wheelchair": null, "tourism": null }, "geometry": { "type": "MultiPolygon", "coordinates": [ [ [ [ 27.0821563, -18.5799949 ], [ 27.0821818, -18.579958 ], [ 27.0822062, -18.5799732 ], [ 27.0821807, -18.5800101 ], [ 27.0821563, -18.5799949 ] ] ] ] } },
{ "type": "Feature", "properties": { "full_id": "w484551473", "osm_id": "484551473", "osm_type": "way", "waterway": null, "building": "yes", "name": null, "amenity": null, "brand": null, "wheelchair": null, "tourism": null }, "geometry": { "type": "MultiPolygon", "coordinates": [ [ [ [ 27.0820926, -18.5800006 ], [ 27.0820522, -18.5799805 ], [ 27.0820804, -18.5799297 ], [ 27.0821208, -18.5799498 ], [ 27.0820926, -18.5800006 ] ] ] ] } },
{ "type": "Feature", "properties": { "full_id": "w484551475", "osm_id": "484551475", "osm_type": "way", "waterway": null, "building": "yes", "name": null, "amenity": null, "brand": null, "wheelchair": null, "tourism": null }, "geometry": { "type": "MultiPolygon", "coordinates": [ [ [ [ 27.0821043, -18.5800556 ], [ 27.082114, -18.5800429 ], [ 27.0821301, -18.5800391 ], [ 27.0821451, -18.580046 ], [ 27.0821519, -18.5800604 ], [ 27.0821472, -18.5800755 ], [ 27.0821335, -18.5800843 ], [ 27.082117, -18.5800827 ], [ 27.0821054, -18.5800713 ], [ 27.0821043, -18.5800556 ] ] ] ] } },
{ "type": "Feature", "properties": { "full_id": "w484551476", "osm_id": "484551476", "osm_type": "way", "waterway": null, "building": "yes", "name": null, "amenity": null, "brand": null, "wheelchair": null, "tourism": null }, "geometry": { "type": "MultiPolygon", "coordinates": [ [ [ [ 27.0820972, -18.5801772 ], [ 27.0821088, -18.5801622 ], [ 27.0821278, -18.5801577 ], [ 27.0821455, -18.5801659 ], [ 27.0821535, -18.5801829 ], [ 27.082148, -18.5802007 ], [ 27.0821318, -18.5802111 ], [ 27.0821123, -18.5802092 ], [ 27.0820986, -18.5801957 ], [ 27.0820972, -18.5801772 ] ] ] ] } },
{ "type": "Feature", "properties": { "full_id": "w484551477", "osm_id": "484551477", "osm_type": "way", "waterway": null, "building": "yes", "name": null, "amenity": null, "brand": null, "wheelchair": null, "tourism": null }, "geometry": { "type": "MultiPolygon", "coordinates": [ [ [ [ 27.0819871, -18.5800878 ], [ 27.0820012, -18.5800694 ], [ 27.0820245, -18.5800639 ], [ 27.0820462, -18.5800739 ], [ 27.082056, -18.5800948 ], [ 27.0820493, -18.5801166 ], [ 27.0820294, -18.5801293 ], [ 27.0820055, -18.5801271 ], [ 27.0819887, -18.5801105 ], [ 27.0819871, -18.5800878 ] ] ] ] } },
{ "type": "Feature", "properties": { "full_id": "w484551479", "osm_id": "484551479", "osm_type": "way", "waterway": null, "building": "yes", "name": null, "amenity": null, "brand": null, "wheelchair": null, "tourism": null }, "geometry": { "type": "MultiPolygon", "coordinates": [ [ [ [ 27.0821829, -18.580105 ], [ 27.082197, -18.5800866 ], [ 27.0822203, -18.580081 ], [ 27.082242, -18.5800911 ], [ 27.0822518, -18.5801119 ], [ 27.0822451, -18.5801338 ], [ 27.0822252, -18.5801465 ], [ 27.0822013, -18.5801442 ], [ 27.0821845, -18.5801277 ], [ 27.0821829, -18.580105 ] ] ] ] } },
{ "type": "Feature", "properties": { "full_id": "w484551786", "osm_id": "484551786", "osm_type": "way", "waterway": null, "building": "yes", "name": null, "amenity": null, "brand": null, "wheelchair": null, "tourism": null }, "geometry": { "type": "MultiPolygon", "coordinates": [ [ [ [ 27.0806438, -18.5794785 ], [ 27.0806519, -18.5794225 ], [ 27.0807128, -18.5794304 ], [ 27.0807048, -18.5794863 ], [ 27.0806438, -18.5794785 ] ] ] ] } },
{ "type": "Feature", "properties": { "full_id": "w484551787", "osm_id": "484551787", "osm_type": "way", "waterway": null, "building": "yes", "name": null, "amenity": null, "brand": null, "wheelchair": null, "tourism": null }, "geometry": { "type": "MultiPolygon", "coordinates": [ [ [ [ 27.0807484, -18.5794804 ], [ 27.0807376, -18.5794697 ], [ 27.0807367, -18.5794549 ], [ 27.0807459, -18.579443 ], [ 27.0807611, -18.5794396 ], [ 27.080775, -18.5794461 ], [ 27.0807813, -18.5794597 ], [ 27.0807768, -18.5794738 ], [ 27.0807639, -18.579482 ], [ 27.0807484, -18.5794804 ] ] ] ] } },
{ "type": "Feature", "properties": { "full_id": "w484551788", "osm_id": "484551788", "osm_type": "way", "waterway": null, "building": "yes", "name": null, "amenity": null, "brand": null, "wheelchair": null, "tourism": null }, "geometry": { "type": "MultiPolygon", "coordinates": [ [ [ [ 27.0805382, -18.5793272 ], [ 27.0805222, -18.5793112 ], [ 27.0805207, -18.5792892 ], [ 27.0805345, -18.5792715 ], [ 27.0805571, -18.5792663 ], [ 27.0805779, -18.5792761 ], [ 27.0805872, -18.5792963 ], [ 27.0805807, -18.5793174 ], [ 27.0805613, -18.5793296 ], [ 27.0805382, -18.5793272 ] ] ] ] } },
{ "type": "Feature", "properties": { "full_id": "w484551789", "osm_id": "484551789", "osm_type": "way", "waterway": null, "building": "yes", "name": null, "amenity": null, "brand": null, "wheelchair": null, "tourism": null }, "geometry": { "type": "MultiPolygon", "coordinates": [ [ [ [ 27.0806535, -18.5793551 ], [ 27.0806375, -18.5793392 ], [ 27.0806361, -18.5793172 ], [ 27.0806499, -18.5792994 ], [ 27.0806724, -18.5792943 ], [ 27.0806933, -18.5793041 ], [ 27.0807026, -18.5793243 ], [ 27.080696, -18.5793454 ], [ 27.0806766, -18.5793576 ], [ 27.0806535, -18.5793551 ] ] ] ] } },
{ "type": "Feature", "properties": { "full_id": "w484551790", "osm_id": "484551790", "osm_type": "way", "waterway": null, "building": "yes", "name": null, "amenity": null, "brand": null, "wheelchair": null, "tourism": null }, "geometry": { "type": "MultiPolygon", "coordinates": [ [ [ [ 27.0806442, -18.5795725 ], [ 27.0806281, -18.5795565 ], [ 27.0806267, -18.5795346 ], [ 27.0806405, -18.5795168 ], [ 27.0806631, -18.5795116 ], [ 27.0806839, -18.5795214 ], [ 27.0806932, -18.5795416 ], [ 27.0806866, -18.5795628 ], [ 27.0806673, -18.579575 ], [ 27.0806442, -18.5795725 ] ] ] ] } },
{ "type": "Feature", "properties": { "full_id": "w484551791", "osm_id": "484551791", "osm_type": "way", "waterway": null, "building": "yes", "name": null, "amenity": null, "brand": null, "wheelchair": null, "tourism": null }, "geometry": { "type": "MultiPolygon", "coordinates": [ [ [ [ 27.0793023, -18.580463 ], [ 27.0792862, -18.5804471 ], [ 27.0792848, -18.5804251 ], [ 27.0792986, -18.5804074 ], [ 27.0793212, -18.5804022 ], [ 27.079342, -18.580412 ], [ 27.0793513, -18.5804322 ], [ 27.0793447, -18.5804533 ], [ 27.0793254, -18.5804655 ], [ 27.0793023, -18.580463 ] ] ] ] } },
{ "type": "Feature", "properties": { "full_id": "w484551792", "osm_id": "484551792", "osm_type": "way", "waterway": null, "building": "yes", "name": null, "amenity": null, "brand": null, "wheelchair": null, "tourism": null }, "geometry": { "type": "MultiPolygon", "coordinates": [ [ [ [ 27.0790084, -18.5806056 ], [ 27.0789897, -18.5805869 ], [ 27.078988, -18.5805613 ], [ 27.0790041, -18.5805406 ], [ 27.0790304, -18.5805346 ], [ 27.0790547, -18.580546 ], [ 27.0790655, -18.5805696 ], [ 27.0790579, -18.5805942 ], [ 27.0790353, -18.5806084 ], [ 27.0790084, -18.5806056 ] ] ] ] } },
{ "type": "Feature", "properties": { "full_id": "w484551793", "osm_id": "484551793", "osm_type": "way", "waterway": null, "building": "yes", "name": null, "amenity": null, "brand": null, "wheelchair": null, "tourism": null }, "geometry": { "type": "MultiPolygon", "coordinates": [ [ [ [ 27.0791666, -18.5806931 ], [ 27.0791486, -18.5806532 ], [ 27.0792143, -18.5806265 ], [ 27.0792323, -18.5806664 ], [ 27.0791666, -18.5806931 ] ] ] ] } },
{ "type": "Feature", "properties": { "full_id": "w484552004", "osm_id": "484552004", "osm_type": "way", "waterway": null, "building": "yes", "name": null, "amenity": null, "brand": null, "wheelchair": null, "tourism": null }, "geometry": { "type": "MultiPolygon", "coordinates": [ [ [ [ 27.0768166, -18.5818534 ], [ 27.0768796, -18.5819131 ], [ 27.0768273, -18.5819627 ], [ 27.0767911, -18.5819284 ], [ 27.076777, -18.5819417 ], [ 27.0767502, -18.5819163 ], [ 27.0768166, -18.5818534 ] ] ] ] } },
{ "type": "Feature", "properties": { "full_id": "w484552005", "osm_id": "484552005", "osm_type": "way", "waterway": null, "building": "yes", "name": null, "amenity": null, "brand": null, "wheelchair": null, "tourism": null }, "geometry": { "type": "MultiPolygon", "coordinates": [ [ [ [ 27.0766664, -18.5819436 ], [ 27.076646, -18.5819212 ], [ 27.076713, -18.5818665 ], [ 27.0767334, -18.581889 ], [ 27.0766664, -18.5819436 ] ] ] ] } },
{ "type": "Feature", "properties": { "full_id": "w484552006", "osm_id": "484552006", "osm_type": "way", "waterway": null, "building": "yes", "name": null, "amenity": null, "brand": null, "wheelchair": null, "tourism": null }, "geometry": { "type": "MultiPolygon", "coordinates": [ [ [ [ 27.0766513, -18.5820663 ], [ 27.0766352, -18.5820503 ], [ 27.0766338, -18.5820283 ], [ 27.0766476, -18.5820106 ], [ 27.0766702, -18.5820054 ], [ 27.076691, -18.5820152 ], [ 27.0767003, -18.5820354 ], [ 27.0766937, -18.5820565 ], [ 27.0766744, -18.5820687 ], [ 27.0766513, -18.5820663 ] ] ] ] } },
{ "type": "Feature", "properties": { "full_id": "w484552007", "osm_id": "484552007", "osm_type": "way", "waterway": null, "building": "yes", "name": null, "amenity": null, "brand": null, "wheelchair": null, "tourism": null }, "geometry": { "type": "MultiPolygon", "coordinates": [ [ [ [ 27.076725, -18.5820129 ], [ 27.076709, -18.5819969 ], [ 27.0767075, -18.5819749 ], [ 27.0767213, -18.5819572 ], [ 27.0767439, -18.581952 ], [ 27.0767647, -18.5819618 ], [ 27.076774, -18.581982 ], [ 27.0767675, -18.5820032 ], [ 27.0767481, -18.5820153 ], [ 27.076725, -18.5820129 ] ] ] ] } },
{ "type": "Feature", "properties": { "full_id": "w484552008", "osm_id": "484552008", "osm_type": "way", "waterway": null, "building": "yes", "name": null, "amenity": null, "brand": null, "wheelchair": null, "tourism": null }, "geometry": { "type": "MultiPolygon", "coordinates": [ [ [ [ 27.0766566, -18.5821603 ], [ 27.0766406, -18.5821444 ], [ 27.0766391, -18.5821224 ], [ 27.0766529, -18.5821047 ], [ 27.0766755, -18.5820995 ], [ 27.0766963, -18.5821093 ], [ 27.0767056, -18.5821295 ], [ 27.0766991, -18.5821506 ], [ 27.0766797, -18.5821628 ], [ 27.0766566, -18.5821603 ] ] ] ] } },
{ "type": "Feature", "properties": { "full_id": "w484552335", "osm_id": "484552335", "osm_type": "way", "waterway": null, "building": "yes", "name": null, "amenity": null, "brand": null, "wheelchair": null, "tourism": null }, "geometry": { "type": "MultiPolygon", "coordinates": [ [ [ [ 27.0757925, -18.5853257 ], [ 27.0757801, -18.5853133 ], [ 27.075779, -18.5852963 ], [ 27.0757897, -18.5852826 ], [ 27.0758071, -18.5852786 ], [ 27.0758232, -18.5852862 ], [ 27.0758304, -18.5853018 ], [ 27.0758253, -18.5853181 ], [ 27.0758104, -18.5853276 ], [ 27.0757925, -18.5853257 ] ] ] ] } },
{ "type": "Feature", "properties": { "full_id": "w484552336", "osm_id": "484552336", "osm_type": "way", "waterway": null, "building": "yes", "name": null, "amenity": null, "brand": null, "wheelchair": null, "tourism": null }, "geometry": { "type": "MultiPolygon", "coordinates": [ [ [ [ 27.0759821, -18.5851141 ], [ 27.0759697, -18.5851018 ], [ 27.0759686, -18.5850848 ], [ 27.0759793, -18.5850711 ], [ 27.0759967, -18.5850671 ], [ 27.0760128, -18.5850746 ], [ 27.07602, -18.5850902 ], [ 27.0760149, -18.5851066 ], [ 27.076, -18.585116 ], [ 27.0759821, -18.5851141 ] ] ] ] } },
{ "type": "Feature", "properties": { "full_id": "w484552337", "osm_id": "484552337", "osm_type": "way", "waterway": null, "building": "yes", "name": null, "amenity": null, "brand": null, "wheelchair": null, "tourism": null }, "geometry": { "type": "MultiPolygon", "coordinates": [ [ [ [ 27.0760873, -18.5851359 ], [ 27.0760713, -18.5851199 ], [ 27.0760698, -18.585098 ], [ 27.0760836, -18.5850802 ], [ 27.0761062, -18.585075 ], [ 27.076127, -18.5850848 ], [ 27.0761363, -18.585105 ], [ 27.0761298, -18.5851262 ], [ 27.0761104, -18.5851384 ], [ 27.0760873, -18.5851359 ] ] ] ] } },
{ "type": "Feature", "properties": { "full_id": "w484552338", "osm_id": "484552338", "osm_type": "way", "waterway": null, "building": "yes", "name": null, "amenity": null, "brand": null, "wheelchair": null, "tourism": null }, "geometry": { "type": "MultiPolygon", "coordinates": [ [ [ [ 27.0764306, -18.5841495 ], [ 27.0764146, -18.5841335 ], [ 27.0764132, -18.5841115 ], [ 27.076427, -18.5840938 ], [ 27.0764495, -18.5840886 ], [ 27.0764704, -18.5840984 ], [ 27.0764797, -18.5841186 ], [ 27.0764731, -18.5841397 ], [ 27.0764537, -18.5841519 ], [ 27.0764306, -18.5841495 ] ] ] ] } },
{ "type": "Feature", "properties": { "full_id": "w484552339", "osm_id": "484552339", "osm_type": "way", "waterway": null, "building": "yes", "name": null, "amenity": null, "brand": null, "wheelchair": null, "tourism": null }, "geometry": { "type": "MultiPolygon", "coordinates": [ [ [ [ 27.0760736, -18.5852287 ], [ 27.0760607, -18.5852002 ], [ 27.0760982, -18.5851849 ], [ 27.0761111, -18.5852135 ], [ 27.0760736, -18.5852287 ] ] ] ] } },
{ "type": "Feature", "properties": { "full_id": "w484552340", "osm_id": "484552340", "osm_type": "way", "waterway": null, "building": "yes", "name": null, "amenity": null, "brand": null, "wheelchair": null, "tourism": null }, "geometry": { "type": "MultiPolygon", "coordinates": [ [ [ [ 27.0763462, -18.5840672 ], [ 27.0763716, -18.5840258 ], [ 27.0764119, -18.5840481 ], [ 27.0763864, -18.5840894 ], [ 27.0763462, -18.5840672 ] ] ] ] } },
{ "type": "Feature", "properties": { "full_id": "w484552341", "osm_id": "484552341", "osm_type": "way", "waterway": null, "building": "yes", "name": null, "amenity": null, "brand": null, "wheelchair": null, "tourism": null }, "geometry": { "type": "MultiPolygon", "coordinates": [ [ [ [ 27.0765232, -18.5840475 ], [ 27.0765601, -18.5839858 ], [ 27.0766149, -18.5840153 ], [ 27.076578, -18.584077 ], [ 27.0765232, -18.5840475 ] ] ] ] } },
{ "type": "Feature", "properties": { "full_id": "w484552342", "osm_id": "484552342", "osm_type": "way", "waterway": null, "building": "yes", "name": null, "amenity": null, "brand": null, "wheelchair": null, "tourism": null }, "geometry": { "type": "MultiPolygon", "coordinates": [ [ [ [ 27.0764736, -18.5839147 ], [ 27.0765265, -18.5839414 ], [ 27.0764992, -18.5839901 ], [ 27.0764462, -18.5839634 ], [ 27.0764736, -18.5839147 ] ] ] ] } },
{ "type": "Feature", "properties": { "full_id": "w484552466", "osm_id": "484552466", "osm_type": "way", "waterway": null, "building": "yes", "name": null, "amenity": null, "brand": null, "wheelchair": null, "tourism": null }, "geometry": { "type": "MultiPolygon", "coordinates": [ [ [ [ 27.0737782, -18.5852386 ], [ 27.0737659, -18.5852264 ], [ 27.0737649, -18.5852097 ], [ 27.0737754, -18.5851962 ], [ 27.0737925, -18.5851922 ], [ 27.0738084, -18.5851997 ], [ 27.0738155, -18.5852151 ], [ 27.0738105, -18.5852312 ], [ 27.0737958, -18.5852405 ], [ 27.0737782, -18.5852386 ] ] ] ] } },
{ "type": "Feature", "properties": { "full_id": "w484552467", "osm_id": "484552467", "osm_type": "way", "waterway": null, "building": "yes", "name": null, "amenity": null, "brand": null, "wheelchair": null, "tourism": null }, "geometry": { "type": "MultiPolygon", "coordinates": [ [ [ [ 27.0737467, -18.5851374 ], [ 27.0737325, -18.5851232 ], [ 27.0737312, -18.5851036 ], [ 27.0737435, -18.5850879 ], [ 27.0737635, -18.5850833 ], [ 27.073782, -18.585092 ], [ 27.0737903, -18.58511 ], [ 27.0737844, -18.5851287 ], [ 27.0737673, -18.5851396 ], [ 27.0737467, -18.5851374 ] ] ] ] } },
{ "type": "Feature", "properties": { "full_id": "w484552468", "osm_id": "484552468", "osm_type": "way", "waterway": null, "building": "yes", "name": null, "amenity": null, "brand": null, "wheelchair": null, "tourism": null }, "geometry": { "type": "MultiPolygon", "coordinates": [ [ [ [ 27.0739245, -18.5852296 ], [ 27.0739103, -18.5852153 ], [ 27.073909, -18.5851958 ], [ 27.0739213, -18.58518 ], [ 27.0739413, -18.5851754 ], [ 27.0739598, -18.5851842 ], [ 27.0739681, -18.5852021 ], [ 27.0739622, -18.5852208 ], [ 27.0739451, -18.5852318 ], [ 27.0739245, -18.5852296 ] ] ] ] } },
{ "type": "Feature", "properties": { "full_id": "w484552469", "osm_id": "484552469", "osm_type": "way", "waterway": null, "building": "yes", "name": null, "amenity": null, "brand": null, "wheelchair": null, "tourism": null }, "geometry": { "type": "MultiPolygon", "coordinates": [ [ [ [ 27.0735693, -18.5852141 ], [ 27.0736444, -18.5852192 ], [ 27.0736411, -18.5852629 ], [ 27.073566, -18.5852578 ], [ 27.0735693, -18.5852141 ] ] ] ] } },
{ "type": "Feature", "properties": { "full_id": "w484552470", "osm_id": "484552470", "osm_type": "way", "waterway": null, "building": "yes", "name": null, "amenity": null, "brand": null, "wheelchair": null, "tourism": null }, "geometry": { "type": "MultiPolygon", "coordinates": [ [ [ [ 27.0747911, -18.5855688 ], [ 27.0748648, -18.5855739 ], [ 27.074862, -18.5856101 ], [ 27.0747883, -18.585605 ], [ 27.0747911, -18.5855688 ] ] ] ] } },
{ "type": "Feature", "properties": { "full_id": "w484552471", "osm_id": "484552471", "osm_type": "way", "waterway": null, "building": "yes", "name": null, "amenity": null, "brand": null, "wheelchair": null, "tourism": null }, "geometry": { "type": "MultiPolygon", "coordinates": [ [ [ [ 27.0749091, -18.5855001 ], [ 27.0749573, -18.585501 ], [ 27.0749559, -18.5855709 ], [ 27.0749077, -18.58557 ], [ 27.0749091, -18.5855001 ] ] ] ] } },
{ "type": "Feature", "properties": { "full_id": "w484552694", "osm_id": "484552694", "osm_type": "way", "waterway": null, "building": "yes", "name": null, "amenity": null, "brand": null, "wheelchair": null, "tourism": null }, "geometry": { "type": "MultiPolygon", "coordinates": [ [ [ [ 27.0749657, -18.5836736 ], [ 27.0749564, -18.5836614 ], [ 27.0749575, -18.5836464 ], [ 27.0749686, -18.5836355 ], [ 27.0749844, -18.583634 ], [ 27.0749975, -18.5836424 ], [ 27.0750019, -18.5836569 ], [ 27.0749954, -18.5836707 ], [ 27.0749811, -18.5836772 ], [ 27.0749657, -18.5836736 ] ] ] ] } },
{ "type": "Feature", "properties": { "full_id": "w484552696", "osm_id": "484552696", "osm_type": "way", "waterway": null, "building": "yes", "name": null, "amenity": null, "brand": null, "wheelchair": null, "tourism": null }, "geometry": { "type": "MultiPolygon", "coordinates": [ [ [ [ 27.074924, -18.5835934 ], [ 27.0749146, -18.5835812 ], [ 27.0749158, -18.5835662 ], [ 27.0749268, -18.5835553 ], [ 27.0749426, -18.5835538 ], [ 27.0749558, -18.5835622 ], [ 27.0749601, -18.5835767 ], [ 27.0749537, -18.5835904 ], [ 27.0749394, -18.583597 ], [ 27.074924, -18.5835934 ] ] ] ] } },
{ "type": "Feature", "properties": { "full_id": "w484552698", "osm_id": "484552698", "osm_type": "way", "waterway": null, "building": "yes", "name": null, "amenity": null, "brand": null, "wheelchair": null, "tourism": null }, "geometry": { "type": "MultiPolygon", "coordinates": [ [ [ [ 27.074757, -18.5828844 ], [ 27.0747433, -18.5828665 ], [ 27.074745, -18.5828445 ], [ 27.0747611, -18.5828287 ], [ 27.0747842, -18.5828264 ], [ 27.0748035, -18.5828388 ], [ 27.0748099, -18.5828599 ], [ 27.0748004, -18.5828801 ], [ 27.0747795, -18.5828897 ], [ 27.074757, -18.5828844 ] ] ] ] } },
{ "type": "Feature", "properties": { "full_id": "w484552700", "osm_id": "484552700", "osm_type": "way", "waterway": null, "building": "yes", "name": null, "amenity": null, "brand": null, "wheelchair": null, "tourism": null }, "geometry": { "type": "MultiPolygon", "coordinates": [ [ [ [ 27.074894, -18.5837096 ], [ 27.0748686, -18.5836645 ], [ 27.0749088, -18.5836442 ], [ 27.0749342, -18.5836893 ], [ 27.074894, -18.5837096 ] ] ] ] } },
{ "type": "Feature", "properties": { "full_id": "w484552702", "osm_id": "484552702", "osm_type": "way", "waterway": null, "building": "yes", "name": null, "amenity": null, "brand": null, "wheelchair": null, "tourism": null }, "geometry": { "type": "MultiPolygon", "coordinates": [ [ [ [ 27.0748202, -18.5828255 ], [ 27.0748611, -18.5828096 ], [ 27.0748751, -18.5828421 ], [ 27.0748342, -18.5828579 ], [ 27.0748202, -18.5828255 ] ] ] ] } },
{ "type": "Feature", "properties": { "full_id": "w484552704", "osm_id": "484552704", "osm_type": "way", "waterway": null, "building": "yes", "name": null, "amenity": null, "brand": null, "wheelchair": null, "tourism": null }, "geometry": { "type": "MultiPolygon", "coordinates": [ [ [ [ 27.0746868, -18.5827798 ], [ 27.0746752, -18.5827337 ], [ 27.074743, -18.5827184 ], [ 27.0747545, -18.5827645 ], [ 27.0746868, -18.5827798 ] ] ] ] } },
{ "type": "Feature", "properties": { "full_id": "w484553155", "osm_id": "484553155", "osm_type": "way", "waterway": null, "building": "yes", "name": null, "amenity": null, "brand": null, "wheelchair": null, "tourism": null }, "geometry": { "type": "MultiPolygon", "coordinates": [ [ [ [ 27.072087, -18.5761097 ], [ 27.0720865, -18.5760792 ], [ 27.0721294, -18.5760786 ], [ 27.0721299, -18.5761091 ], [ 27.072087, -18.5761097 ] ] ] ] } },
{ "type": "Feature", "properties": { "full_id": "w484553156", "osm_id": "484553156", "osm_type": "way", "waterway": null, "building": "yes", "name": null, "amenity": null, "brand": null, "wheelchair": null, "tourism": null }, "geometry": { "type": "MultiPolygon", "coordinates": [ [ [ [ 27.0720421, -18.5761675 ], [ 27.0720877, -18.576172 ], [ 27.0720837, -18.5762086 ], [ 27.0720381, -18.5762041 ], [ 27.0720421, -18.5761675 ] ] ] ] } },
{ "type": "Feature", "properties": { "full_id": "w484553287", "osm_id": "484553287", "osm_type": "way", "waterway": null, "building": "yes", "name": null, "amenity": null, "brand": null, "wheelchair": null, "tourism": null }, "geometry": { "type": "MultiPolygon", "coordinates": [ [ [ [ 27.0724984, -18.5752606 ], [ 27.0725051, -18.5752186 ], [ 27.0725467, -18.5752246 ], [ 27.07254, -18.5752666 ], [ 27.0724984, -18.5752606 ] ] ] ] } },
{ "type": "Feature", "properties": { "full_id": "w484553288", "osm_id": "484553288", "osm_type": "way", "waterway": null, "building": "yes", "name": null, "amenity": null, "brand": null, "wheelchair": null, "tourism": null }, "geometry": { "type": "MultiPolygon", "coordinates": [ [ [ [ 27.0722315, -18.5753826 ], [ 27.0722364, -18.5753513 ], [ 27.0723531, -18.5753679 ], [ 27.0723482, -18.5753991 ], [ 27.0722315, -18.5753826 ] ] ] ] } },
{ "type": "Feature", "properties": { "full_id": "w484559440", "osm_id": "484559440", "osm_type": "way", "waterway": null, "building": "yes", "name": null, "amenity": null, "brand": null, "wheelchair": null, "tourism": null }, "geometry": { "type": "MultiPolygon", "coordinates": [ [ [ [ 27.1060033, -18.621384 ], [ 27.1061106, -18.6214476 ], [ 27.1060396, -18.6215552 ], [ 27.1059323, -18.6214916 ], [ 27.1060033, -18.621384 ] ] ] ] } },
{ "type": "Feature", "properties": { "full_id": "w484559441", "osm_id": "484559441", "osm_type": "way", "waterway": null, "building": "yes", "name": null, "amenity": null, "brand": null, "wheelchair": null, "tourism": null }, "geometry": { "type": "MultiPolygon", "coordinates": [ [ [ [ 27.1061428, -18.6213205 ], [ 27.1062213, -18.6213494 ], [ 27.1062026, -18.6213952 ], [ 27.106124, -18.6213662 ], [ 27.1061428, -18.6213205 ] ] ] ] } },
{ "type": "Feature", "properties": { "full_id": "w484578329", "osm_id": "484578329", "osm_type": "way", "waterway": null, "building": "yes", "name": null, "amenity": null, "brand": null, "wheelchair": null, "tourism": null }, "geometry": { "type": "MultiPolygon", "coordinates": [ [ [ [ 27.0346362, -18.5709529 ], [ 27.0346989, -18.5709699 ], [ 27.0346775, -18.5710411 ], [ 27.0346148, -18.5710241 ], [ 27.0346362, -18.5709529 ] ] ] ] } },
{ "type": "Feature", "properties": { "full_id": "w484578330", "osm_id": "484578330", "osm_type": "way", "waterway": null, "building": "yes", "name": null, "amenity": null, "brand": null, "wheelchair": null, "tourism": null }, "geometry": { "type": "MultiPolygon", "coordinates": [ [ [ [ 27.0369027, -18.5721708 ], [ 27.0369525, -18.5721635 ], [ 27.0369578, -18.5721966 ], [ 27.036908, -18.5722039 ], [ 27.0369027, -18.5721708 ] ] ] ] } },
{ "type": "Feature", "properties": { "full_id": "w484578332", "osm_id": "484578332", "osm_type": "way", "waterway": null, "building": "yes", "name": null, "amenity": null, "brand": null, "wheelchair": null, "tourism": null }, "geometry": { "type": "MultiPolygon", "coordinates": [ [ [ [ 27.03701, -18.5721988 ], [ 27.0370338, -18.5722314 ], [ 27.0369989, -18.5722543 ], [ 27.0369751, -18.5722217 ], [ 27.03701, -18.5721988 ] ] ] ] } },
{ "type": "Feature", "properties": { "full_id": "w484578334", "osm_id": "484578334", "osm_type": "way", "waterway": null, "building": "yes", "name": null, "amenity": null, "brand": null, "wheelchair": null, "tourism": null }, "geometry": { "type": "MultiPolygon", "coordinates": [ [ [ [ 27.0369858, -18.572275 ], [ 27.0370438, -18.5722995 ], [ 27.0370224, -18.5723452 ], [ 27.0369644, -18.5723208 ], [ 27.0369858, -18.572275 ] ] ] ] } },
{ "type": "Feature", "properties": { "full_id": "w484578335", "osm_id": "484578335", "osm_type": "way", "waterway": null, "building": "yes", "name": null, "amenity": null, "brand": null, "wheelchair": null, "tourism": null }, "geometry": { "type": "MultiPolygon", "coordinates": [ [ [ [ 27.0365567, -18.571886 ], [ 27.0365567, -18.5719166 ], [ 27.0365325, -18.5719166 ], [ 27.0365325, -18.571886 ], [ 27.0365567, -18.571886 ] ] ] ] } },
{ "type": "Feature", "properties": { "full_id": "w484578337", "osm_id": "484578337", "osm_type": "way", "waterway": null, "building": "yes", "name": null, "amenity": null, "brand": null, "wheelchair": null, "tourism": null }, "geometry": { "type": "MultiPolygon", "coordinates": [ [ [ [ 27.0364843, -18.5718555 ], [ 27.0365057, -18.5718835 ], [ 27.0364738, -18.5719055 ], [ 27.0364524, -18.5718775 ], [ 27.0364843, -18.5718555 ] ] ] ] } },
{ "type": "Feature", "properties": { "full_id": "w484578338", "osm_id": "484578338", "osm_type": "way", "waterway": null, "building": "yes", "name": null, "amenity": null, "brand": null, "wheelchair": null, "tourism": null }, "geometry": { "type": "MultiPolygon", "coordinates": [ [ [ [ 27.0367149, -18.5720259 ], [ 27.0367739, -18.5720183 ], [ 27.0367838, -18.5720871 ], [ 27.0367248, -18.5720947 ], [ 27.0367149, -18.5720259 ] ] ] ] } },
{ "type": "Feature", "properties": { "full_id": "w484578340", "osm_id": "484578340", "osm_type": "way", "waterway": null, "building": "yes", "name": null, "amenity": null, "brand": null, "wheelchair": null, "tourism": null }, "geometry": { "type": "MultiPolygon", "coordinates": [ [ [ [ 27.036849, -18.5720742 ], [ 27.0368866, -18.5720742 ], [ 27.0368866, -18.5721276 ], [ 27.036849, -18.5721276 ], [ 27.036849, -18.5720742 ] ] ] ] } },
{ "type": "Feature", "properties": { "full_id": "w484578341", "osm_id": "484578341", "osm_type": "way", "waterway": null, "building": "yes", "name": null, "amenity": null, "brand": null, "wheelchair": null, "tourism": null }, "geometry": { "type": "MultiPolygon", "coordinates": [ [ [ [ 27.0369617, -18.5720589 ], [ 27.037018, -18.5720589 ], [ 27.037018, -18.57212 ], [ 27.0369617, -18.57212 ], [ 27.0369617, -18.5720589 ] ] ] ] } },
{ "type": "Feature", "properties": { "full_id": "w484578367", "osm_id": "484578367", "osm_type": "way", "waterway": null, "building": "yes", "name": null, "amenity": null, "brand": null, "wheelchair": null, "tourism": null }, "geometry": { "type": "MultiPolygon", "coordinates": [ [ [ [ 27.0366479, -18.5683782 ], [ 27.0366988, -18.5683782 ], [ 27.0366988, -18.5684189 ], [ 27.0366479, -18.5684189 ], [ 27.0366479, -18.5683782 ] ] ] ] } },
{ "type": "Feature", "properties": { "full_id": "w484578477", "osm_id": "484578477", "osm_type": "way", "waterway": null, "building": "yes", "name": null, "amenity": null, "brand": null, "wheelchair": null, "tourism": null }, "geometry": { "type": "MultiPolygon", "coordinates": [ [ [ [ 27.0356651, -18.56878 ], [ 27.0357053, -18.5687825 ], [ 27.0357006, -18.5688492 ], [ 27.0356604, -18.5688466 ], [ 27.0356651, -18.56878 ] ] ] ] } },
{ "type": "Feature", "properties": { "full_id": "w484578478", "osm_id": "484578478", "osm_type": "way", "waterway": null, "building": "yes", "name": null, "amenity": null, "brand": null, "wheelchair": null, "tourism": null }, "geometry": { "type": "MultiPolygon", "coordinates": [ [ [ [ 27.0340558, -18.5706106 ], [ 27.0340933, -18.5706589 ], [ 27.0340484, -18.5706903 ], [ 27.0340108, -18.570642 ], [ 27.0340558, -18.5706106 ] ] ] ] } },
{ "type": "Feature", "properties": { "full_id": "w484578479", "osm_id": "484578479", "osm_type": "way", "waterway": null, "building": "yes", "name": null, "amenity": null, "brand": null, "wheelchair": null, "tourism": null }, "geometry": { "type": "MultiPolygon", "coordinates": [ [ [ [ 27.0339431, -18.5706004 ], [ 27.033972, -18.5705691 ], [ 27.0340149, -18.5706047 ], [ 27.033986, -18.570636 ], [ 27.0339431, -18.5706004 ] ] ] ] } },
{ "type": "Feature", "properties": { "full_id": "w484578480", "osm_id": "484578480", "osm_type": "way", "waterway": null, "building": "yes", "name": null, "amenity": null, "brand": null, "wheelchair": null, "tourism": null }, "geometry": { "type": "MultiPolygon", "coordinates": [ [ [ [ 27.0339941, -18.5705292 ], [ 27.0340289, -18.5705242 ], [ 27.034034, -18.5705553 ], [ 27.0339991, -18.5705604 ], [ 27.0339941, -18.5705292 ] ] ] ] } },
{ "type": "Feature", "properties": { "full_id": "w484578704", "osm_id": "484578704", "osm_type": "way", "waterway": null, "building": "yes", "name": null, "amenity": null, "brand": null, "wheelchair": null, "tourism": null }, "geometry": { "type": "MultiPolygon", "coordinates": [ [ [ [ 27.0399239, -18.5738633 ], [ 27.0399575, -18.5738455 ], [ 27.0399746, -18.5738746 ], [ 27.0399411, -18.5738924 ], [ 27.0399239, -18.5738633 ] ] ] ] } },
{ "type": "Feature", "properties": { "full_id": "w484578705", "osm_id": "484578705", "osm_type": "way", "waterway": null, "building": "yes", "name": null, "amenity": null, "brand": null, "wheelchair": null, "tourism": null }, "geometry": { "type": "MultiPolygon", "coordinates": [ [ [ [ 27.040101, -18.5738849 ], [ 27.0401302, -18.5738826 ], [ 27.0401328, -18.5739131 ], [ 27.0401037, -18.5739154 ], [ 27.040101, -18.5738849 ] ] ] ] } },
{ "type": "Feature", "properties": { "full_id": "w484578706", "osm_id": "484578706", "osm_type": "way", "waterway": null, "building": "yes", "name": null, "amenity": null, "brand": null, "wheelchair": null, "tourism": null }, "geometry": { "type": "MultiPolygon", "coordinates": [ [ [ [ 27.040101, -18.573979 ], [ 27.0401241, -18.5739636 ], [ 27.0401495, -18.5739979 ], [ 27.0401265, -18.5740133 ], [ 27.040101, -18.573979 ] ] ] ] } },
{ "type": "Feature", "properties": { "full_id": "w484578707", "osm_id": "484578707", "osm_type": "way", "waterway": null, "building": "yes", "name": null, "amenity": null, "brand": null, "wheelchair": null, "tourism": null }, "geometry": { "type": "MultiPolygon", "coordinates": [ [ [ [ 27.0386365, -18.5734234 ], [ 27.0386727, -18.5734209 ], [ 27.038675, -18.57345 ], [ 27.0386388, -18.5734525 ], [ 27.0386365, -18.5734234 ] ] ] ] } },
{ "type": "Feature", "properties": { "full_id": "w484578708", "osm_id": "484578708", "osm_type": "way", "waterway": null, "building": "yes", "name": null, "amenity": null, "brand": null, "wheelchair": null, "tourism": null }, "geometry": { "type": "MultiPolygon", "coordinates": [ [ [ [ 27.0386647, -18.5734717 ], [ 27.0386884, -18.5734557 ], [ 27.0387018, -18.5734735 ], [ 27.0386781, -18.5734895 ], [ 27.0386647, -18.5734717 ] ] ] ] } },
{ "type": "Feature", "properties": { "full_id": "w484578709", "osm_id": "484578709", "osm_type": "way", "waterway": null, "building": "yes", "name": null, "amenity": null, "brand": null, "wheelchair": null, "tourism": null }, "geometry": { "type": "MultiPolygon", "coordinates": [ [ [ [ 27.0393915, -18.5725908 ], [ 27.0394492, -18.572592 ], [ 27.0394481, -18.5726358 ], [ 27.0393905, -18.5726345 ], [ 27.0393915, -18.5725908 ] ] ] ] } },
{ "type": "Feature", "properties": { "full_id": "w484578710", "osm_id": "484578710", "osm_type": "way", "waterway": null, "building": "yes", "name": null, "amenity": null, "brand": null, "wheelchair": null, "tourism": null }, "geometry": { "type": "MultiPolygon", "coordinates": [ [ [ [ 27.0390589, -18.5727128 ], [ 27.0390791, -18.5727522 ], [ 27.0390359, -18.572772 ], [ 27.0390157, -18.5727326 ], [ 27.0390589, -18.5727128 ] ] ] ] } },
{ "type": "Feature", "properties": { "full_id": "w484578711", "osm_id": "484578711", "osm_type": "way", "waterway": null, "building": "yes", "name": null, "amenity": null, "brand": null, "wheelchair": null, "tourism": null }, "geometry": { "type": "MultiPolygon", "coordinates": [ [ [ [ 27.038898, -18.5727713 ], [ 27.0389472, -18.572767 ], [ 27.0389512, -18.572809 ], [ 27.038902, -18.5728132 ], [ 27.038898, -18.5727713 ] ] ] ] } },
{ "type": "Feature", "properties": { "full_id": "w484578712", "osm_id": "484578712", "osm_type": "way", "waterway": null, "building": "yes", "name": null, "amenity": null, "brand": null, "wheelchair": null, "tourism": null }, "geometry": { "type": "MultiPolygon", "coordinates": [ [ [ [ 27.0388336, -18.5728145 ], [ 27.0388524, -18.5728183 ], [ 27.0388492, -18.5728326 ], [ 27.0388304, -18.5728287 ], [ 27.0388336, -18.5728145 ] ] ] ] } },
{ "type": "Feature", "properties": { "full_id": "w484578713", "osm_id": "484578713", "osm_type": "way", "waterway": null, "building": "yes", "name": null, "amenity": null, "brand": null, "wheelchair": null, "tourism": null }, "geometry": { "type": "MultiPolygon", "coordinates": [ [ [ [ 27.0386767, -18.5724967 ], [ 27.0387049, -18.5725107 ], [ 27.0386926, -18.5725329 ], [ 27.0386644, -18.5725189 ], [ 27.0386767, -18.5724967 ] ] ] ] } },
{ "type": "Feature", "properties": { "full_id": "w484578714", "osm_id": "484578714", "osm_type": "way", "waterway": null, "building": "yes", "name": null, "amenity": null, "brand": null, "wheelchair": null, "tourism": null }, "geometry": { "type": "MultiPolygon", "coordinates": [ [ [ [ 27.0386687, -18.5725704 ], [ 27.03869, -18.5725569 ], [ 27.0387088, -18.5725836 ], [ 27.0386874, -18.5725971 ], [ 27.0386687, -18.5725704 ] ] ] ] } },
{ "type": "Feature", "properties": { "full_id": "w484578715", "osm_id": "484578715", "osm_type": "way", "waterway": null, "building": "yes", "name": null, "amenity": null, "brand": null, "wheelchair": null, "tourism": null }, "geometry": { "type": "MultiPolygon", "coordinates": [ [ [ [ 27.0387196, -18.5725475 ], [ 27.0387451, -18.5725374 ], [ 27.0387552, -18.57256 ], [ 27.0387297, -18.5725702 ], [ 27.0387196, -18.5725475 ] ] ] ] } },
{ "type": "Feature", "properties": { "full_id": "w484578716", "osm_id": "484578716", "osm_type": "way", "waterway": null, "building": "yes", "name": null, "amenity": null, "brand": null, "wheelchair": null, "tourism": null }, "geometry": { "type": "MultiPolygon", "coordinates": [ [ [ [ 27.0396155, -18.5715782 ], [ 27.0396611, -18.5715528 ], [ 27.0396805, -18.5715841 ], [ 27.0396349, -18.5716095 ], [ 27.0396155, -18.5715782 ] ] ] ] } },
{ "type": "Feature", "properties": { "full_id": "w484578718", "osm_id": "484578718", "osm_type": "way", "waterway": null, "building": "yes", "name": null, "amenity": null, "brand": null, "wheelchair": null, "tourism": null }, "geometry": { "type": "MultiPolygon", "coordinates": [ [ [ [ 27.0397174, -18.5715807 ], [ 27.0397657, -18.5715833 ], [ 27.0397642, -18.5716095 ], [ 27.0397159, -18.5716069 ], [ 27.0397174, -18.5715807 ] ] ] ] } },
{ "type": "Feature", "properties": { "full_id": "w484578719", "osm_id": "484578719", "osm_type": "way", "waterway": null, "building": "yes", "name": null, "amenity": null, "brand": null, "wheelchair": null, "tourism": null }, "geometry": { "type": "MultiPolygon", "coordinates": [ [ [ [ 27.0399722, -18.5716392 ], [ 27.0400259, -18.5716392 ], [ 27.0400259, -18.5716824 ], [ 27.0399722, -18.5716824 ], [ 27.0399722, -18.5716392 ] ] ] ] } },
{ "type": "Feature", "properties": { "full_id": "w484578720", "osm_id": "484578720", "osm_type": "way", "waterway": null, "building": "yes", "name": null, "amenity": null, "brand": null, "wheelchair": null, "tourism": null }, "geometry": { "type": "MultiPolygon", "coordinates": [ [ [ [ 27.0396423, -18.5713087 ], [ 27.039624, -18.5712695 ], [ 27.0396722, -18.5712492 ], [ 27.0396906, -18.5712883 ], [ 27.0396423, -18.5713087 ] ] ] ] } },
{ "type": "Feature", "properties": { "full_id": "w484578721", "osm_id": "484578721", "osm_type": "way", "waterway": null, "building": "yes", "name": null, "amenity": null, "brand": null, "wheelchair": null, "tourism": null }, "geometry": { "type": "MultiPolygon", "coordinates": [ [ [ [ 27.0367375, -18.5695975 ], [ 27.0368126, -18.5695797 ], [ 27.0368257, -18.5696294 ], [ 27.0367506, -18.5696472 ], [ 27.0367375, -18.5695975 ] ] ] ] } },
{ "type": "Feature", "properties": { "full_id": "w484578722", "osm_id": "484578722", "osm_type": "way", "waterway": null, "building": "yes", "name": null, "amenity": null, "brand": null, "wheelchair": null, "tourism": null }, "geometry": { "type": "MultiPolygon", "coordinates": [ [ [ [ 27.0367697, -18.5697679 ], [ 27.0367697, -18.5697399 ], [ 27.036834, -18.5697399 ], [ 27.036834, -18.5697679 ], [ 27.0367697, -18.5697679 ] ] ] ] } },
{ "type": "Feature", "properties": { "full_id": "w484578723", "osm_id": "484578723", "osm_type": "way", "waterway": null, "building": "yes", "name": null, "amenity": null, "brand": null, "wheelchair": null, "tourism": null }, "geometry": { "type": "MultiPolygon", "coordinates": [ [ [ [ 27.0369655, -18.5719189 ], [ 27.037001, -18.5718832 ], [ 27.0370493, -18.5719264 ], [ 27.0370138, -18.5719621 ], [ 27.0369655, -18.5719189 ] ] ] ] } },
{ "type": "Feature", "properties": { "full_id": "w484578724", "osm_id": "484578724", "osm_type": "way", "waterway": null, "building": "yes", "name": null, "amenity": null, "brand": null, "wheelchair": null, "tourism": null }, "geometry": { "type": "MultiPolygon", "coordinates": [ [ [ [ 27.0373437, -18.5722443 ], [ 27.0373893, -18.5722596 ], [ 27.0373806, -18.5722827 ], [ 27.037335, -18.5722675 ], [ 27.0373437, -18.5722443 ] ] ] ] } },
{ "type": "Feature", "properties": { "full_id": "w484578725", "osm_id": "484578725", "osm_type": "way", "waterway": null, "building": "yes", "name": null, "amenity": null, "brand": null, "wheelchair": null, "tourism": null }, "geometry": { "type": "MultiPolygon", "coordinates": [ [ [ [ 27.0373383, -18.572346 ], [ 27.0373326, -18.5723205 ], [ 27.0373836, -18.5723104 ], [ 27.0373893, -18.5723359 ], [ 27.0373383, -18.572346 ] ] ] ] } },
{ "type": "Feature", "properties": { "full_id": "w484578726", "osm_id": "484578726", "osm_type": "way", "waterway": null, "building": "yes", "name": null, "amenity": null, "brand": null, "wheelchair": null, "tourism": null }, "geometry": { "type": "MultiPolygon", "coordinates": [ [ [ [ 27.0375341, -18.5724605 ], [ 27.037547, -18.5724336 ], [ 27.0375765, -18.5724463 ], [ 27.0375636, -18.5724732 ], [ 27.0375341, -18.5724605 ] ] ] ] } },
{ "type": "Feature", "properties": { "full_id": "w484578727", "osm_id": "484578727", "osm_type": "way", "waterway": null, "building": "yes", "name": null, "amenity": null, "brand": null, "wheelchair": null, "tourism": null }, "geometry": { "type": "MultiPolygon", "coordinates": [ [ [ [ 27.0374751, -18.572496 ], [ 27.0374869, -18.5724779 ], [ 27.0375217, -18.5724982 ], [ 27.03751, -18.5725164 ], [ 27.0374751, -18.572496 ] ] ] ] } },
{ "type": "Feature", "properties": { "full_id": "w484578728", "osm_id": "484578728", "osm_type": "way", "waterway": null, "building": "yes", "name": null, "amenity": null, "brand": null, "wheelchair": null, "tourism": null }, "geometry": { "type": "MultiPolygon", "coordinates": [ [ [ [ 27.0375851, -18.5725342 ], [ 27.0376241, -18.5724646 ], [ 27.0377099, -18.5725078 ], [ 27.0376709, -18.5725774 ], [ 27.0375851, -18.5725342 ] ] ] ] } },
{ "type": "Feature", "properties": { "full_id": "w484578729", "osm_id": "484578729", "osm_type": "way", "waterway": null, "building": "yes", "name": null, "amenity": null, "brand": null, "wheelchair": null, "tourism": null }, "geometry": { "type": "MultiPolygon", "coordinates": [ [ [ [ 27.0378345, -18.572135 ], [ 27.0378945, -18.5721553 ], [ 27.0378811, -18.5721909 ], [ 27.0378211, -18.5721706 ], [ 27.0378345, -18.572135 ] ] ] ] } },
{ "type": "Feature", "properties": { "full_id": "w484578730", "osm_id": "484578730", "osm_type": "way", "waterway": null, "building": "yes", "name": null, "amenity": null, "brand": null, "wheelchair": null, "tourism": null }, "geometry": { "type": "MultiPolygon", "coordinates": [ [ [ [ 27.0377192, -18.572346 ], [ 27.0377523, -18.5723294 ], [ 27.0377765, -18.5723726 ], [ 27.0377433, -18.5723893 ], [ 27.0377192, -18.572346 ] ] ] ] } },
{ "type": "Feature", "properties": { "full_id": "w484578731", "osm_id": "484578731", "osm_type": "way", "waterway": null, "building": "yes", "name": null, "amenity": null, "brand": null, "wheelchair": null, "tourism": null }, "geometry": { "type": "MultiPolygon", "coordinates": [ [ [ [ 27.0376923, -18.5735054 ], [ 27.0377567, -18.5735003 ], [ 27.0377603, -18.5735414 ], [ 27.037696, -18.5735465 ], [ 27.0376923, -18.5735054 ] ] ] ] } },
{ "type": "Feature", "properties": { "full_id": "w484578732", "osm_id": "484578732", "osm_type": "way", "waterway": null, "building": "yes", "name": null, "amenity": null, "brand": null, "wheelchair": null, "tourism": null }, "geometry": { "type": "MultiPolygon", "coordinates": [ [ [ [ 27.0380464, -18.5731418 ], [ 27.0380813, -18.5731698 ], [ 27.0380666, -18.5731862 ], [ 27.0380318, -18.5731583 ], [ 27.0380464, -18.5731418 ] ] ] ] } },
{ "type": "Feature", "properties": { "full_id": "w484578733", "osm_id": "484578733", "osm_type": "way", "waterway": null, "building": "yes", "name": null, "amenity": null, "brand": null, "wheelchair": null, "tourism": null }, "geometry": { "type": "MultiPolygon", "coordinates": [ [ [ [ 27.0383146, -18.5730859 ], [ 27.0383924, -18.5730935 ], [ 27.0383856, -18.5731562 ], [ 27.0383078, -18.5731485 ], [ 27.0383146, -18.5730859 ] ] ] ] } },
{ "type": "Feature", "properties": { "full_id": "w484578734", "osm_id": "484578734", "osm_type": "way", "waterway": null, "building": "yes", "name": null, "amenity": null, "brand": null, "wheelchair": null, "tourism": null }, "geometry": { "type": "MultiPolygon", "coordinates": [ [ [ [ 27.0383602, -18.5732385 ], [ 27.0384702, -18.5732207 ], [ 27.0384808, -18.5732795 ], [ 27.0383708, -18.5732973 ], [ 27.0383602, -18.5732385 ] ] ] ] } },
{ "type": "Feature", "properties": { "full_id": "w484578906", "osm_id": "484578906", "osm_type": "way", "waterway": null, "building": "yes", "name": null, "amenity": null, "brand": null, "wheelchair": null, "tourism": null }, "geometry": { "type": "MultiPolygon", "coordinates": [ [ [ [ 27.0419605, -18.5735933 ], [ 27.0420141, -18.5735781 ], [ 27.0420265, -18.573617 ], [ 27.0419728, -18.5736323 ], [ 27.0419605, -18.5735933 ] ] ] ] } },
{ "type": "Feature", "properties": { "full_id": "w484578907", "osm_id": "484578907", "osm_type": "way", "waterway": null, "building": "yes", "name": null, "amenity": null, "brand": null, "wheelchair": null, "tourism": null }, "geometry": { "type": "MultiPolygon", "coordinates": [ [ [ [ 27.042108, -18.5735222 ], [ 27.0421396, -18.5735175 ], [ 27.042145, -18.5735506 ], [ 27.0421134, -18.5735552 ], [ 27.042108, -18.5735222 ] ] ] ] } },
{ "type": "Feature", "properties": { "full_id": "w484578908", "osm_id": "484578908", "osm_type": "way", "waterway": null, "building": "yes", "name": null, "amenity": null, "brand": null, "wheelchair": null, "tourism": null }, "geometry": { "type": "MultiPolygon", "coordinates": [ [ [ [ 27.0422153, -18.5735349 ], [ 27.0422642, -18.5735297 ], [ 27.0422695, -18.5735755 ], [ 27.0422207, -18.5735806 ], [ 27.0422153, -18.5735349 ] ] ] ] } },
{ "type": "Feature", "properties": { "full_id": "w484578909", "osm_id": "484578909", "osm_type": "way", "waterway": null, "building": "yes", "name": null, "amenity": null, "brand": null, "wheelchair": null, "tourism": null }, "geometry": { "type": "MultiPolygon", "coordinates": [ [ [ [ 27.0423816, -18.5736925 ], [ 27.0424099, -18.5736584 ], [ 27.0424474, -18.5736863 ], [ 27.0424191, -18.5737205 ], [ 27.0423816, -18.5736925 ] ] ] ] } },
{ "type": "Feature", "properties": { "full_id": "w484578910", "osm_id": "484578910", "osm_type": "way", "waterway": null, "building": "yes", "name": null, "amenity": null, "brand": null, "wheelchair": null, "tourism": null }, "geometry": { "type": "MultiPolygon", "coordinates": [ [ [ [ 27.0411585, -18.5757672 ], [ 27.0412524, -18.5758485 ], [ 27.0412056, -18.575897 ], [ 27.0411117, -18.5758157 ], [ 27.0411585, -18.5757672 ] ] ] ] } },
{ "type": "Feature", "properties": { "full_id": "w484578911", "osm_id": "484578911", "osm_type": "way", "waterway": null, "building": "yes", "name": null, "amenity": null, "brand": null, "wheelchair": null, "tourism": null }, "geometry": { "type": "MultiPolygon", "coordinates": [ [ [ [ 27.0414884, -18.5753756 ], [ 27.0415257, -18.5753368 ], [ 27.0415552, -18.5753622 ], [ 27.0415179, -18.5754011 ], [ 27.0414884, -18.5753756 ] ] ] ] } },
{ "type": "Feature", "properties": { "full_id": "w484578912", "osm_id": "484578912", "osm_type": "way", "waterway": null, "building": "yes", "name": null, "amenity": null, "brand": null, "wheelchair": null, "tourism": null }, "geometry": { "type": "MultiPolygon", "coordinates": [ [ [ [ 27.0413999, -18.5753044 ], [ 27.0414637, -18.5753091 ], [ 27.041461, -18.5753421 ], [ 27.0413972, -18.5753375 ], [ 27.0413999, -18.5753044 ] ] ] ] } },
{ "type": "Feature", "properties": { "full_id": "w484578913", "osm_id": "484578913", "osm_type": "way", "waterway": null, "building": "yes", "name": null, "amenity": null, "brand": null, "wheelchair": null, "tourism": null }, "geometry": { "type": "MultiPolygon", "coordinates": [ [ [ [ 27.0414509, -18.5754748 ], [ 27.0415165, -18.5755089 ], [ 27.0414549, -18.5756157 ], [ 27.0413892, -18.5755816 ], [ 27.0414509, -18.5754748 ] ] ] ] } },
{ "type": "Feature", "properties": { "full_id": "w484578914", "osm_id": "484578914", "osm_type": "way", "waterway": null, "building": "yes", "name": null, "amenity": null, "brand": null, "wheelchair": null, "tourism": null }, "geometry": { "type": "MultiPolygon", "coordinates": [ [ [ [ 27.0404906, -18.5745493 ], [ 27.0405416, -18.5745264 ], [ 27.0405639, -18.574571 ], [ 27.0405129, -18.5745939 ], [ 27.0404906, -18.5745493 ] ] ] ] } },
{ "type": "Feature", "properties": { "full_id": "w484578915", "osm_id": "484578915", "osm_type": "way", "waterway": null, "building": "yes", "name": null, "amenity": null, "brand": null, "wheelchair": null, "tourism": null }, "geometry": { "type": "MultiPolygon", "coordinates": [ [ [ [ 27.0405872, -18.5746383 ], [ 27.0406392, -18.5746072 ], [ 27.0406713, -18.5746555 ], [ 27.0406194, -18.5746866 ], [ 27.0405872, -18.5746383 ] ] ] ] } },
{ "type": "Feature", "properties": { "full_id": "w484578916", "osm_id": "484578916", "osm_type": "way", "waterway": null, "building": "yes", "name": null, "amenity": null, "brand": null, "wheelchair": null, "tourism": null }, "geometry": { "type": "MultiPolygon", "coordinates": [ [ [ [ 27.0405282, -18.5747171 ], [ 27.040563, -18.5747044 ], [ 27.040574, -18.5747313 ], [ 27.0405391, -18.574744 ], [ 27.0405282, -18.5747171 ] ] ] ] } },
{ "type": "Feature", "properties": { "full_id": "w484578917", "osm_id": "484578917", "osm_type": "way", "waterway": null, "building": "yes", "name": null, "amenity": null, "brand": null, "wheelchair": null, "tourism": null }, "geometry": { "type": "MultiPolygon", "coordinates": [ [ [ [ 27.0406837, -18.5746892 ], [ 27.0407133, -18.5746586 ], [ 27.0407454, -18.5746866 ], [ 27.0407159, -18.5747171 ], [ 27.0406837, -18.5746892 ] ] ] ] } },
{ "type": "Feature", "properties": { "full_id": "w484578918", "osm_id": "484578918", "osm_type": "way", "waterway": null, "building": "yes", "name": null, "amenity": null, "brand": null, "wheelchair": null, "tourism": null }, "geometry": { "type": "MultiPolygon", "coordinates": [ [ [ [ 27.0405684, -18.5747603 ], [ 27.0406237, -18.574726 ], [ 27.0406747, -18.5747997 ], [ 27.0406194, -18.5748341 ], [ 27.0405684, -18.5747603 ] ] ] ] } },
{ "type": "Feature", "properties": { "full_id": "w484578919", "osm_id": "484578919", "osm_type": "way", "waterway": null, "building": "yes", "name": null, "amenity": null, "brand": null, "wheelchair": null, "tourism": null }, "geometry": { "type": "MultiPolygon", "coordinates": [ [ [ [ 27.040445, -18.5748188 ], [ 27.0404922, -18.5747965 ], [ 27.0405405, -18.574888 ], [ 27.0404933, -18.5749104 ], [ 27.040445, -18.5748188 ] ] ] ] } },
{ "type": "Feature", "properties": { "full_id": "w484578920", "osm_id": "484578920", "osm_type": "way", "waterway": null, "building": "yes", "name": null, "amenity": null, "brand": null, "wheelchair": null, "tourism": null }, "geometry": { "type": "MultiPolygon", "coordinates": [ [ [ [ 27.0405416, -18.5749409 ], [ 27.0405724, -18.5749054 ], [ 27.040618, -18.574941 ], [ 27.0405872, -18.5749765 ], [ 27.0405416, -18.5749409 ] ] ] ] } },
{ "type": "Feature", "properties": { "full_id": "w484578921", "osm_id": "484578921", "osm_type": "way", "waterway": null, "building": "yes", "name": null, "amenity": null, "brand": null, "wheelchair": null, "tourism": null }, "geometry": { "type": "MultiPolygon", "coordinates": [ [ [ [ 27.040665, -18.5750171 ], [ 27.0407347, -18.5749637 ], [ 27.0407833, -18.5750207 ], [ 27.0407135, -18.5750741 ], [ 27.040665, -18.5750171 ] ] ] ] } },
{ "type": "Feature", "properties": { "full_id": "w484578922", "osm_id": "484578922", "osm_type": "way", "waterway": null, "building": "yes", "name": null, "amenity": null, "brand": null, "wheelchair": null, "tourism": null }, "geometry": { "type": "MultiPolygon", "coordinates": [ [ [ [ 27.0407428, -18.5748849 ], [ 27.0407657, -18.5748306 ], [ 27.0408327, -18.574856 ], [ 27.0408098, -18.5749104 ], [ 27.0407428, -18.5748849 ] ] ] ] } },
{ "type": "Feature", "properties": { "full_id": "w484579034", "osm_id": "484579034", "osm_type": "way", "waterway": null, "building": "yes", "name": null, "amenity": null, "brand": null, "wheelchair": null, "tourism": null }, "geometry": { "type": "MultiPolygon", "coordinates": [ [ [ [ 27.0430935, -18.5772789 ], [ 27.043131, -18.5772891 ], [ 27.0431178, -18.5773331 ], [ 27.0430802, -18.5773229 ], [ 27.0430935, -18.5772789 ] ] ] ] } },
{ "type": "Feature", "properties": { "full_id": "w484579035", "osm_id": "484579035", "osm_type": "way", "waterway": null, "building": "yes", "name": null, "amenity": null, "brand": null, "wheelchair": null, "tourism": null }, "geometry": { "type": "MultiPolygon", "coordinates": [ [ [ [ 27.0429218, -18.5773196 ], [ 27.0429613, -18.5773246 ], [ 27.042956, -18.5773627 ], [ 27.0429164, -18.5773577 ], [ 27.0429218, -18.5773196 ] ] ] ] } },
{ "type": "Feature", "properties": { "full_id": "w484579036", "osm_id": "484579036", "osm_type": "way", "waterway": null, "building": "yes", "name": null, "amenity": null, "brand": null, "wheelchair": null, "tourism": null }, "geometry": { "type": "MultiPolygon", "coordinates": [ [ [ [ 27.0430506, -18.5773628 ], [ 27.043123, -18.5773653 ], [ 27.0431206, -18.5774268 ], [ 27.0430482, -18.5774242 ], [ 27.0430506, -18.5773628 ] ] ] ] } },
{ "type": "Feature", "properties": { "full_id": "w484579037", "osm_id": "484579037", "osm_type": "way", "waterway": null, "building": "yes", "name": null, "amenity": null, "brand": null, "wheelchair": null, "tourism": null }, "geometry": { "type": "MultiPolygon", "coordinates": [ [ [ [ 27.0429969, -18.5775891 ], [ 27.0430184, -18.5775281 ], [ 27.0430498, -18.577538 ], [ 27.0430283, -18.577599 ], [ 27.0429969, -18.5775891 ] ] ] ] } },
{ "type": "Feature", "properties": { "full_id": "w484579038", "osm_id": "484579038", "osm_type": "way", "waterway": null, "building": "yes", "name": null, "amenity": null, "brand": null, "wheelchair": null, "tourism": null }, "geometry": { "type": "MultiPolygon", "coordinates": [ [ [ [ 27.0430023, -18.5774543 ], [ 27.0430441, -18.5774411 ], [ 27.0430575, -18.5774792 ], [ 27.0430157, -18.5774925 ], [ 27.0430023, -18.5774543 ] ] ] ] } },
{ "type": "Feature", "properties": { "full_id": "w484579039", "osm_id": "484579039", "osm_type": "way", "waterway": null, "building": "yes", "name": null, "amenity": null, "brand": null, "wheelchair": null, "tourism": null }, "geometry": { "type": "MultiPolygon", "coordinates": [ [ [ [ 27.0433322, -18.5781027 ], [ 27.0433858, -18.578123 ], [ 27.0433832, -18.5781291 ], [ 27.0433296, -18.5781088 ], [ 27.0433322, -18.5781027 ] ] ] ] } },
{ "type": "Feature", "properties": { "full_id": "w484579040", "osm_id": "484579040", "osm_type": "way", "waterway": null, "building": "yes", "name": null, "amenity": null, "brand": null, "wheelchair": null, "tourism": null }, "geometry": { "type": "MultiPolygon", "coordinates": [ [ [ [ 27.0434422, -18.578062 ], [ 27.0434761, -18.5780522 ], [ 27.0434949, -18.5781107 ], [ 27.0434609, -18.5781205 ], [ 27.0434422, -18.578062 ] ] ] ] } },
{ "type": "Feature", "properties": { "full_id": "w484579041", "osm_id": "484579041", "osm_type": "way", "waterway": null, "building": "yes", "name": null, "amenity": null, "brand": null, "wheelchair": null, "tourism": null }, "geometry": { "type": "MultiPolygon", "coordinates": [ [ [ [ 27.0432598, -18.5784484 ], [ 27.0433112, -18.5784462 ], [ 27.0433139, -18.5785021 ], [ 27.0432625, -18.5785044 ], [ 27.0432598, -18.5784484 ] ] ] ] } },
{ "type": "Feature", "properties": { "full_id": "w484579042", "osm_id": "484579042", "osm_type": "way", "waterway": null, "building": "yes", "name": null, "amenity": null, "brand": null, "wheelchair": null, "tourism": null }, "geometry": { "type": "MultiPolygon", "coordinates": [ [ [ [ 27.043308, -18.5783696 ], [ 27.0433805, -18.5783874 ], [ 27.0433685, -18.5784312 ], [ 27.0432961, -18.5784134 ], [ 27.043308, -18.5783696 ] ] ] ] } },
{ "type": "Feature", "properties": { "full_id": "w484579043", "osm_id": "484579043", "osm_type": "way", "waterway": null, "building": "yes", "name": null, "amenity": null, "brand": null, "wheelchair": null, "tourism": null }, "geometry": { "type": "MultiPolygon", "coordinates": [ [ [ [ 27.0437157, -18.5784535 ], [ 27.0437728, -18.5784484 ], [ 27.0437809, -18.5785298 ], [ 27.0437238, -18.5785349 ], [ 27.0437157, -18.5784535 ] ] ] ] } },
{ "type": "Feature", "properties": { "full_id": "w484579044", "osm_id": "484579044", "osm_type": "way", "waterway": null, "building": "yes", "name": null, "amenity": null, "brand": null, "wheelchair": null, "tourism": null }, "geometry": { "type": "MultiPolygon", "coordinates": [ [ [ [ 27.0439008, -18.578451 ], [ 27.0439561, -18.5784401 ], [ 27.0439695, -18.5785011 ], [ 27.0439142, -18.578512 ], [ 27.0439008, -18.578451 ] ] ] ] } },
{ "type": "Feature", "properties": { "full_id": "w484579045", "osm_id": "484579045", "osm_type": "way", "waterway": null, "building": "yes", "name": null, "amenity": null, "brand": null, "wheelchair": null, "tourism": null }, "geometry": { "type": "MultiPolygon", "coordinates": [ [ [ [ 27.0434851, -18.5781789 ], [ 27.0435521, -18.5781484 ], [ 27.0435782, -18.5781999 ], [ 27.0435112, -18.5782304 ], [ 27.0434851, -18.5781789 ] ] ] ] } },
{ "type": "Feature", "properties": { "full_id": "w484579046", "osm_id": "484579046", "osm_type": "way", "waterway": null, "building": "yes", "name": null, "amenity": null, "brand": null, "wheelchair": null, "tourism": null }, "geometry": { "type": "MultiPolygon", "coordinates": [ [ [ [ 27.0435441, -18.5780569 ], [ 27.0436036, -18.578073 ], [ 27.0435929, -18.5781086 ], [ 27.0435334, -18.5780925 ], [ 27.0435441, -18.5780569 ] ] ] ] } },
{ "type": "Feature", "properties": { "full_id": "w484579122", "osm_id": "484579122", "osm_type": "way", "waterway": null, "building": "yes", "name": null, "amenity": null, "brand": null, "wheelchair": null, "tourism": null }, "geometry": { "type": "MultiPolygon", "coordinates": [ [ [ [ 27.0449388, -18.5806467 ], [ 27.0450032, -18.5806518 ], [ 27.0449999, -18.5806899 ], [ 27.0449355, -18.5806848 ], [ 27.0449388, -18.5806467 ] ] ] ] } },
{ "type": "Feature", "properties": { "full_id": "w484579123", "osm_id": "484579123", "osm_type": "way", "waterway": null, "building": "yes", "name": null, "amenity": null, "brand": null, "wheelchair": null, "tourism": null }, "geometry": { "type": "MultiPolygon", "coordinates": [ [ [ [ 27.045089, -18.5811298 ], [ 27.0451339, -18.5811147 ], [ 27.04515, -18.581158 ], [ 27.0451051, -18.581173 ], [ 27.045089, -18.5811298 ] ] ] ] } },
{ "type": "Feature", "properties": { "full_id": "w484579124", "osm_id": "484579124", "osm_type": "way", "waterway": null, "building": "yes", "name": null, "amenity": null, "brand": null, "wheelchair": null, "tourism": null }, "geometry": { "type": "MultiPolygon", "coordinates": [ [ [ [ 27.0448289, -18.5806391 ], [ 27.0448691, -18.5806238 ], [ 27.0448883, -18.5806694 ], [ 27.0448481, -18.5806847 ], [ 27.0448289, -18.5806391 ] ] ] ] } },
{ "type": "Feature", "properties": { "full_id": "w484579125", "osm_id": "484579125", "osm_type": "way", "waterway": null, "building": "yes", "name": null, "amenity": null, "brand": null, "wheelchair": null, "tourism": null }, "geometry": { "type": "MultiPolygon", "coordinates": [ [ [ [ 27.0438177, -18.5801052 ], [ 27.0438681, -18.5801399 ], [ 27.0438466, -18.5801679 ], [ 27.0437962, -18.5801331 ], [ 27.0438177, -18.5801052 ] ] ] ] } },
{ "type": "Feature", "properties": { "full_id": "w484579126", "osm_id": "484579126", "osm_type": "way", "waterway": null, "building": "yes", "name": null, "amenity": null, "brand": null, "wheelchair": null, "tourism": null }, "geometry": { "type": "MultiPolygon", "coordinates": [ [ [ [ 27.0435146, -18.5799908 ], [ 27.0435575, -18.5799806 ], [ 27.0435714, -18.5800332 ], [ 27.0435285, -18.5800434 ], [ 27.0435146, -18.5799908 ] ] ] ] } },
{ "type": "Feature", "properties": { "full_id": "w484579127", "osm_id": "484579127", "osm_type": "way", "waterway": null, "building": "yes", "name": null, "amenity": null, "brand": null, "wheelchair": null, "tourism": null }, "geometry": { "type": "MultiPolygon", "coordinates": [ [ [ [ 27.0432276, -18.5790348 ], [ 27.0432768, -18.5790841 ], [ 27.0432259, -18.5791299 ], [ 27.0431766, -18.5790806 ], [ 27.0432276, -18.5790348 ] ] ] ] } },
{ "type": "Feature", "properties": { "full_id": "w484579128", "osm_id": "484579128", "osm_type": "way", "waterway": null, "building": "yes", "name": null, "amenity": null, "brand": null, "wheelchair": null, "tourism": null }, "geometry": { "type": "MultiPolygon", "coordinates": [ [ [ [ 27.0432812, -18.5792153 ], [ 27.0433322, -18.5792611 ], [ 27.0432883, -18.579305 ], [ 27.0432373, -18.5792593 ], [ 27.0432812, -18.5792153 ] ] ] ] } },
{ "type": "Feature", "properties": { "full_id": "w484579129", "osm_id": "484579129", "osm_type": "way", "waterway": null, "building": "yes", "name": null, "amenity": null, "brand": null, "wheelchair": null, "tourism": null }, "geometry": { "type": "MultiPolygon", "coordinates": [ [ [ [ 27.0434851, -18.5791696 ], [ 27.0435494, -18.5792102 ], [ 27.0435156, -18.5792584 ], [ 27.0434512, -18.5792177 ], [ 27.0434851, -18.5791696 ] ] ] ] } },
{ "type": "Feature", "properties": { "full_id": "w484579130", "osm_id": "484579130", "osm_type": "way", "waterway": null, "building": "yes", "name": null, "amenity": null, "brand": null, "wheelchair": null, "tourism": null }, "geometry": { "type": "MultiPolygon", "coordinates": [ [ [ [ 27.0436809, -18.5795052 ], [ 27.0436761, -18.5794767 ], [ 27.0437431, -18.5794665 ], [ 27.0437479, -18.579495 ], [ 27.0436809, -18.5795052 ] ] ] ] } },
{ "type": "Feature", "properties": { "full_id": "w484579131", "osm_id": "484579131", "osm_type": "way", "waterway": null, "building": "yes", "name": null, "amenity": null, "brand": null, "wheelchair": null, "tourism": null }, "geometry": { "type": "MultiPolygon", "coordinates": [ [ [ [ 27.0436272, -18.5794111 ], [ 27.0436836, -18.5794009 ], [ 27.0436934, -18.57945 ], [ 27.0436371, -18.5794602 ], [ 27.0436272, -18.5794111 ] ] ] ] } },
{ "type": "Feature", "properties": { "full_id": "w484579132", "osm_id": "484579132", "osm_type": "way", "waterway": null, "building": "yes", "name": null, "amenity": null, "brand": null, "wheelchair": null, "tourism": null }, "geometry": { "type": "MultiPolygon", "coordinates": [ [ [ [ 27.045368, -18.5791899 ], [ 27.0454404, -18.5791772 ], [ 27.04545, -18.5792264 ], [ 27.0453776, -18.5792391 ], [ 27.045368, -18.5791899 ] ] ] ] } },
{ "type": "Feature", "properties": { "full_id": "w484579134", "osm_id": "484579134", "osm_type": "way", "waterway": null, "building": "yes", "name": null, "amenity": null, "brand": null, "wheelchair": null, "tourism": null }, "geometry": { "type": "MultiPolygon", "coordinates": [ [ [ [ 27.0451641, -18.5793069 ], [ 27.0452097, -18.579284 ], [ 27.0452447, -18.5793466 ], [ 27.0451991, -18.5793695 ], [ 27.0451641, -18.5793069 ] ] ] ] } },
{ "type": "Feature", "properties": { "full_id": "w484579135", "osm_id": "484579135", "osm_type": "way", "waterway": null, "building": "yes", "name": null, "amenity": null, "brand": null, "wheelchair": null, "tourism": null }, "geometry": { "type": "MultiPolygon", "coordinates": [ [ [ [ 27.0454887, -18.5793831 ], [ 27.0455584, -18.5793882 ], [ 27.0455533, -18.5794514 ], [ 27.0454836, -18.5794463 ], [ 27.0454887, -18.5793831 ] ] ] ] } },
{ "type": "Feature", "properties": { "full_id": "w484579136", "osm_id": "484579136", "osm_type": "way", "waterway": null, "building": "yes", "name": null, "amenity": null, "brand": null, "wheelchair": null, "tourism": null }, "geometry": { "type": "MultiPolygon", "coordinates": [ [ [ [ 27.0454431, -18.5793984 ], [ 27.0454605, -18.5793956 ], [ 27.0454712, -18.5794567 ], [ 27.0454538, -18.5794594 ], [ 27.0454431, -18.5793984 ] ] ] ] } },
{ "type": "Feature", "properties": { "full_id": "w484579137", "osm_id": "484579137", "osm_type": "way", "waterway": null, "building": "yes", "name": null, "amenity": null, "brand": null, "wheelchair": null, "tourism": null }, "geometry": { "type": "MultiPolygon", "coordinates": [ [ [ [ 27.0455155, -18.5792916 ], [ 27.0455531, -18.5792916 ], [ 27.0455531, -18.5793297 ], [ 27.0455155, -18.5793297 ], [ 27.0455155, -18.5792916 ] ] ] ] } },
{ "type": "Feature", "properties": { "full_id": "w484579138", "osm_id": "484579138", "osm_type": "way", "waterway": null, "building": "yes", "name": null, "amenity": null, "brand": null, "wheelchair": null, "tourism": null }, "geometry": { "type": "MultiPolygon", "coordinates": [ [ [ [ 27.045427, -18.5793297 ], [ 27.045447, -18.5793179 ], [ 27.0454604, -18.5793382 ], [ 27.0454404, -18.5793501 ], [ 27.045427, -18.5793297 ] ] ] ] } },
{ "type": "Feature", "properties": { "full_id": "w484579139", "osm_id": "484579139", "osm_type": "way", "waterway": null, "building": "yes", "name": null, "amenity": null, "brand": null, "wheelchair": null, "tourism": null }, "geometry": { "type": "MultiPolygon", "coordinates": [ [ [ [ 27.0453626, -18.5793475 ], [ 27.0453851, -18.5793409 ], [ 27.0453985, -18.5793816 ], [ 27.045376, -18.5793882 ], [ 27.0453626, -18.5793475 ] ] ] ] } },
{ "type": "Feature", "properties": { "full_id": "w484579140", "osm_id": "484579140", "osm_type": "way", "waterway": null, "building": "yes", "name": null, "amenity": null, "brand": null, "wheelchair": null, "tourism": null }, "geometry": { "type": "MultiPolygon", "coordinates": [ [ [ [ 27.0447886, -18.578956 ], [ 27.0447992, -18.5789937 ], [ 27.044759, -18.5790038 ], [ 27.0447484, -18.5789662 ], [ 27.0447886, -18.578956 ] ] ] ] } },
{ "type": "Feature", "properties": { "full_id": "w484579141", "osm_id": "484579141", "osm_type": "way", "waterway": null, "building": "yes", "name": null, "amenity": null, "brand": null, "wheelchair": null, "tourism": null }, "geometry": { "type": "MultiPolygon", "coordinates": [ [ [ [ 27.0447645, -18.5788492 ], [ 27.0448074, -18.5788569 ], [ 27.0448014, -18.5788872 ], [ 27.0447585, -18.5788796 ], [ 27.0447645, -18.5788492 ] ] ] ] } },
{ "type": "Feature", "properties": { "full_id": "w484579289", "osm_id": "484579289", "osm_type": "way", "waterway": null, "building": "yes", "name": null, "amenity": null, "brand": null, "wheelchair": null, "tourism": null }, "geometry": { "type": "MultiPolygon", "coordinates": [ [ [ [ 27.0469409, -18.581622 ], [ 27.0469506, -18.5816006 ], [ 27.0470069, -18.5816234 ], [ 27.0469972, -18.5816449 ], [ 27.0469409, -18.581622 ] ] ] ] } },
{ "type": "Feature", "properties": { "full_id": "w484579291", "osm_id": "484579291", "osm_type": "way", "waterway": null, "building": "yes", "name": null, "amenity": null, "brand": null, "wheelchair": null, "tourism": null }, "geometry": { "type": "MultiPolygon", "coordinates": [ [ [ [ 27.0474988, -18.5816678 ], [ 27.0475578, -18.5816678 ], [ 27.0475578, -18.5817161 ], [ 27.0474988, -18.5817161 ], [ 27.0474988, -18.5816678 ] ] ] ] } },
{ "type": "Feature", "properties": { "full_id": "w484579293", "osm_id": "484579293", "osm_type": "way", "waterway": null, "building": "yes", "name": null, "amenity": null, "brand": null, "wheelchair": null, "tourism": null }, "geometry": { "type": "MultiPolygon", "coordinates": [ [ [ [ 27.0475175, -18.5814873 ], [ 27.0476542, -18.58149 ], [ 27.0476515, -18.5816095 ], [ 27.0475149, -18.5816068 ], [ 27.0475175, -18.5814873 ] ] ] ] } },
{ "type": "Feature", "properties": { "full_id": "w484579294", "osm_id": "484579294", "osm_type": "way", "waterway": null, "building": "yes", "name": null, "amenity": null, "brand": null, "wheelchair": null, "tourism": null }, "geometry": { "type": "MultiPolygon", "coordinates": [ [ [ [ 27.0473083, -18.5815407 ], [ 27.0473768, -18.5815491 ], [ 27.0473687, -18.5816076 ], [ 27.0473003, -18.5815992 ], [ 27.0473083, -18.5815407 ] ] ] ] } },
{ "type": "Feature", "properties": { "full_id": "w484579296", "osm_id": "484579296", "osm_type": "way", "waterway": null, "building": "yes", "name": null, "amenity": null, "brand": null, "wheelchair": null, "tourism": null }, "geometry": { "type": "MultiPolygon", "coordinates": [ [ [ [ 27.0469838, -18.5815534 ], [ 27.0470181, -18.5815339 ], [ 27.0470422, -18.581572 ], [ 27.0470079, -18.5815915 ], [ 27.0469838, -18.5815534 ] ] ] ] } },
{ "type": "Feature", "properties": { "full_id": "w484579297", "osm_id": "484579297", "osm_type": "way", "waterway": null, "building": "yes", "name": null, "amenity": null, "brand": null, "wheelchair": null, "tourism": null }, "geometry": { "type": "MultiPolygon", "coordinates": [ [ [ [ 27.0469328, -18.5814771 ], [ 27.0469838, -18.5814924 ], [ 27.0469719, -18.581528 ], [ 27.0469209, -18.5815128 ], [ 27.0469328, -18.5814771 ] ] ] ] } },
{ "type": "Feature", "properties": { "full_id": "w484579298", "osm_id": "484579298", "osm_type": "way", "waterway": null, "building": "yes", "name": null, "amenity": null, "brand": null, "wheelchair": null, "tourism": null }, "geometry": { "type": "MultiPolygon", "coordinates": [ [ [ [ 27.0459431, -18.581678 ], [ 27.0460075, -18.5816831 ], [ 27.0460023, -18.5817413 ], [ 27.045938, -18.5817363 ], [ 27.0459431, -18.581678 ] ] ] ] } },
{ "type": "Feature", "properties": { "full_id": "w484579300", "osm_id": "484579300", "osm_type": "way", "waterway": null, "building": "yes", "name": null, "amenity": null, "brand": null, "wheelchair": null, "tourism": null }, "geometry": { "type": "MultiPolygon", "coordinates": [ [ [ [ 27.0458143, -18.5815534 ], [ 27.0458707, -18.5815814 ], [ 27.0458482, -18.5816219 ], [ 27.0457919, -18.581594 ], [ 27.0458143, -18.5815534 ] ] ] ] } },
{ "type": "Feature", "properties": { "full_id": "w484579302", "osm_id": "484579302", "osm_type": "way", "waterway": null, "building": "yes", "name": null, "amenity": null, "brand": null, "wheelchair": null, "tourism": null }, "geometry": { "type": "MultiPolygon", "coordinates": [ [ [ [ 27.0456695, -18.58165 ], [ 27.0457124, -18.5816449 ], [ 27.0457195, -18.5816987 ], [ 27.0456766, -18.5817038 ], [ 27.0456695, -18.58165 ] ] ] ] } },
{ "type": "Feature", "properties": { "full_id": "w484579303", "osm_id": "484579303", "osm_type": "way", "waterway": null, "building": "yes", "name": null, "amenity": null, "brand": null, "wheelchair": null, "tourism": null }, "geometry": { "type": "MultiPolygon", "coordinates": [ [ [ [ 27.0456427, -18.5815381 ], [ 27.045699, -18.5814975 ], [ 27.0457308, -18.581537 ], [ 27.0456744, -18.5815777 ], [ 27.0456427, -18.5815381 ] ] ] ] } },
{ "type": "Feature", "properties": { "full_id": "w484579304", "osm_id": "484579304", "osm_type": "way", "waterway": null, "building": "yes", "name": null, "amenity": null, "brand": null, "wheelchair": null, "tourism": null }, "geometry": { "type": "MultiPolygon", "coordinates": [ [ [ [ 27.045809, -18.581739 ], [ 27.0458975, -18.5817441 ], [ 27.0458944, -18.5817924 ], [ 27.0458059, -18.5817873 ], [ 27.045809, -18.581739 ] ] ] ] } },
{ "type": "Feature", "properties": { "full_id": "w484579305", "osm_id": "484579305", "osm_type": "way", "waterway": null, "building": "yes", "name": null, "amenity": null, "brand": null, "wheelchair": null, "tourism": null }, "geometry": { "type": "MultiPolygon", "coordinates": [ [ [ [ 27.0456534, -18.5818178 ], [ 27.0457453, -18.581773 ], [ 27.0457936, -18.581862 ], [ 27.0457017, -18.5819068 ], [ 27.0456534, -18.5818178 ] ] ] ] } },
{ "type": "Feature", "properties": { "full_id": "w484579306", "osm_id": "484579306", "osm_type": "way", "waterway": null, "building": "yes", "name": null, "amenity": null, "brand": null, "wheelchair": null, "tourism": null }, "geometry": { "type": "MultiPolygon", "coordinates": [ [ [ [ 27.0473056, -18.5832466 ], [ 27.0473512, -18.5832797 ], [ 27.0473105, -18.5833302 ], [ 27.0472649, -18.5832971 ], [ 27.0473056, -18.5832466 ] ] ] ] } },
{ "type": "Feature", "properties": { "full_id": "w484579307", "osm_id": "484579307", "osm_type": "way", "waterway": null, "building": "yes", "name": null, "amenity": null, "brand": null, "wheelchair": null, "tourism": null }, "geometry": { "type": "MultiPolygon", "coordinates": [ [ [ [ 27.0474666, -18.5829009 ], [ 27.047563, -18.58291 ], [ 27.0475522, -18.5830117 ], [ 27.0474558, -18.5830025 ], [ 27.0474666, -18.5829009 ] ] ] ] } },
{ "type": "Feature", "properties": { "full_id": "w484579308", "osm_id": "484579308", "osm_type": "way", "waterway": null, "building": "yes", "name": null, "amenity": null, "brand": null, "wheelchair": null, "tourism": null }, "geometry": { "type": "MultiPolygon", "coordinates": [ [ [ [ 27.047488, -18.583028 ], [ 27.0475631, -18.5830254 ], [ 27.0475646, -18.5830635 ], [ 27.0474895, -18.5830661 ], [ 27.047488, -18.583028 ] ] ] ] } },
{ "type": "Feature", "properties": { "full_id": "w484579309", "osm_id": "484579309", "osm_type": "way", "waterway": null, "building": "yes", "name": null, "amenity": null, "brand": null, "wheelchair": null, "tourism": null }, "geometry": { "type": "MultiPolygon", "coordinates": [ [ [ [ 27.0476195, -18.5830636 ], [ 27.0476712, -18.583048 ], [ 27.0476899, -18.5831039 ], [ 27.0476382, -18.5831195 ], [ 27.0476195, -18.5830636 ] ] ] ] } },
{ "type": "Feature", "properties": { "full_id": "w484579310", "osm_id": "484579310", "osm_type": "way", "waterway": null, "building": "yes", "name": null, "amenity": null, "brand": null, "wheelchair": null, "tourism": null }, "geometry": { "type": "MultiPolygon", "coordinates": [ [ [ [ 27.047826, -18.5830331 ], [ 27.0479038, -18.5830331 ], [ 27.0479038, -18.5830737 ], [ 27.047826, -18.5830737 ], [ 27.047826, -18.5830331 ] ] ] ] } },
{ "type": "Feature", "properties": { "full_id": "w484579311", "osm_id": "484579311", "osm_type": "way", "waterway": null, "building": "yes", "name": null, "amenity": null, "brand": null, "wheelchair": null, "tourism": null }, "geometry": { "type": "MultiPolygon", "coordinates": [ [ [ [ 27.0477402, -18.5830381 ], [ 27.0477864, -18.5830327 ], [ 27.0477944, -18.5830937 ], [ 27.0477482, -18.5830992 ], [ 27.0477402, -18.5830381 ] ] ] ] } },
{ "type": "Feature", "properties": { "full_id": "w484579312", "osm_id": "484579312", "osm_type": "way", "waterway": null, "building": "yes", "name": null, "amenity": null, "brand": null, "wheelchair": null, "tourism": null }, "geometry": { "type": "MultiPolygon", "coordinates": [ [ [ [ 27.0475873, -18.5828831 ], [ 27.0476892, -18.5828856 ], [ 27.0476876, -18.5829421 ], [ 27.0475857, -18.5829396 ], [ 27.0475873, -18.5828831 ] ] ] ] } },
{ "type": "Feature", "properties": { "full_id": "w484579408", "osm_id": "484579408", "osm_type": "way", "waterway": null, "building": "yes", "name": null, "amenity": null, "brand": null, "wheelchair": null, "tourism": null }, "geometry": { "type": "MultiPolygon", "coordinates": [ [ [ [ 27.0444775, -18.5758129 ], [ 27.0445512, -18.5758241 ], [ 27.0445405, -18.5758877 ], [ 27.0444668, -18.5758765 ], [ 27.0444775, -18.5758129 ] ] ] ] } },
{ "type": "Feature", "properties": { "full_id": "w484579409", "osm_id": "484579409", "osm_type": "way", "waterway": null, "building": "yes", "name": null, "amenity": null, "brand": null, "wheelchair": null, "tourism": null }, "geometry": { "type": "MultiPolygon", "coordinates": [ [ [ [ 27.0436165, -18.575846 ], [ 27.0435972, -18.5758211 ], [ 27.0436481, -18.5757855 ], [ 27.0436675, -18.5758104 ], [ 27.0436165, -18.575846 ] ] ] ] } },
{ "type": "Feature", "properties": { "full_id": "w484579410", "osm_id": "484579410", "osm_type": "way", "waterway": null, "building": "yes", "name": null, "amenity": null, "brand": null, "wheelchair": null, "tourism": null }, "geometry": { "type": "MultiPolygon", "coordinates": [ [ [ [ 27.0450032, -18.5743841 ], [ 27.0450544, -18.5743805 ], [ 27.0450597, -18.5744491 ], [ 27.0450086, -18.5744527 ], [ 27.0450032, -18.5743841 ] ] ] ] } },
{ "type": "Feature", "properties": { "full_id": "w484579411", "osm_id": "484579411", "osm_type": "way", "waterway": null, "building": "yes", "name": null, "amenity": null, "brand": null, "wheelchair": null, "tourism": null }, "geometry": { "type": "MultiPolygon", "coordinates": [ [ [ [ 27.0448825, -18.5739391 ], [ 27.0449013, -18.5739925 ], [ 27.0448594, -18.5740057 ], [ 27.0448407, -18.5739523 ], [ 27.0448825, -18.5739391 ] ] ] ] } },
{ "type": "Feature", "properties": { "full_id": "w484579412", "osm_id": "484579412", "osm_type": "way", "waterway": null, "building": "yes", "name": null, "amenity": null, "brand": null, "wheelchair": null, "tourism": null }, "geometry": { "type": "MultiPolygon", "coordinates": [ [ [ [ 27.0450542, -18.5739391 ], [ 27.0450995, -18.573924 ], [ 27.0451156, -18.5739672 ], [ 27.0450703, -18.5739823 ], [ 27.0450542, -18.5739391 ] ] ] ] } },
{ "type": "Feature", "properties": { "full_id": "w484579413", "osm_id": "484579413", "osm_type": "way", "waterway": null, "building": "yes", "name": null, "amenity": null, "brand": null, "wheelchair": null, "tourism": null }, "geometry": { "type": "MultiPolygon", "coordinates": [ [ [ [ 27.0450086, -18.5741679 ], [ 27.045081, -18.574173 ], [ 27.0450797, -18.5741897 ], [ 27.0450073, -18.5741846 ], [ 27.0450086, -18.5741679 ] ] ] ] } },
{ "type": "Feature", "properties": { "full_id": "w484579414", "osm_id": "484579414", "osm_type": "way", "waterway": null, "building": "yes", "name": null, "amenity": null, "brand": null, "wheelchair": null, "tourism": null }, "geometry": { "type": "MultiPolygon", "coordinates": [ [ [ [ 27.045537, -18.5736391 ], [ 27.0455278, -18.5736132 ], [ 27.0455681, -18.5736005 ], [ 27.0455772, -18.5736264 ], [ 27.045537, -18.5736391 ] ] ] ] } },
{ "type": "Feature", "properties": { "full_id": "w484579415", "osm_id": "484579415", "osm_type": "way", "waterway": null, "building": "yes", "name": null, "amenity": null, "brand": null, "wheelchair": null, "tourism": null }, "geometry": { "type": "MultiPolygon", "coordinates": [ [ [ [ 27.0454377, -18.573423 ], [ 27.0454817, -18.5734711 ], [ 27.0454415, -18.5735042 ], [ 27.0453975, -18.573456 ], [ 27.0454377, -18.573423 ] ] ] ] } },
{ "type": "Feature", "properties": { "full_id": "w484579416", "osm_id": "484579416", "osm_type": "way", "waterway": null, "building": "yes", "name": null, "amenity": null, "brand": null, "wheelchair": null, "tourism": null }, "geometry": { "type": "MultiPolygon", "coordinates": [ [ [ [ 27.045494, -18.5734535 ], [ 27.0454707, -18.5733983 ], [ 27.0455244, -18.5733779 ], [ 27.0455477, -18.5734332 ], [ 27.045494, -18.5734535 ] ] ] ] } },
{ "type": "Feature", "properties": { "full_id": "w484579821", "osm_id": "484579821", "osm_type": "way", "waterway": null, "building": "yes", "name": null, "amenity": null, "brand": null, "wheelchair": null, "tourism": null }, "geometry": { "type": "MultiPolygon", "coordinates": [ [ [ [ 27.0470878, -18.5760363 ], [ 27.0471495, -18.5760439 ], [ 27.0471415, -18.5761021 ], [ 27.0470798, -18.5760944 ], [ 27.0470878, -18.5760363 ] ] ] ] } },
{ "type": "Feature", "properties": { "full_id": "w484579822", "osm_id": "484579822", "osm_type": "way", "waterway": null, "building": "yes", "name": null, "amenity": null, "brand": null, "wheelchair": null, "tourism": null }, "geometry": { "type": "MultiPolygon", "coordinates": [ [ [ [ 27.047702, -18.5764304 ], [ 27.0477369, -18.5764329 ], [ 27.0477314, -18.5765004 ], [ 27.0476965, -18.5764978 ], [ 27.047702, -18.5764304 ] ] ] ] } },
{ "type": "Feature", "properties": { "full_id": "w484579824", "osm_id": "484579824", "osm_type": "way", "waterway": null, "building": "yes", "name": null, "amenity": null, "brand": null, "wheelchair": null, "tourism": null }, "geometry": { "type": "MultiPolygon", "coordinates": [ [ [ [ 27.0477369, -18.5765956 ], [ 27.0477478, -18.5765376 ], [ 27.0478525, -18.5765554 ], [ 27.0478415, -18.5766134 ], [ 27.0477369, -18.5765956 ] ] ] ] } },
{ "type": "Feature", "properties": { "full_id": "w484579826", "osm_id": "484579826", "osm_type": "way", "waterway": null, "building": "yes", "name": null, "amenity": null, "brand": null, "wheelchair": null, "tourism": null }, "geometry": { "type": "MultiPolygon", "coordinates": [ [ [ [ 27.0479729, -18.5763058 ], [ 27.0480288, -18.5762892 ], [ 27.0480422, -18.5763299 ], [ 27.0479863, -18.5763465 ], [ 27.0479729, -18.5763058 ] ] ] ] } },
{ "type": "Feature", "properties": { "full_id": "w484579827", "osm_id": "484579827", "osm_type": "way", "waterway": null, "building": "yes", "name": null, "amenity": null, "brand": null, "wheelchair": null, "tourism": null }, "geometry": { "type": "MultiPolygon", "coordinates": [ [ [ [ 27.0496627, -18.5762626 ], [ 27.0497217, -18.5762829 ], [ 27.0497, -18.5763394 ], [ 27.049641, -18.5763191 ], [ 27.0496627, -18.5762626 ] ] ] ] } },
{ "type": "Feature", "properties": { "full_id": "w484579828", "osm_id": "484579828", "osm_type": "way", "waterway": null, "building": "yes", "name": null, "amenity": null, "brand": null, "wheelchair": null, "tourism": null }, "geometry": { "type": "MultiPolygon", "coordinates": [ [ [ [ 27.0492684, -18.5760668 ], [ 27.0493328, -18.5760719 ], [ 27.0493288, -18.5761169 ], [ 27.0492645, -18.5761118 ], [ 27.0492684, -18.5760668 ] ] ] ] } },
{ "type": "Feature", "properties": { "full_id": "w484579829", "osm_id": "484579829", "osm_type": "way", "waterway": null, "building": "yes", "name": null, "amenity": null, "brand": null, "wheelchair": null, "tourism": null }, "geometry": { "type": "MultiPolygon", "coordinates": [ [ [ [ 27.048445, -18.5759905 ], [ 27.0484899, -18.5759861 ], [ 27.048498, -18.5760598 ], [ 27.048453, -18.5760642 ], [ 27.048445, -18.5759905 ] ] ] ] } },
{ "type": "Feature", "properties": { "full_id": "w484579830", "osm_id": "484579830", "osm_type": "way", "waterway": null, "building": "yes", "name": null, "amenity": null, "brand": null, "wheelchair": null, "tourism": null }, "geometry": { "type": "MultiPolygon", "coordinates": [ [ [ [ 27.0489385, -18.5764558 ], [ 27.0489692, -18.5764955 ], [ 27.048929, -18.5765234 ], [ 27.0488983, -18.5764837 ], [ 27.0489385, -18.5764558 ] ] ] ] } },
{ "type": "Feature", "properties": { "full_id": "w484579831", "osm_id": "484579831", "osm_type": "way", "waterway": null, "building": "yes", "name": null, "amenity": null, "brand": null, "wheelchair": null, "tourism": null }, "geometry": { "type": "MultiPolygon", "coordinates": [ [ [ [ 27.0488044, -18.5768168 ], [ 27.0488688, -18.5768473 ], [ 27.0488468, -18.576889 ], [ 27.0487824, -18.5768585 ], [ 27.0488044, -18.5768168 ] ] ] ] } },
{ "type": "Feature", "properties": { "full_id": "w484579832", "osm_id": "484579832", "osm_type": "way", "waterway": null, "building": "yes", "name": null, "amenity": null, "brand": null, "wheelchair": null, "tourism": null }, "geometry": { "type": "MultiPolygon", "coordinates": [ [ [ [ 27.0488849, -18.5767253 ], [ 27.0489331, -18.576738 ], [ 27.0489262, -18.5767617 ], [ 27.0488779, -18.576749 ], [ 27.0488849, -18.5767253 ] ] ] ] } },
{ "type": "Feature", "properties": { "full_id": "w484579833", "osm_id": "484579833", "osm_type": "way", "waterway": null, "building": "yes", "name": null, "amenity": null, "brand": null, "wheelchair": null, "tourism": null }, "geometry": { "type": "MultiPolygon", "coordinates": [ [ [ [ 27.0489465, -18.5766261 ], [ 27.0489878, -18.5766712 ], [ 27.0489476, -18.5767043 ], [ 27.0489063, -18.5766592 ], [ 27.0489465, -18.5766261 ] ] ] ] } },
{ "type": "Feature", "properties": { "full_id": "w484579834", "osm_id": "484579834", "osm_type": "way", "waterway": null, "building": "yes", "name": null, "amenity": null, "brand": null, "wheelchair": null, "tourism": null }, "geometry": { "type": "MultiPolygon", "coordinates": [ [ [ [ 27.0505666, -18.5780397 ], [ 27.0505946, -18.5780272 ], [ 27.0506066, -18.5780513 ], [ 27.0505787, -18.5780639 ], [ 27.0505666, -18.5780397 ] ] ] ] } },
{ "type": "Feature", "properties": { "full_id": "w484579835", "osm_id": "484579835", "osm_type": "way", "waterway": null, "building": "yes", "name": null, "amenity": null, "brand": null, "wheelchair": null, "tourism": null }, "geometry": { "type": "MultiPolygon", "coordinates": [ [ [ [ 27.0507409, -18.5780817 ], [ 27.0507865, -18.578088 ], [ 27.0507796, -18.5781327 ], [ 27.050734, -18.5781263 ], [ 27.0507409, -18.5780817 ] ] ] ] } },
{ "type": "Feature", "properties": { "full_id": "w484579836", "osm_id": "484579836", "osm_type": "way", "waterway": null, "building": "yes", "name": null, "amenity": null, "brand": null, "wheelchair": null, "tourism": null }, "geometry": { "type": "MultiPolygon", "coordinates": [ [ [ [ 27.0506672, -18.5780524 ], [ 27.0507088, -18.5780613 ], [ 27.0507029, -18.578086 ], [ 27.0506613, -18.5780771 ], [ 27.0506672, -18.5780524 ] ] ] ] } },
{ "type": "Feature", "properties": { "full_id": "w484579837", "osm_id": "484579837", "osm_type": "way", "waterway": null, "building": "yes", "name": null, "amenity": null, "brand": null, "wheelchair": null, "tourism": null }, "geometry": { "type": "MultiPolygon", "coordinates": [ [ [ [ 27.0506135, -18.5781529 ], [ 27.0506632, -18.5781643 ], [ 27.0506556, -18.5781939 ], [ 27.050606, -18.5781824 ], [ 27.0506135, -18.5781529 ] ] ] ] } },
{ "type": "Feature", "properties": { "full_id": "w484579838", "osm_id": "484579838", "osm_type": "way", "waterway": null, "building": "yes", "name": null, "amenity": null, "brand": null, "wheelchair": null, "tourism": null }, "geometry": { "type": "MultiPolygon", "coordinates": [ [ [ [ 27.0504593, -18.5781402 ], [ 27.0505022, -18.5781313 ], [ 27.050514, -18.5781822 ], [ 27.0504711, -18.5781911 ], [ 27.0504593, -18.5781402 ] ] ] ] } },
{ "type": "Feature", "properties": { "full_id": "w484579839", "osm_id": "484579839", "osm_type": "way", "waterway": null, "building": "yes", "name": null, "amenity": null, "brand": null, "wheelchair": null, "tourism": null }, "geometry": { "type": "MultiPolygon", "coordinates": [ [ [ [ 27.050525, -18.5782177 ], [ 27.0505744, -18.5782202 ], [ 27.0505717, -18.5782673 ], [ 27.0505223, -18.5782647 ], [ 27.050525, -18.5782177 ] ] ] ] } },
{ "type": "Feature", "properties": { "full_id": "w484579840", "osm_id": "484579840", "osm_type": "way", "waterway": null, "building": "yes", "name": null, "amenity": null, "brand": null, "wheelchair": null, "tourism": null }, "geometry": { "type": "MultiPolygon", "coordinates": [ [ [ [ 27.0506685, -18.5782876 ], [ 27.0507262, -18.5782863 ], [ 27.050727, -18.5783179 ], [ 27.0506693, -18.5783191 ], [ 27.0506685, -18.5782876 ] ] ] ] } },
{ "type": "Feature", "properties": { "full_id": "w484579841", "osm_id": "484579841", "osm_type": "way", "waterway": null, "building": "yes", "name": null, "amenity": null, "brand": null, "wheelchair": null, "tourism": null }, "geometry": { "type": "MultiPolygon", "coordinates": [ [ [ [ 27.0506511, -18.5782215 ], [ 27.050694, -18.5782202 ], [ 27.0506952, -18.5782561 ], [ 27.0506523, -18.5782574 ], [ 27.0506511, -18.5782215 ] ] ] ] } },
{ "type": "Feature", "properties": { "full_id": "w484580202", "osm_id": "484580202", "osm_type": "way", "waterway": null, "building": "yes", "name": null, "amenity": null, "brand": null, "wheelchair": null, "tourism": null }, "geometry": { "type": "MultiPolygon", "coordinates": [ [ [ [ 27.0440577, -18.5709521 ], [ 27.0441194, -18.5709635 ], [ 27.0441085, -18.5710165 ], [ 27.0440468, -18.5710051 ], [ 27.0440577, -18.5709521 ] ] ] ] } },
{ "type": "Feature", "properties": { "full_id": "w484580203", "osm_id": "484580203", "osm_type": "way", "waterway": null, "building": "yes", "name": null, "amenity": null, "brand": null, "wheelchair": null, "tourism": null }, "geometry": { "type": "MultiPolygon", "coordinates": [ [ [ [ 27.0450327, -18.5708517 ], [ 27.0450796, -18.570858 ], [ 27.0450747, -18.5708909 ], [ 27.0450277, -18.5708846 ], [ 27.0450327, -18.5708517 ] ] ] ] } },
{ "type": "Feature", "properties": { "full_id": "w484580204", "osm_id": "484580204", "osm_type": "way", "waterway": null, "building": "yes", "name": null, "amenity": null, "brand": null, "wheelchair": null, "tourism": null }, "geometry": { "type": "MultiPolygon", "coordinates": [ [ [ [ 27.0447766, -18.5712903 ], [ 27.0448061, -18.5712903 ], [ 27.0448061, -18.5713119 ], [ 27.0447766, -18.5713119 ], [ 27.0447766, -18.5712903 ] ] ] ] } },
{ "type": "Feature", "properties": { "full_id": "w484580205", "osm_id": "484580205", "osm_type": "way", "waterway": null, "building": "yes", "name": null, "amenity": null, "brand": null, "wheelchair": null, "tourism": null }, "geometry": { "type": "MultiPolygon", "coordinates": [ [ [ [ 27.0447202, -18.5713055 ], [ 27.0447444, -18.5713055 ], [ 27.0447444, -18.5713322 ], [ 27.0447202, -18.5713322 ], [ 27.0447202, -18.5713055 ] ] ] ] } },
{ "type": "Feature", "properties": { "full_id": "w484580206", "osm_id": "484580206", "osm_type": "way", "waterway": null, "building": "yes", "name": null, "amenity": null, "brand": null, "wheelchair": null, "tourism": null }, "geometry": { "type": "MultiPolygon", "coordinates": [ [ [ [ 27.0447471, -18.5712432 ], [ 27.0447859, -18.571247 ], [ 27.0447831, -18.5712728 ], [ 27.0447442, -18.571269 ], [ 27.0447471, -18.5712432 ] ] ] ] } },
{ "type": "Feature", "properties": { "full_id": "w484580207", "osm_id": "484580207", "osm_type": "way", "waterway": null, "building": "yes", "name": null, "amenity": null, "brand": null, "wheelchair": null, "tourism": null }, "geometry": { "type": "MultiPolygon", "coordinates": [ [ [ [ 27.0447645, -18.5713595 ], [ 27.0447977, -18.5713438 ], [ 27.0448112, -18.5713692 ], [ 27.0447779, -18.571385 ], [ 27.0447645, -18.5713595 ] ] ] ] } },
{ "type": "Feature", "properties": { "full_id": "w484580208", "osm_id": "484580208", "osm_type": "way", "waterway": null, "building": "yes", "name": null, "amenity": null, "brand": null, "wheelchair": null, "tourism": null }, "geometry": { "type": "MultiPolygon", "coordinates": [ [ [ [ 27.0448959, -18.5714714 ], [ 27.0449023, -18.5714488 ], [ 27.0449425, -18.5714589 ], [ 27.0449361, -18.5714816 ], [ 27.0448959, -18.5714714 ] ] ] ] } },
{ "type": "Feature", "properties": { "full_id": "w484580209", "osm_id": "484580209", "osm_type": "way", "waterway": null, "building": "yes", "name": null, "amenity": null, "brand": null, "wheelchair": null, "tourism": null }, "geometry": { "type": "MultiPolygon", "coordinates": [ [ [ [ 27.0448745, -18.5713697 ], [ 27.0449415, -18.5713773 ], [ 27.0449356, -18.5714243 ], [ 27.0448685, -18.5714166 ], [ 27.0448745, -18.5713697 ] ] ] ] } },
{ "type": "Feature", "properties": { "full_id": "w484580210", "osm_id": "484580210", "osm_type": "way", "waterway": null, "building": "yes", "name": null, "amenity": null, "brand": null, "wheelchair": null, "tourism": null }, "geometry": { "type": "MultiPolygon", "coordinates": [ [ [ [ 27.0448262, -18.571446 ], [ 27.0448543, -18.5714371 ], [ 27.0448651, -18.5714676 ], [ 27.0448369, -18.5714765 ], [ 27.0448262, -18.571446 ] ] ] ] } },
{ "type": "Feature", "properties": { "full_id": "w484580211", "osm_id": "484580211", "osm_type": "way", "waterway": null, "building": "yes", "name": null, "amenity": null, "brand": null, "wheelchair": null, "tourism": null }, "geometry": { "type": "MultiPolygon", "coordinates": [ [ [ [ 27.0447028, -18.5714612 ], [ 27.0447725, -18.5714282 ], [ 27.044794, -18.5714689 ], [ 27.0447243, -18.5715019 ], [ 27.0447028, -18.5714612 ] ] ] ] } },
{ "type": "Feature", "properties": { "full_id": "w484580212", "osm_id": "484580212", "osm_type": "way", "waterway": null, "building": "yes", "name": null, "amenity": null, "brand": null, "wheelchair": null, "tourism": null }, "geometry": { "type": "MultiPolygon", "coordinates": [ [ [ [ 27.0442871, -18.5713417 ], [ 27.044397, -18.5713519 ], [ 27.0443921, -18.5713999 ], [ 27.0442821, -18.5713898 ], [ 27.0442871, -18.5713417 ] ] ] ] } },
{ "type": "Feature", "properties": { "full_id": "w484580285", "osm_id": "484580285", "osm_type": "way", "waterway": null, "building": "yes", "name": null, "amenity": null, "brand": null, "wheelchair": null, "tourism": null }, "geometry": { "type": "MultiPolygon", "coordinates": [ [ [ [ 27.046619, -18.5737262 ], [ 27.0466633, -18.5737211 ], [ 27.0466687, -18.5737634 ], [ 27.0466244, -18.5737685 ], [ 27.046619, -18.5737262 ] ] ] ] } },
{ "type": "Feature", "properties": { "full_id": "w484580286", "osm_id": "484580286", "osm_type": "way", "waterway": null, "building": "yes", "name": null, "amenity": null, "brand": null, "wheelchair": null, "tourism": null }, "geometry": { "type": "MultiPolygon", "coordinates": [ [ [ [ 27.0467866, -18.5734185 ], [ 27.0467866, -18.5734376 ], [ 27.0467652, -18.5734376 ], [ 27.0467652, -18.5734185 ], [ 27.0467866, -18.5734185 ] ] ] ] } },
{ "type": "Feature", "properties": { "full_id": "w484580287", "osm_id": "484580287", "osm_type": "way", "waterway": null, "building": "yes", "name": null, "amenity": null, "brand": null, "wheelchair": null, "tourism": null }, "geometry": { "type": "MultiPolygon", "coordinates": [ [ [ [ 27.0467464, -18.5733893 ], [ 27.0467638, -18.573388 ], [ 27.0467652, -18.5734045 ], [ 27.0467477, -18.5734057 ], [ 27.0467464, -18.5733893 ] ] ] ] } },
{ "type": "Feature", "properties": { "full_id": "w484580288", "osm_id": "484580288", "osm_type": "way", "waterway": null, "building": "yes", "name": null, "amenity": null, "brand": null, "wheelchair": null, "tourism": null }, "geometry": { "type": "MultiPolygon", "coordinates": [ [ [ [ 27.0466968, -18.5734027 ], [ 27.0467209, -18.5733899 ], [ 27.0467403, -18.573423 ], [ 27.0467161, -18.5734357 ], [ 27.0466968, -18.5734027 ] ] ] ] } },
{ "type": "Feature", "properties": { "full_id": "w484580289", "osm_id": "484580289", "osm_type": "way", "waterway": null, "building": "yes", "name": null, "amenity": null, "brand": null, "wheelchair": null, "tourism": null }, "geometry": { "type": "MultiPolygon", "coordinates": [ [ [ [ 27.0466861, -18.5734637 ], [ 27.046729, -18.5734586 ], [ 27.0467341, -18.5734977 ], [ 27.0466912, -18.5735028 ], [ 27.0466861, -18.5734637 ] ] ] ] } },
{ "type": "Feature", "properties": { "full_id": "w484580290", "osm_id": "484580290", "osm_type": "way", "waterway": null, "building": "yes", "name": null, "amenity": null, "brand": null, "wheelchair": null, "tourism": null }, "geometry": { "type": "MultiPolygon", "coordinates": [ [ [ [ 27.0466136, -18.5735044 ], [ 27.0466565, -18.5734866 ], [ 27.0466729, -18.5735219 ], [ 27.0466299, -18.5735397 ], [ 27.0466136, -18.5735044 ] ] ] ] } },
{ "type": "Feature", "properties": { "full_id": "w484580291", "osm_id": "484580291", "osm_type": "way", "waterway": null, "building": "yes", "name": null, "amenity": null, "brand": null, "wheelchair": null, "tourism": null }, "geometry": { "type": "MultiPolygon", "coordinates": [ [ [ [ 27.0466512, -18.5735755 ], [ 27.0466656, -18.5735731 ], [ 27.0466709, -18.573601 ], [ 27.0466565, -18.5736035 ], [ 27.0466512, -18.5735755 ] ] ] ] } },
{ "type": "Feature", "properties": { "full_id": "w484580292", "osm_id": "484580292", "osm_type": "way", "waterway": null, "building": "yes", "name": null, "amenity": null, "brand": null, "wheelchair": null, "tourism": null }, "geometry": { "type": "MultiPolygon", "coordinates": [ [ [ [ 27.0467236, -18.5736874 ], [ 27.0467153, -18.5736709 ], [ 27.0467716, -18.5736455 ], [ 27.0467799, -18.573662 ], [ 27.0467236, -18.5736874 ] ] ] ] } },
{ "type": "Feature", "properties": { "full_id": "w484580293", "osm_id": "484580293", "osm_type": "way", "waterway": null, "building": "yes", "name": null, "amenity": null, "brand": null, "wheelchair": null, "tourism": null }, "geometry": { "type": "MultiPolygon", "coordinates": [ [ [ [ 27.046729, -18.5735476 ], [ 27.0467638, -18.5736111 ], [ 27.0467281, -18.5736287 ], [ 27.0466932, -18.5735652 ], [ 27.046729, -18.5735476 ] ] ] ] } },
{ "type": "Feature", "properties": { "full_id": "w484580294", "osm_id": "484580294", "osm_type": "way", "waterway": null, "building": "yes", "name": null, "amenity": null, "brand": null, "wheelchair": null, "tourism": null }, "geometry": { "type": "MultiPolygon", "coordinates": [ [ [ [ 27.0467853, -18.5734789 ], [ 27.046855, -18.5734713 ], [ 27.0468608, -18.5735183 ], [ 27.046791, -18.5735259 ], [ 27.0467853, -18.5734789 ] ] ] ] } },
{ "type": "Feature", "properties": { "full_id": "w484580295", "osm_id": "484580295", "osm_type": "way", "waterway": null, "building": "yes", "name": null, "amenity": null, "brand": null, "wheelchair": null, "tourism": null }, "geometry": { "type": "MultiPolygon", "coordinates": [ [ [ [ 27.0468631, -18.5736162 ], [ 27.0468982, -18.5735557 ], [ 27.0469518, -18.5735837 ], [ 27.0469167, -18.5736442 ], [ 27.0468631, -18.5736162 ] ] ] ] } },
{ "type": "Feature", "properties": { "full_id": "w484580656", "osm_id": "484580656", "osm_type": "way", "waterway": null, "building": "yes", "name": null, "amenity": null, "brand": null, "wheelchair": null, "tourism": null }, "geometry": { "type": "MultiPolygon", "coordinates": [ [ [ [ 27.0425988, -18.5700106 ], [ 27.0425998, -18.5699901 ], [ 27.0426588, -18.5699927 ], [ 27.0426579, -18.5700131 ], [ 27.0425988, -18.5700106 ] ] ] ] } },
{ "type": "Feature", "properties": { "full_id": "w484580657", "osm_id": "484580657", "osm_type": "way", "waterway": null, "building": "yes", "name": null, "amenity": null, "brand": null, "wheelchair": null, "tourism": null }, "geometry": { "type": "MultiPolygon", "coordinates": [ [ [ [ 27.0426364, -18.5700487 ], [ 27.0426724, -18.5700365 ], [ 27.0426858, -18.5700721 ], [ 27.0426498, -18.5700843 ], [ 27.0426364, -18.5700487 ] ] ] ] } },
{ "type": "Feature", "properties": { "full_id": "w484580658", "osm_id": "484580658", "osm_type": "way", "waterway": null, "building": "yes", "name": null, "amenity": null, "brand": null, "wheelchair": null, "tourism": null }, "geometry": { "type": "MultiPolygon", "coordinates": [ [ [ [ 27.0427464, -18.5682358 ], [ 27.0427802, -18.5681938 ], [ 27.0428258, -18.5682269 ], [ 27.042792, -18.5682689 ], [ 27.0427464, -18.5682358 ] ] ] ] } },
{ "type": "Feature", "properties": { "full_id": "w484580659", "osm_id": "484580659", "osm_type": "way", "waterway": null, "building": "yes", "name": null, "amenity": null, "brand": null, "wheelchair": null, "tourism": null }, "geometry": { "type": "MultiPolygon", "coordinates": [ [ [ [ 27.0401473, -18.5681774 ], [ 27.0401751, -18.5681681 ], [ 27.0401912, -18.5682113 ], [ 27.0401634, -18.5682206 ], [ 27.0401473, -18.5681774 ] ] ] ] } },
{ "type": "Feature", "properties": { "full_id": "w484580660", "osm_id": "484580660", "osm_type": "way", "waterway": null, "building": "yes", "name": null, "amenity": null, "brand": null, "wheelchair": null, "tourism": null }, "geometry": { "type": "MultiPolygon", "coordinates": [ [ [ [ 27.0402117, -18.5681875 ], [ 27.0402237, -18.5681387 ], [ 27.0403042, -18.5681565 ], [ 27.0402921, -18.5682053 ], [ 27.0402117, -18.5681875 ] ] ] ] } },
{ "type": "Feature", "properties": { "full_id": "w484580661", "osm_id": "484580661", "osm_type": "way", "waterway": null, "building": "yes", "name": null, "amenity": null, "brand": null, "wheelchair": null, "tourism": null }, "geometry": { "type": "MultiPolygon", "coordinates": [ [ [ [ 27.0404477, -18.5687266 ], [ 27.0404505, -18.5686937 ], [ 27.0405498, -18.5687013 ], [ 27.040547, -18.5687342 ], [ 27.0404477, -18.5687266 ] ] ] ] } },
{ "type": "Feature", "properties": { "full_id": "w484580662", "osm_id": "484580662", "osm_type": "way", "waterway": null, "building": "yes", "name": null, "amenity": null, "brand": null, "wheelchair": null, "tourism": null }, "geometry": { "type": "MultiPolygon", "coordinates": [ [ [ [ 27.0401232, -18.5686223 ], [ 27.0402144, -18.5686299 ], [ 27.0402074, -18.5687044 ], [ 27.0401162, -18.5686968 ], [ 27.0401232, -18.5686223 ] ] ] ] } },
{ "type": "Feature", "properties": { "full_id": "w484580663", "osm_id": "484580663", "osm_type": "way", "waterway": null, "building": "yes", "name": null, "amenity": null, "brand": null, "wheelchair": null, "tourism": null }, "geometry": { "type": "MultiPolygon", "coordinates": [ [ [ [ 27.0426444, -18.5698783 ], [ 27.0427297, -18.5698831 ], [ 27.0427243, -18.5699695 ], [ 27.0426391, -18.5699648 ], [ 27.0426444, -18.5698783 ] ] ] ] } },
{ "type": "Feature", "properties": { "full_id": "w484581048", "osm_id": "484581048", "osm_type": "way", "waterway": null, "building": "yes", "name": null, "amenity": null, "brand": null, "wheelchair": null, "tourism": null }, "geometry": { "type": "MultiPolygon", "coordinates": [ [ [ [ 27.0431096, -18.5698783 ], [ 27.0431513, -18.5698479 ], [ 27.0431781, -18.569881 ], [ 27.0431364, -18.5699114 ], [ 27.0431096, -18.5698783 ] ] ] ] } },
{ "type": "Feature", "properties": { "full_id": "w484581049", "osm_id": "484581049", "osm_type": "way", "waterway": null, "building": "yes", "name": null, "amenity": null, "brand": null, "wheelchair": null, "tourism": null }, "geometry": { "type": "MultiPolygon", "coordinates": [ [ [ [ 27.043064, -18.5699495 ], [ 27.0430853, -18.5699337 ], [ 27.0431148, -18.5699692 ], [ 27.0430935, -18.5699851 ], [ 27.043064, -18.5699495 ] ] ] ] } },
{ "type": "Feature", "properties": { "full_id": "w484581050", "osm_id": "484581050", "osm_type": "way", "waterway": null, "building": "yes", "name": null, "amenity": null, "brand": null, "wheelchair": null, "tourism": null }, "geometry": { "type": "MultiPolygon", "coordinates": [ [ [ [ 27.0428253, -18.5700055 ], [ 27.0428231, -18.5699589 ], [ 27.0428848, -18.5699564 ], [ 27.0428869, -18.5700029 ], [ 27.0428253, -18.5700055 ] ] ] ] } },
{ "type": "Feature", "properties": { "full_id": "w484581051", "osm_id": "484581051", "osm_type": "way", "waterway": null, "building": "yes", "name": null, "amenity": null, "brand": null, "wheelchair": null, "tourism": null }, "geometry": { "type": "MultiPolygon", "coordinates": [ [ [ [ 27.0451185, -18.5685282 ], [ 27.0451722, -18.568513 ], [ 27.045185, -18.5685536 ], [ 27.0451314, -18.5685688 ], [ 27.0451185, -18.5685282 ] ] ] ] } },
{ "type": "Feature", "properties": { "full_id": "w484581052", "osm_id": "484581052", "osm_type": "way", "waterway": null, "building": "yes", "name": null, "amenity": null, "brand": null, "wheelchair": null, "tourism": null }, "geometry": { "type": "MultiPolygon", "coordinates": [ [ [ [ 27.0454672, -18.568363 ], [ 27.045509, -18.5683648 ], [ 27.0455063, -18.5684207 ], [ 27.0454645, -18.5684189 ], [ 27.0454672, -18.568363 ] ] ] ] } },
{ "type": "Feature", "properties": { "full_id": "w484581053", "osm_id": "484581053", "osm_type": "way", "waterway": null, "building": "yes", "name": null, "amenity": null, "brand": null, "wheelchair": null, "tourism": null }, "geometry": { "type": "MultiPolygon", "coordinates": [ [ [ [ 27.0455236, -18.5684952 ], [ 27.0455692, -18.5684977 ], [ 27.0455668, -18.5685359 ], [ 27.0455212, -18.5685333 ], [ 27.0455236, -18.5684952 ] ] ] ] } },
{ "type": "Feature", "properties": { "full_id": "w484581054", "osm_id": "484581054", "osm_type": "way", "waterway": null, "building": "yes", "name": null, "amenity": null, "brand": null, "wheelchair": null, "tourism": null }, "geometry": { "type": "MultiPolygon", "coordinates": [ [ [ [ 27.0456174, -18.5685359 ], [ 27.0457033, -18.5685486 ], [ 27.0456922, -18.5686155 ], [ 27.0456064, -18.5686028 ], [ 27.0456174, -18.5685359 ] ] ] ] } },
{ "type": "Feature", "properties": { "full_id": "w484581055", "osm_id": "484581055", "osm_type": "way", "waterway": null, "building": "yes", "name": null, "amenity": null, "brand": null, "wheelchair": null, "tourism": null }, "geometry": { "type": "MultiPolygon", "coordinates": [ [ [ [ 27.0441261, -18.5688308 ], [ 27.0441511, -18.5688646 ], [ 27.0440974, -18.5689002 ], [ 27.0440725, -18.5688664 ], [ 27.0441261, -18.5688308 ] ] ] ] } },
{ "type": "Feature", "properties": { "full_id": "w484581056", "osm_id": "484581056", "osm_type": "way", "waterway": null, "building": "yes", "name": null, "amenity": null, "brand": null, "wheelchair": null, "tourism": null }, "geometry": { "type": "MultiPolygon", "coordinates": [ [ [ [ 27.0441798, -18.5688766 ], [ 27.0442109, -18.5688946 ], [ 27.0441814, -18.5689404 ], [ 27.0441503, -18.5689223 ], [ 27.0441798, -18.5688766 ] ] ] ] } },
{ "type": "Feature", "properties": { "full_id": "w484581057", "osm_id": "484581057", "osm_type": "way", "waterway": null, "building": "yes", "name": null, "amenity": null, "brand": null, "wheelchair": null, "tourism": null }, "geometry": { "type": "MultiPolygon", "coordinates": [ [ [ [ 27.0429728, -18.5682053 ], [ 27.043008, -18.5682075 ], [ 27.0430026, -18.5682863 ], [ 27.0429674, -18.5682841 ], [ 27.0429728, -18.5682053 ] ] ] ] } },
{ "type": "Feature", "properties": { "full_id": "w484581058", "osm_id": "484581058", "osm_type": "way", "waterway": null, "building": "yes", "name": null, "amenity": null, "brand": null, "wheelchair": null, "tourism": null }, "geometry": { "type": "MultiPolygon", "coordinates": [ [ [ [ 27.0429594, -18.5681036 ], [ 27.0429814, -18.5681126 ], [ 27.0429653, -18.5681482 ], [ 27.0429433, -18.5681392 ], [ 27.0429594, -18.5681036 ] ] ] ] } },
{ "type": "Feature", "properties": { "full_id": "w484581059", "osm_id": "484581059", "osm_type": "way", "waterway": null, "building": "yes", "name": null, "amenity": null, "brand": null, "wheelchair": null, "tourism": null }, "geometry": { "type": "MultiPolygon", "coordinates": [ [ [ [ 27.0429996, -18.5681697 ], [ 27.0430095, -18.5681086 ], [ 27.0430793, -18.5681188 ], [ 27.0430693, -18.5681799 ], [ 27.0429996, -18.5681697 ] ] ] ] } },
{ "type": "Feature", "properties": { "full_id": "w484581060", "osm_id": "484581060", "osm_type": "way", "waterway": null, "building": "yes", "name": null, "amenity": null, "brand": null, "wheelchair": null, "tourism": null }, "geometry": { "type": "MultiPolygon", "coordinates": [ [ [ [ 27.0450113, -18.5694614 ], [ 27.045089, -18.5694614 ], [ 27.045089, -18.5694893 ], [ 27.0450113, -18.5694893 ], [ 27.0450113, -18.5694614 ] ] ] ] } },
{ "type": "Feature", "properties": { "full_id": "w484581061", "osm_id": "484581061", "osm_type": "way", "waterway": null, "building": "yes", "name": null, "amenity": null, "brand": null, "wheelchair": null, "tourism": null }, "geometry": { "type": "MultiPolygon", "coordinates": [ [ [ [ 27.0447108, -18.5694537 ], [ 27.0447323, -18.5694436 ], [ 27.0447532, -18.5694832 ], [ 27.0447318, -18.5694934 ], [ 27.0447108, -18.5694537 ] ] ] ] } },
{ "type": "Feature", "properties": { "full_id": "w484581062", "osm_id": "484581062", "osm_type": "way", "waterway": null, "building": "yes", "name": null, "amenity": null, "brand": null, "wheelchair": null, "tourism": null }, "geometry": { "type": "MultiPolygon", "coordinates": [ [ [ [ 27.0446626, -18.569352 ], [ 27.0447027, -18.5693722 ], [ 27.0446786, -18.5694154 ], [ 27.0446384, -18.5693953 ], [ 27.0446626, -18.569352 ] ] ] ] } },
{ "type": "Feature", "properties": { "full_id": "w484581063", "osm_id": "484581063", "osm_type": "way", "waterway": null, "building": "yes", "name": null, "amenity": null, "brand": null, "wheelchair": null, "tourism": null }, "geometry": { "type": "MultiPolygon", "coordinates": [ [ [ [ 27.045376, -18.570069 ], [ 27.0454309, -18.5701027 ], [ 27.0454014, -18.5701459 ], [ 27.0453465, -18.5701123 ], [ 27.045376, -18.570069 ] ] ] ] } },
{ "type": "Feature", "properties": { "full_id": "w484581064", "osm_id": "484581064", "osm_type": "way", "waterway": null, "building": "yes", "name": null, "amenity": null, "brand": null, "wheelchair": null, "tourism": null }, "geometry": { "type": "MultiPolygon", "coordinates": [ [ [ [ 27.0455718, -18.5698427 ], [ 27.0456244, -18.5698677 ], [ 27.0455949, -18.5699236 ], [ 27.0455423, -18.5698987 ], [ 27.0455718, -18.5698427 ] ] ] ] } },
{ "type": "Feature", "properties": { "full_id": "w484581065", "osm_id": "484581065", "osm_type": "way", "waterway": null, "building": "yes", "name": null, "amenity": null, "brand": null, "wheelchair": null, "tourism": null }, "geometry": { "type": "MultiPolygon", "coordinates": [ [ [ [ 27.044963, -18.5697004 ], [ 27.0450005, -18.5696749 ], [ 27.0450324, -18.5697173 ], [ 27.0449949, -18.5697427 ], [ 27.044963, -18.5697004 ] ] ] ] } },
{ "type": "Feature", "properties": { "full_id": "w484581066", "osm_id": "484581066", "osm_type": "way", "waterway": null, "building": "yes", "name": null, "amenity": null, "brand": null, "wheelchair": null, "tourism": null }, "geometry": { "type": "MultiPolygon", "coordinates": [ [ [ [ 27.0448745, -18.5695529 ], [ 27.0449054, -18.569547 ], [ 27.0449135, -18.5695852 ], [ 27.0448825, -18.569591 ], [ 27.0448745, -18.5695529 ] ] ] ] } },
{ "type": "Feature", "properties": { "full_id": "w484581067", "osm_id": "484581067", "osm_type": "way", "waterway": null, "building": "yes", "name": null, "amenity": null, "brand": null, "wheelchair": null, "tourism": null }, "geometry": { "type": "MultiPolygon", "coordinates": [ [ [ [ 27.0447699, -18.5697487 ], [ 27.0448065, -18.569751 ], [ 27.0448038, -18.5697891 ], [ 27.0447672, -18.5697868 ], [ 27.0447699, -18.5697487 ] ] ] ] } },
{ "type": "Feature", "properties": { "full_id": "w484581068", "osm_id": "484581068", "osm_type": "way", "waterway": null, "building": "yes", "name": null, "amenity": null, "brand": null, "wheelchair": null, "tourism": null }, "geometry": { "type": "MultiPolygon", "coordinates": [ [ [ [ 27.0443622, -18.5696902 ], [ 27.0444292, -18.5696927 ], [ 27.0444272, -18.5697409 ], [ 27.0443601, -18.5697383 ], [ 27.0443622, -18.5696902 ] ] ] ] } },
{ "type": "Feature", "properties": { "full_id": "w484581069", "osm_id": "484581069", "osm_type": "way", "waterway": null, "building": "yes", "name": null, "amenity": null, "brand": null, "wheelchair": null, "tourism": null }, "geometry": { "type": "MultiPolygon", "coordinates": [ [ [ [ 27.0444453, -18.5696622 ], [ 27.0444415, -18.569626 ], [ 27.0444683, -18.5696234 ], [ 27.0444721, -18.5696597 ], [ 27.0444453, -18.5696622 ] ] ] ] } },
{ "type": "Feature", "properties": { "full_id": "w484581070", "osm_id": "484581070", "osm_type": "way", "waterway": null, "building": "yes", "name": null, "amenity": null, "brand": null, "wheelchair": null, "tourism": null }, "geometry": { "type": "MultiPolygon", "coordinates": [ [ [ [ 27.0444882, -18.5697004 ], [ 27.0445296, -18.5696853 ], [ 27.044543, -18.5697183 ], [ 27.0445016, -18.5697334 ], [ 27.0444882, -18.5697004 ] ] ] ] } },
{ "type": "Feature", "properties": { "full_id": "w484581071", "osm_id": "484581071", "osm_type": "way", "waterway": null, "building": "yes", "name": null, "amenity": null, "brand": null, "wheelchair": null, "tourism": null }, "geometry": { "type": "MultiPolygon", "coordinates": [ [ [ [ 27.0445204, -18.5696419 ], [ 27.0445863, -18.5696356 ], [ 27.0445889, -18.5696611 ], [ 27.0445231, -18.5696673 ], [ 27.0445204, -18.5696419 ] ] ] ] } },
{ "type": "Feature", "properties": { "full_id": "w484581072", "osm_id": "484581072", "osm_type": "way", "waterway": null, "building": "yes", "name": null, "amenity": null, "brand": null, "wheelchair": null, "tourism": null }, "geometry": { "type": "MultiPolygon", "coordinates": [ [ [ [ 27.0444802, -18.569591 ], [ 27.0445326, -18.5695786 ], [ 27.0445406, -18.5696091 ], [ 27.0444882, -18.5696215 ], [ 27.0444802, -18.569591 ] ] ] ] } },
{ "type": "Feature", "properties": { "full_id": "w484581073", "osm_id": "484581073", "osm_type": "way", "waterway": null, "building": "yes", "name": null, "amenity": null, "brand": null, "wheelchair": null, "tourism": null }, "geometry": { "type": "MultiPolygon", "coordinates": [ [ [ [ 27.0445231, -18.5694995 ], [ 27.0446036, -18.569497 ], [ 27.044605, -18.5695374 ], [ 27.0445245, -18.56954 ], [ 27.0445231, -18.5694995 ] ] ] ] } },
{ "type": "Feature", "properties": { "full_id": "w484581074", "osm_id": "484581074", "osm_type": "way", "waterway": null, "building": "yes", "name": null, "amenity": null, "brand": null, "wheelchair": null, "tourism": null }, "geometry": { "type": "MultiPolygon", "coordinates": [ [ [ [ 27.0444131, -18.569408 ], [ 27.0445016, -18.5693698 ], [ 27.0445244, -18.5694173 ], [ 27.0444359, -18.5694555 ], [ 27.0444131, -18.569408 ] ] ] ] } },
{ "type": "Feature", "properties": { "full_id": "w484581075", "osm_id": "484581075", "osm_type": "way", "waterway": null, "building": "yes", "name": null, "amenity": null, "brand": null, "wheelchair": null, "tourism": null }, "geometry": { "type": "MultiPolygon", "coordinates": [ [ [ [ 27.0442468, -18.5700512 ], [ 27.0442989, -18.5700586 ], [ 27.0442908, -18.5701095 ], [ 27.0442388, -18.5701021 ], [ 27.0442468, -18.5700512 ] ] ] ] } },
{ "type": "Feature", "properties": { "full_id": "w484581076", "osm_id": "484581076", "osm_type": "way", "waterway": null, "building": "yes", "name": null, "amenity": null, "brand": null, "wheelchair": null, "tourism": null }, "geometry": { "type": "MultiPolygon", "coordinates": [ [ [ [ 27.04422, -18.5702877 ], [ 27.0442683, -18.5702902 ], [ 27.0442657, -18.5703345 ], [ 27.0442174, -18.5703319 ], [ 27.04422, -18.5702877 ] ] ] ] } },
{ "type": "Feature", "properties": { "full_id": "w484581077", "osm_id": "484581077", "osm_type": "way", "waterway": null, "building": "yes", "name": null, "amenity": null, "brand": null, "wheelchair": null, "tourism": null }, "geometry": { "type": "MultiPolygon", "coordinates": [ [ [ [ 27.0444399, -18.5703309 ], [ 27.0444856, -18.5703261 ], [ 27.0444909, -18.5703719 ], [ 27.0444453, -18.5703767 ], [ 27.0444399, -18.5703309 ] ] ] ] } },
{ "type": "Feature", "properties": { "full_id": "w484581078", "osm_id": "484581078", "osm_type": "way", "waterway": null, "building": "yes", "name": null, "amenity": null, "brand": null, "wheelchair": null, "tourism": null }, "geometry": { "type": "MultiPolygon", "coordinates": [ [ [ [ 27.0444319, -18.5702572 ], [ 27.0444721, -18.5702699 ], [ 27.0444579, -18.5703103 ], [ 27.0444177, -18.5702976 ], [ 27.0444319, -18.5702572 ] ] ] ] } },
{ "type": "Feature", "properties": { "full_id": "w484581079", "osm_id": "484581079", "osm_type": "way", "waterway": null, "building": "yes", "name": null, "amenity": null, "brand": null, "wheelchair": null, "tourism": null }, "geometry": { "type": "MultiPolygon", "coordinates": [ [ [ [ 27.0445419, -18.5703411 ], [ 27.0446196, -18.5703538 ], [ 27.0446119, -18.5703965 ], [ 27.0445341, -18.5703837 ], [ 27.0445419, -18.5703411 ] ] ] ] } },
{ "type": "Feature", "properties": { "full_id": "w484581080", "osm_id": "484581080", "osm_type": "way", "waterway": null, "building": "yes", "name": null, "amenity": null, "brand": null, "wheelchair": null, "tourism": null }, "geometry": { "type": "MultiPolygon", "coordinates": [ [ [ [ 27.0445338, -18.5702445 ], [ 27.0445982, -18.5702521 ], [ 27.0445929, -18.5702922 ], [ 27.0445285, -18.5702845 ], [ 27.0445338, -18.5702445 ] ] ] ] } },
{ "type": "Feature", "properties": { "full_id": "w484582201", "osm_id": "484582201", "osm_type": "way", "waterway": null, "building": "yes", "name": null, "amenity": null, "brand": null, "wheelchair": null, "tourism": null }, "geometry": { "type": "MultiPolygon", "coordinates": [ [ [ [ 27.0444893, -18.5726225 ], [ 27.0445591, -18.5726124 ], [ 27.0445684, -18.5726697 ], [ 27.0444986, -18.5726799 ], [ 27.0444893, -18.5726225 ] ] ] ] } },
{ "type": "Feature", "properties": { "full_id": "w484582202", "osm_id": "484582202", "osm_type": "way", "waterway": null, "building": "yes", "name": null, "amenity": null, "brand": null, "wheelchair": null, "tourism": null }, "geometry": { "type": "MultiPolygon", "coordinates": [ [ [ [ 27.0459954, -18.5717784 ], [ 27.0460437, -18.5717822 ], [ 27.0460407, -18.5718163 ], [ 27.0459924, -18.5718125 ], [ 27.0459954, -18.5717784 ] ] ] ] } },
{ "type": "Feature", "properties": { "full_id": "w484582203", "osm_id": "484582203", "osm_type": "way", "waterway": null, "building": "yes", "name": null, "amenity": null, "brand": null, "wheelchair": null, "tourism": null }, "geometry": { "type": "MultiPolygon", "coordinates": [ [ [ [ 27.04634, -18.572653 ], [ 27.0464071, -18.572653 ], [ 27.0464071, -18.5727014 ], [ 27.04634, -18.5727014 ], [ 27.04634, -18.572653 ] ] ] ] } },
{ "type": "Feature", "properties": { "full_id": "w484582204", "osm_id": "484582204", "osm_type": "way", "waterway": null, "building": "yes", "name": null, "amenity": null, "brand": null, "wheelchair": null, "tourism": null }, "geometry": { "type": "MultiPolygon", "coordinates": [ [ [ [ 27.0462059, -18.5726009 ], [ 27.0462729, -18.5726055 ], [ 27.0462689, -18.5726589 ], [ 27.0462019, -18.5726543 ], [ 27.0462059, -18.5726009 ] ] ] ] } },
{ "type": "Feature", "properties": { "full_id": "w484582205", "osm_id": "484582205", "osm_type": "way", "waterway": null, "building": "yes", "name": null, "amenity": null, "brand": null, "wheelchair": null, "tourism": null }, "geometry": { "type": "MultiPolygon", "coordinates": [ [ [ [ 27.0459967, -18.5725488 ], [ 27.0460477, -18.5725513 ], [ 27.0460457, -18.5725864 ], [ 27.0459948, -18.5725838 ], [ 27.0459967, -18.5725488 ] ] ] ] } },
{ "type": "Feature", "properties": { "full_id": "w484582206", "osm_id": "484582206", "osm_type": "way", "waterway": null, "building": "yes", "name": null, "amenity": null, "brand": null, "wheelchair": null, "tourism": null }, "geometry": { "type": "MultiPolygon", "coordinates": [ [ [ [ 27.0460691, -18.5726365 ], [ 27.0461161, -18.5726429 ], [ 27.046112, -18.5726699 ], [ 27.0460651, -18.5726636 ], [ 27.0460691, -18.5726365 ] ] ] ] } },
{ "type": "Feature", "properties": { "full_id": "w484582208", "osm_id": "484582208", "osm_type": "way", "waterway": null, "building": "yes", "name": null, "amenity": null, "brand": null, "wheelchair": null, "tourism": null }, "geometry": { "type": "MultiPolygon", "coordinates": [ [ [ [ 27.0461228, -18.5727636 ], [ 27.0461268, -18.5727355 ], [ 27.0461764, -18.5727419 ], [ 27.0461724, -18.57277 ], [ 27.0461228, -18.5727636 ] ] ] ] } },
{ "type": "Feature", "properties": { "full_id": "w484582209", "osm_id": "484582209", "osm_type": "way", "waterway": null, "building": "yes", "name": null, "amenity": null, "brand": null, "wheelchair": null, "tourism": null }, "geometry": { "type": "MultiPolygon", "coordinates": [ [ [ [ 27.0462636, -18.5727179 ], [ 27.0463172, -18.5727217 ], [ 27.0463136, -18.5727673 ], [ 27.04626, -18.5727635 ], [ 27.0462636, -18.5727179 ] ] ] ] } },
{ "type": "Feature", "properties": { "full_id": "w484582210", "osm_id": "484582210", "osm_type": "way", "waterway": null, "building": "yes", "name": null, "amenity": null, "brand": null, "wheelchair": null, "tourism": null }, "geometry": { "type": "MultiPolygon", "coordinates": [ [ [ [ 27.0461188, -18.5728908 ], [ 27.0461267, -18.5728736 ], [ 27.0461481, -18.5728825 ], [ 27.0461402, -18.5728997 ], [ 27.0461188, -18.5728908 ] ] ] ] } },
{ "type": "Feature", "properties": { "full_id": "w484582211", "osm_id": "484582211", "osm_type": "way", "waterway": null, "building": "yes", "name": null, "amenity": null, "brand": null, "wheelchair": null, "tourism": null }, "geometry": { "type": "MultiPolygon", "coordinates": [ [ [ [ 27.0461362, -18.5728374 ], [ 27.0461791, -18.5728387 ], [ 27.0461783, -18.5728629 ], [ 27.0461354, -18.5728616 ], [ 27.0461362, -18.5728374 ] ] ] ] } },
{ "type": "Feature", "properties": { "full_id": "w484582212", "osm_id": "484582212", "osm_type": "way", "waterway": null, "building": "yes", "name": null, "amenity": null, "brand": null, "wheelchair": null, "tourism": null }, "geometry": { "type": "MultiPolygon", "coordinates": [ [ [ [ 27.0460571, -18.5727929 ], [ 27.0460919, -18.5727929 ], [ 27.0460919, -18.5728183 ], [ 27.0460571, -18.5728183 ], [ 27.0460571, -18.5727929 ] ] ] ] } },
{ "type": "Feature", "properties": { "full_id": "w484582213", "osm_id": "484582213", "osm_type": "way", "waterway": null, "building": "yes", "name": null, "amenity": null, "brand": null, "wheelchair": null, "tourism": null }, "geometry": { "type": "MultiPolygon", "coordinates": [ [ [ [ 27.0461872, -18.5729874 ], [ 27.046217, -18.5729991 ], [ 27.0461983, -18.5730423 ], [ 27.0461684, -18.5730306 ], [ 27.0461872, -18.5729874 ] ] ] ] } },
{ "type": "Feature", "properties": { "full_id": "w484582214", "osm_id": "484582214", "osm_type": "way", "waterway": null, "building": "yes", "name": null, "amenity": null, "brand": null, "wheelchair": null, "tourism": null }, "geometry": { "type": "MultiPolygon", "coordinates": [ [ [ [ 27.0461912, -18.5728882 ], [ 27.0462502, -18.5728908 ], [ 27.0462483, -18.5729304 ], [ 27.0461893, -18.5729278 ], [ 27.0461912, -18.5728882 ] ] ] ] } },
{ "type": "Feature", "properties": { "full_id": "w484582215", "osm_id": "484582215", "osm_type": "way", "waterway": null, "building": "yes", "name": null, "amenity": null, "brand": null, "wheelchair": null, "tourism": null }, "geometry": { "type": "MultiPolygon", "coordinates": [ [ [ [ 27.0463226, -18.5727942 ], [ 27.0463447, -18.5728007 ], [ 27.046338, -18.572821 ], [ 27.0463159, -18.5728145 ], [ 27.0463226, -18.5727942 ] ] ] ] } },
{ "type": "Feature", "properties": { "full_id": "w484582216", "osm_id": "484582216", "osm_type": "way", "waterway": null, "building": "yes", "name": null, "amenity": null, "brand": null, "wheelchair": null, "tourism": null }, "geometry": { "type": "MultiPolygon", "coordinates": [ [ [ [ 27.0462515, -18.5728145 ], [ 27.0462971, -18.5728132 ], [ 27.0462986, -18.5728616 ], [ 27.046253, -18.5728628 ], [ 27.0462515, -18.5728145 ] ] ] ] } },
{ "type": "Feature", "properties": { "full_id": "w484582217", "osm_id": "484582217", "osm_type": "way", "waterway": null, "building": "yes", "name": null, "amenity": null, "brand": null, "wheelchair": null, "tourism": null }, "geometry": { "type": "MultiPolygon", "coordinates": [ [ [ [ 27.0463535, -18.5729232 ], [ 27.046391, -18.5729359 ], [ 27.0463778, -18.572971 ], [ 27.0463402, -18.5729583 ], [ 27.0463535, -18.5729232 ] ] ] ] } },
{ "type": "Feature", "properties": { "full_id": "w484625486", "osm_id": "484625486", "osm_type": "way", "waterway": null, "building": "yes", "name": null, "amenity": null, "brand": null, "wheelchair": null, "tourism": null }, "geometry": { "type": "MultiPolygon", "coordinates": [ [ [ [ 27.1066916, -18.6251816 ], [ 27.1067446, -18.6250196 ], [ 27.1068767, -18.6250584 ], [ 27.1068237, -18.6252204 ], [ 27.1066916, -18.6251816 ] ] ] ] } },
{ "type": "Feature", "properties": { "full_id": "w484625487", "osm_id": "484625487", "osm_type": "way", "waterway": null, "building": "yes", "name": null, "amenity": null, "brand": null, "wheelchair": null, "tourism": null }, "geometry": { "type": "MultiPolygon", "coordinates": [ [ [ [ 27.1070862, -18.624989 ], [ 27.1068026, -18.6248761 ], [ 27.1068484, -18.6247728 ], [ 27.107132, -18.6248858 ], [ 27.1070862, -18.624989 ] ] ] ] } },
{ "type": "Feature", "properties": { "full_id": "w484625491", "osm_id": "484625491", "osm_type": "way", "waterway": null, "building": "yes", "name": null, "amenity": null, "brand": null, "wheelchair": null, "tourism": null }, "geometry": { "type": "MultiPolygon", "coordinates": [ [ [ [ 27.1063467, -18.6247247 ], [ 27.1062801, -18.6246769 ], [ 27.1063319, -18.624612 ], [ 27.1063985, -18.6246597 ], [ 27.1063467, -18.6247247 ] ] ] ] } },
{ "type": "Feature", "properties": { "full_id": "w484625492", "osm_id": "484625492", "osm_type": "way", "waterway": null, "building": "yes", "name": null, "amenity": null, "brand": null, "wheelchair": null, "tourism": null }, "geometry": { "type": "MultiPolygon", "coordinates": [ [ [ [ 27.10664, -18.6249543 ], [ 27.1065217, -18.6249031 ], [ 27.106573, -18.6247966 ], [ 27.1066913, -18.6248478 ], [ 27.10664, -18.6249543 ] ] ] ] } },
{ "type": "Feature", "properties": { "full_id": "w484625494", "osm_id": "484625494", "osm_type": "way", "waterway": null, "building": "yes", "name": null, "amenity": null, "brand": null, "wheelchair": null, "tourism": null }, "geometry": { "type": "MultiPolygon", "coordinates": [ [ [ [ 27.1085662, -18.6242528 ], [ 27.108423, -18.6241256 ], [ 27.108507, -18.6240407 ], [ 27.1086198, -18.624141 ], [ 27.1085662, -18.6242528 ] ] ] ] } },
{ "type": "Feature", "properties": { "full_id": "w484625495", "osm_id": "484625495", "osm_type": "way", "waterway": null, "building": "yes", "name": null, "amenity": null, "brand": null, "wheelchair": null, "tourism": null }, "geometry": { "type": "MultiPolygon", "coordinates": [ [ [ [ 27.1081071, -18.6231682 ], [ 27.108039, -18.6231338 ], [ 27.1080695, -18.6230795 ], [ 27.1081376, -18.6231139 ], [ 27.1081071, -18.6231682 ] ] ] ] } },
{ "type": "Feature", "properties": { "full_id": "w484625497", "osm_id": "484625497", "osm_type": "way", "waterway": null, "building": "yes", "name": null, "amenity": null, "brand": null, "wheelchair": null, "tourism": null }, "geometry": { "type": "MultiPolygon", "coordinates": [ [ [ [ 27.1083127, -18.6232742 ], [ 27.1082079, -18.6232269 ], [ 27.1082307, -18.6231814 ], [ 27.108318, -18.6232208 ], [ 27.1083127, -18.6232742 ] ] ] ] } },
{ "type": "Feature", "properties": { "full_id": "w484643487", "osm_id": "484643487", "osm_type": "way", "waterway": null, "building": "yes", "name": null, "amenity": null, "brand": null, "wheelchair": null, "tourism": null }, "geometry": { "type": "MultiPolygon", "coordinates": [ [ [ [ 27.0610746, -18.5631843 ], [ 27.061089, -18.5631325 ], [ 27.0611418, -18.5631456 ], [ 27.0611275, -18.5631975 ], [ 27.0610746, -18.5631843 ] ] ] ] } },
{ "type": "Feature", "properties": { "full_id": "w484643818", "osm_id": "484643818", "osm_type": "way", "waterway": null, "building": "yes", "name": null, "amenity": null, "brand": null, "wheelchair": null, "tourism": null }, "geometry": { "type": "MultiPolygon", "coordinates": [ [ [ [ 27.0571244, -18.5654265 ], [ 27.0571339, -18.5653815 ], [ 27.0571656, -18.5653875 ], [ 27.0571561, -18.5654325 ], [ 27.0571244, -18.5654265 ] ] ] ] } },
{ "type": "Feature", "properties": { "full_id": "w484644915", "osm_id": "484644915", "osm_type": "way", "waterway": null, "building": "yes", "name": null, "amenity": null, "brand": null, "wheelchair": null, "tourism": null }, "geometry": { "type": "MultiPolygon", "coordinates": [ [ [ [ 27.0542296, -18.5645893 ], [ 27.0542344, -18.5646146 ], [ 27.0542209, -18.5646369 ], [ 27.0541955, -18.5646459 ], [ 27.0541699, -18.5646373 ], [ 27.0541554, -18.5646068 ], [ 27.0541723, -18.5645773 ], [ 27.0541953, -18.5645705 ], [ 27.0542296, -18.5645893 ] ] ] ] } },
{ "type": "Feature", "properties": { "full_id": "w484644916", "osm_id": "484644916", "osm_type": "way", "waterway": null, "building": "yes", "name": null, "amenity": null, "brand": null, "wheelchair": null, "tourism": null }, "geometry": { "type": "MultiPolygon", "coordinates": [ [ [ [ 27.0541209, -18.5646394 ], [ 27.0541082, -18.5646568 ], [ 27.0540869, -18.5646631 ], [ 27.0540661, -18.5646557 ], [ 27.0540544, -18.5646377 ], [ 27.0540633, -18.564608 ], [ 27.0540831, -18.5645984 ], [ 27.054105, -18.5646024 ], [ 27.0541197, -18.5646183 ], [ 27.0541209, -18.5646394 ] ] ] ] } },
{ "type": "Feature", "properties": { "full_id": "w484644917", "osm_id": "484644917", "osm_type": "way", "waterway": null, "building": "yes", "name": null, "amenity": null, "brand": null, "wheelchair": null, "tourism": null }, "geometry": { "type": "MultiPolygon", "coordinates": [ [ [ [ 27.0549679, -18.5642618 ], [ 27.0549346, -18.564273 ], [ 27.0549008, -18.5642633 ], [ 27.054888, -18.5642515 ], [ 27.0548769, -18.5642172 ], [ 27.054881, -18.5641994 ], [ 27.0549062, -18.5641726 ], [ 27.0549244, -18.5641667 ], [ 27.0549616, -18.5641733 ], [ 27.054986, -18.5642006 ], [ 27.0549876, -18.564234 ], [ 27.0549679, -18.5642618 ] ] ] ] } },
{ "type": "Feature", "properties": { "full_id": "w484644918", "osm_id": "484644918", "osm_type": "way", "waterway": null, "building": "yes", "name": null, "amenity": null, "brand": null, "wheelchair": null, "tourism": null }, "geometry": { "type": "MultiPolygon", "coordinates": [ [ [ [ 27.0549867, -18.5643202 ], [ 27.0549949, -18.5643353 ], [ 27.0549913, -18.564352 ], [ 27.0549775, -18.5643627 ], [ 27.0549595, -18.5643628 ], [ 27.0549456, -18.5643522 ], [ 27.0549416, -18.5643372 ], [ 27.0549537, -18.5643176 ], [ 27.0549702, -18.5643135 ], [ 27.0549867, -18.5643202 ] ] ] ] } },
{ "type": "Feature", "properties": { "full_id": "w484644919", "osm_id": "484644919", "osm_type": "way", "waterway": null, "building": "yes", "name": null, "amenity": null, "brand": null, "wheelchair": null, "tourism": null }, "geometry": { "type": "MultiPolygon", "coordinates": [ [ [ [ 27.0548914, -18.5643715 ], [ 27.0549065, -18.5643834 ], [ 27.0549034, -18.5644017 ], [ 27.054892, -18.5644083 ], [ 27.0548788, -18.5644065 ], [ 27.0548698, -18.5643971 ], [ 27.0548686, -18.5643865 ], [ 27.0548782, -18.5643737 ], [ 27.0548914, -18.5643715 ] ] ] ] } },
{ "type": "Feature", "properties": { "full_id": "w484644920", "osm_id": "484644920", "osm_type": "way", "waterway": null, "building": "yes", "name": null, "amenity": null, "brand": null, "wheelchair": null, "tourism": null }, "geometry": { "type": "MultiPolygon", "coordinates": [ [ [ [ 27.0548668, -18.5643476 ], [ 27.054831, -18.5643547 ], [ 27.0548111, -18.5643405 ], [ 27.0548077, -18.5643073 ], [ 27.054823, -18.5642905 ], [ 27.0548459, -18.5642857 ], [ 27.0548673, -18.5642947 ], [ 27.054879, -18.5643149 ], [ 27.0548668, -18.5643476 ] ] ] ] } },
{ "type": "Feature", "properties": { "full_id": "w484677218", "osm_id": "484677218", "osm_type": "way", "waterway": null, "building": "yes", "name": null, "amenity": null, "brand": null, "wheelchair": null, "tourism": null }, "geometry": { "type": "MultiPolygon", "coordinates": [ [ [ [ 27.0637494, -18.5640428 ], [ 27.0637843, -18.5640415 ], [ 27.0637856, -18.5640743 ], [ 27.0637508, -18.5640755 ], [ 27.0637494, -18.5640428 ] ] ] ] } },
{ "type": "Feature", "properties": { "full_id": "w484677219", "osm_id": "484677219", "osm_type": "way", "waterway": null, "building": "yes", "name": null, "amenity": null, "brand": null, "wheelchair": null, "tourism": null }, "geometry": { "type": "MultiPolygon", "coordinates": [ [ [ [ 27.0636609, -18.5642742 ], [ 27.0636553, -18.564237 ], [ 27.0637023, -18.5642306 ], [ 27.0637079, -18.5642678 ], [ 27.0636609, -18.5642742 ] ] ] ] } },
{ "type": "Feature", "properties": { "full_id": "w484677220", "osm_id": "484677220", "osm_type": "way", "waterway": null, "building": "yes", "name": null, "amenity": null, "brand": null, "wheelchair": null, "tourism": null }, "geometry": { "type": "MultiPolygon", "coordinates": [ [ [ [ 27.0636247, -18.5641648 ], [ 27.0636824, -18.5641534 ], [ 27.0636959, -18.5642148 ], [ 27.0636383, -18.5642263 ], [ 27.0636247, -18.5641648 ] ] ] ] } },
{ "type": "Feature", "properties": { "full_id": "w484677221", "osm_id": "484677221", "osm_type": "way", "waterway": null, "building": "yes", "name": null, "amenity": null, "brand": null, "wheelchair": null, "tourism": null }, "geometry": { "type": "MultiPolygon", "coordinates": [ [ [ [ 27.0636301, -18.5640911 ], [ 27.0637079, -18.5640936 ], [ 27.0637059, -18.5641468 ], [ 27.0636281, -18.5641442 ], [ 27.0636301, -18.5640911 ] ] ] ] } },
{ "type": "Feature", "properties": { "full_id": "w484677222", "osm_id": "484677222", "osm_type": "way", "waterway": null, "building": "yes", "name": null, "amenity": null, "brand": null, "wheelchair": null, "tourism": null }, "geometry": { "type": "MultiPolygon", "coordinates": [ [ [ [ 27.0637266, -18.5642436 ], [ 27.0637578, -18.5642187 ], [ 27.0637873, -18.5642517 ], [ 27.0637561, -18.5642767 ], [ 27.0637266, -18.5642436 ] ] ] ] } },
{ "type": "Feature", "properties": { "full_id": "w484677223", "osm_id": "484677223", "osm_type": "way", "waterway": null, "building": "yes", "name": null, "amenity": null, "brand": null, "wheelchair": null, "tourism": null }, "geometry": { "type": "MultiPolygon", "coordinates": [ [ [ [ 27.0638286, -18.5641394 ], [ 27.0638662, -18.5641109 ], [ 27.0639091, -18.5641617 ], [ 27.0638715, -18.5641903 ], [ 27.0638286, -18.5641394 ] ] ] ] } },
{ "type": "Feature", "properties": { "full_id": "w484677224", "osm_id": "484677224", "osm_type": "way", "waterway": null, "building": "yes", "name": null, "amenity": null, "brand": null, "wheelchair": null, "tourism": null }, "geometry": { "type": "MultiPolygon", "coordinates": [ [ [ [ 27.0629542, -18.5646009 ], [ 27.0630078, -18.5645856 ], [ 27.0630202, -18.5646248 ], [ 27.0629666, -18.5646401 ], [ 27.0629542, -18.5646009 ] ] ] ] } },
{ "type": "Feature", "properties": { "full_id": "w484677225", "osm_id": "484677225", "osm_type": "way", "waterway": null, "building": "yes", "name": null, "amenity": null, "brand": null, "wheelchair": null, "tourism": null }, "geometry": { "type": "MultiPolygon", "coordinates": [ [ [ [ 27.0628764, -18.5646568 ], [ 27.0628988, -18.5646208 ], [ 27.0629578, -18.5646539 ], [ 27.0629354, -18.5646899 ], [ 27.0628764, -18.5646568 ] ] ] ] } },
{ "type": "Feature", "properties": { "full_id": "w484678186", "osm_id": "484678186", "osm_type": "way", "waterway": null, "building": "yes", "name": null, "amenity": null, "brand": null, "wheelchair": null, "tourism": null }, "geometry": { "type": "MultiPolygon", "coordinates": [ [ [ [ 27.044161, -18.5679446 ], [ 27.0442077, -18.5679593 ], [ 27.0441755, -18.5680509 ], [ 27.0441288, -18.5680361 ], [ 27.044161, -18.5679446 ] ] ] ] } },
{ "type": "Feature", "properties": { "full_id": "w484678187", "osm_id": "484678187", "osm_type": "way", "waterway": null, "building": "yes", "name": null, "amenity": null, "brand": null, "wheelchair": null, "tourism": null }, "geometry": { "type": "MultiPolygon", "coordinates": [ [ [ [ 27.0440242, -18.5679141 ], [ 27.0440441, -18.5679565 ], [ 27.0439958, -18.5679769 ], [ 27.0439759, -18.5679344 ], [ 27.0440242, -18.5679141 ] ] ] ] } },
{ "type": "Feature", "properties": { "full_id": "w484678188", "osm_id": "484678188", "osm_type": "way", "waterway": null, "building": "yes", "name": null, "amenity": null, "brand": null, "wheelchair": null, "tourism": null }, "geometry": { "type": "MultiPolygon", "coordinates": [ [ [ [ 27.0440591, -18.5678632 ], [ 27.0441208, -18.5678048 ], [ 27.0441677, -18.5678492 ], [ 27.044106, -18.5679077 ], [ 27.0440591, -18.5678632 ] ] ] ] } },
{ "type": "Feature", "properties": { "full_id": "w484678189", "osm_id": "484678189", "osm_type": "way", "waterway": null, "building": "yes", "name": null, "amenity": null, "brand": null, "wheelchair": null, "tourism": null }, "geometry": { "type": "MultiPolygon", "coordinates": [ [ [ [ 27.0442629, -18.5660046 ], [ 27.0442725, -18.5659889 ], [ 27.0443047, -18.5660067 ], [ 27.0442951, -18.5660224 ], [ 27.0442629, -18.5660046 ] ] ] ] } },
{ "type": "Feature", "properties": { "full_id": "w484678190", "osm_id": "484678190", "osm_type": "way", "waterway": null, "building": "yes", "name": null, "amenity": null, "brand": null, "wheelchair": null, "tourism": null }, "geometry": { "type": "MultiPolygon", "coordinates": [ [ [ [ 27.0444104, -18.5660224 ], [ 27.0444475, -18.5659973 ], [ 27.0444743, -18.5660329 ], [ 27.0444373, -18.566058 ], [ 27.0444104, -18.5660224 ] ] ] ] } },
{ "type": "Feature", "properties": { "full_id": "w484678191", "osm_id": "484678191", "osm_type": "way", "waterway": null, "building": "yes", "name": null, "amenity": null, "brand": null, "wheelchair": null, "tourism": null }, "geometry": { "type": "MultiPolygon", "coordinates": [ [ [ [ 27.0443005, -18.5659474 ], [ 27.0443027, -18.5659219 ], [ 27.044351, -18.5659257 ], [ 27.0443487, -18.5659512 ], [ 27.0443005, -18.5659474 ] ] ] ] } },
{ "type": "Feature", "properties": { "full_id": "w484678192", "osm_id": "484678192", "osm_type": "way", "waterway": null, "building": "yes", "name": null, "amenity": null, "brand": null, "wheelchair": null, "tourism": null }, "geometry": { "type": "MultiPolygon", "coordinates": [ [ [ [ 27.0443112, -18.5657757 ], [ 27.0443422, -18.5658072 ], [ 27.044302, -18.5658428 ], [ 27.044271, -18.5658113 ], [ 27.0443112, -18.5657757 ] ] ] ] } },
{ "type": "Feature", "properties": { "full_id": "w484678193", "osm_id": "484678193", "osm_type": "way", "waterway": null, "building": "yes", "name": null, "amenity": null, "brand": null, "wheelchair": null, "tourism": null }, "geometry": { "type": "MultiPolygon", "coordinates": [ [ [ [ 27.0442307, -18.5657147 ], [ 27.0442677, -18.5657445 ], [ 27.0442221, -18.5657954 ], [ 27.0441851, -18.5657656 ], [ 27.0442307, -18.5657147 ] ] ] ] } },
{ "type": "Feature", "properties": { "full_id": "w484678194", "osm_id": "484678194", "osm_type": "way", "waterway": null, "building": "yes", "name": null, "amenity": null, "brand": null, "wheelchair": null, "tourism": null }, "geometry": { "type": "MultiPolygon", "coordinates": [ [ [ [ 27.0443246, -18.5658775 ], [ 27.0443266, -18.5658392 ], [ 27.0443803, -18.5658417 ], [ 27.0443783, -18.56588 ], [ 27.0443246, -18.5658775 ] ] ] ] } },
{ "type": "Feature", "properties": { "full_id": "w484678195", "osm_id": "484678195", "osm_type": "way", "waterway": null, "building": "yes", "name": null, "amenity": null, "brand": null, "wheelchair": null, "tourism": null }, "geometry": { "type": "MultiPolygon", "coordinates": [ [ [ [ 27.0442334, -18.5658368 ], [ 27.0442978, -18.565852 ], [ 27.0442841, -18.5659041 ], [ 27.0442197, -18.5658888 ], [ 27.0442334, -18.5658368 ] ] ] ] } },
{ "type": "Feature", "properties": { "full_id": "w484678196", "osm_id": "484678196", "osm_type": "way", "waterway": null, "building": "yes", "name": null, "amenity": null, "brand": null, "wheelchair": null, "tourism": null }, "geometry": { "type": "MultiPolygon", "coordinates": [ [ [ [ 27.0441529, -18.5658419 ], [ 27.0441942, -18.5658758 ], [ 27.0441593, -18.5659139 ], [ 27.0441181, -18.56588 ], [ 27.0441529, -18.5658419 ] ] ] ] } },
{ "type": "Feature", "properties": { "full_id": "w484678197", "osm_id": "484678197", "osm_type": "way", "waterway": null, "building": "yes", "name": null, "amenity": null, "brand": null, "wheelchair": null, "tourism": null }, "geometry": { "type": "MultiPolygon", "coordinates": [ [ [ [ 27.0445539, -18.567075 ], [ 27.0445808, -18.567075 ], [ 27.0445808, -18.5670954 ], [ 27.0445539, -18.5670954 ], [ 27.0445539, -18.567075 ] ] ] ] } },
{ "type": "Feature", "properties": { "full_id": "w484678198", "osm_id": "484678198", "osm_type": "way", "waterway": null, "building": "yes", "name": null, "amenity": null, "brand": null, "wheelchair": null, "tourism": null }, "geometry": { "type": "MultiPolygon", "coordinates": [ [ [ [ 27.044617, -18.5670839 ], [ 27.0446492, -18.5670877 ], [ 27.0446451, -18.5671187 ], [ 27.0446129, -18.5671149 ], [ 27.044617, -18.5670839 ] ] ] ] } },
{ "type": "Feature", "properties": { "full_id": "w484678199", "osm_id": "484678199", "osm_type": "way", "waterway": null, "building": "yes", "name": null, "amenity": null, "brand": null, "wheelchair": null, "tourism": null }, "geometry": { "type": "MultiPolygon", "coordinates": [ [ [ [ 27.0446974, -18.5671119 ], [ 27.0446679, -18.567136 ], [ 27.0446556, -18.5671225 ], [ 27.0446851, -18.5670984 ], [ 27.0446974, -18.5671119 ] ] ] ] } },
{ "type": "Feature", "properties": { "full_id": "w484678200", "osm_id": "484678200", "osm_type": "way", "waterway": null, "building": "yes", "name": null, "amenity": null, "brand": null, "wheelchair": null, "tourism": null }, "geometry": { "type": "MultiPolygon", "coordinates": [ [ [ [ 27.0441315, -18.5662093 ], [ 27.0441471, -18.5661603 ], [ 27.0442357, -18.5661857 ], [ 27.04422, -18.5662347 ], [ 27.0441315, -18.5662093 ] ] ] ] } },
{ "type": "Feature", "properties": { "full_id": "w484678201", "osm_id": "484678201", "osm_type": "way", "waterway": null, "building": "yes", "name": null, "amenity": null, "brand": null, "wheelchair": null, "tourism": null }, "geometry": { "type": "MultiPolygon", "coordinates": [ [ [ [ 27.0445419, -18.5672212 ], [ 27.0445557, -18.5671686 ], [ 27.0446062, -18.5671805 ], [ 27.0445924, -18.5672332 ], [ 27.0445419, -18.5672212 ] ] ] ] } },
{ "type": "Feature", "properties": { "full_id": "w484678202", "osm_id": "484678202", "osm_type": "way", "waterway": null, "building": "yes", "name": null, "amenity": null, "brand": null, "wheelchair": null, "tourism": null }, "geometry": { "type": "MultiPolygon", "coordinates": [ [ [ [ 27.044609, -18.5673163 ], [ 27.0446743, -18.5673318 ], [ 27.0446585, -18.5673919 ], [ 27.0445931, -18.5673764 ], [ 27.044609, -18.5673163 ] ] ] ] } },
{ "type": "Feature", "properties": { "full_id": "w484684559", "osm_id": "484684559", "osm_type": "way", "waterway": null, "building": "yes", "name": null, "amenity": null, "brand": null, "wheelchair": null, "tourism": null }, "geometry": { "type": "MultiPolygon", "coordinates": [ [ [ [ 26.979674, -18.6537894 ], [ 26.9797974, -18.6537894 ], [ 26.9797974, -18.6538682 ], [ 26.979674, -18.6538682 ], [ 26.979674, -18.6537894 ] ] ] ] } },
{ "type": "Feature", "properties": { "full_id": "w484684560", "osm_id": "484684560", "osm_type": "way", "waterway": null, "building": "yes", "name": null, "amenity": null, "brand": null, "wheelchair": null, "tourism": null }, "geometry": { "type": "MultiPolygon", "coordinates": [ [ [ [ 26.9798752, -18.6538377 ], [ 26.9800147, -18.6538377 ], [ 26.9800147, -18.6539216 ], [ 26.9798752, -18.6539216 ], [ 26.9798752, -18.6538377 ] ] ] ] } },
{ "type": "Feature", "properties": { "full_id": "w484684561", "osm_id": "484684561", "osm_type": "way", "waterway": null, "building": "yes", "name": null, "amenity": null, "brand": null, "wheelchair": null, "tourism": null }, "geometry": { "type": "MultiPolygon", "coordinates": [ [ [ [ 26.9802614, -18.653797 ], [ 26.980409, -18.6538047 ], [ 26.9804046, -18.6538801 ], [ 26.9802571, -18.6538725 ], [ 26.9802614, -18.653797 ] ] ] ] } },
{ "type": "Feature", "properties": { "full_id": "w484684562", "osm_id": "484684562", "osm_type": "way", "waterway": null, "building": "yes", "name": null, "amenity": null, "brand": null, "wheelchair": null, "tourism": null }, "geometry": { "type": "MultiPolygon", "coordinates": [ [ [ [ 26.9806208, -18.6538555 ], [ 26.9807737, -18.6538555 ], [ 26.9807737, -18.6539555 ], [ 26.9806208, -18.6539555 ], [ 26.9806208, -18.6538555 ] ] ] ] } },
{ "type": "Feature", "properties": { "full_id": "w484684563", "osm_id": "484684563", "osm_type": "way", "waterway": null, "building": "yes", "name": null, "amenity": null, "brand": null, "wheelchair": null, "tourism": null }, "geometry": { "type": "MultiPolygon", "coordinates": [ [ [ [ 26.980822, -18.653886 ], [ 26.9809588, -18.6538911 ], [ 26.9809559, -18.6539606 ], [ 26.9808191, -18.6539555 ], [ 26.980822, -18.653886 ] ] ] ] } },
{ "type": "Feature", "properties": { "full_id": "w484684564", "osm_id": "484684564", "osm_type": "way", "waterway": null, "building": "yes", "name": null, "amenity": null, "brand": null, "wheelchair": null, "tourism": null }, "geometry": { "type": "MultiPolygon", "coordinates": [ [ [ [ 26.9810285, -18.653886 ], [ 26.9811492, -18.6538936 ], [ 26.9811429, -18.653984 ], [ 26.9810222, -18.6539764 ], [ 26.9810285, -18.653886 ] ] ] ] } },
{ "type": "Feature", "properties": { "full_id": "w484684565", "osm_id": "484684565", "osm_type": "way", "waterway": null, "building": "yes", "name": null, "amenity": null, "brand": null, "wheelchair": null, "tourism": null }, "geometry": { "type": "MultiPolygon", "coordinates": [ [ [ [ 26.9812029, -18.6539012 ], [ 26.9813477, -18.6539063 ], [ 26.9813445, -18.6539882 ], [ 26.9811997, -18.6539831 ], [ 26.9812029, -18.6539012 ] ] ] ] } },
{ "type": "Feature", "properties": { "full_id": "w484684567", "osm_id": "484684567", "osm_type": "way", "waterway": null, "building": "yes", "name": null, "amenity": null, "brand": null, "wheelchair": null, "tourism": null }, "geometry": { "type": "MultiPolygon", "coordinates": [ [ [ [ 26.9814094, -18.6538123 ], [ 26.9815408, -18.6538148 ], [ 26.9815391, -18.6538959 ], [ 26.9814077, -18.6538934 ], [ 26.9814094, -18.6538123 ] ] ] ] } },
{ "type": "Feature", "properties": { "full_id": "w484684569", "osm_id": "484684569", "osm_type": "way", "waterway": null, "building": "yes", "name": null, "amenity": null, "brand": null, "wheelchair": null, "tourism": null }, "geometry": { "type": "MultiPolygon", "coordinates": [ [ [ [ 26.9814496, -18.6536064 ], [ 26.9815652, -18.653596 ], [ 26.9815747, -18.6536907 ], [ 26.9814592, -18.6537012 ], [ 26.9814496, -18.6536064 ] ] ] ] } },
{ "type": "Feature", "properties": { "full_id": "w484685376", "osm_id": "484685376", "osm_type": "way", "waterway": null, "building": "yes", "name": null, "amenity": null, "brand": null, "wheelchair": null, "tourism": null }, "geometry": { "type": "MultiPolygon", "coordinates": [ [ [ [ 26.980594, -18.6545851 ], [ 26.9807067, -18.6545775 ], [ 26.9807136, -18.6546688 ], [ 26.9806009, -18.6546765 ], [ 26.980594, -18.6545851 ] ] ] ] } },
{ "type": "Feature", "properties": { "full_id": "w484685377", "osm_id": "484685377", "osm_type": "way", "waterway": null, "building": "yes", "name": null, "amenity": null, "brand": null, "wheelchair": null, "tourism": null }, "geometry": { "type": "MultiPolygon", "coordinates": [ [ [ [ 26.9803875, -18.6546079 ], [ 26.9805323, -18.6545749 ], [ 26.9805528, -18.6546554 ], [ 26.980408, -18.6546885 ], [ 26.9803875, -18.6546079 ] ] ] ] } },
{ "type": "Feature", "properties": { "full_id": "w484685378", "osm_id": "484685378", "osm_type": "way", "waterway": null, "building": "yes", "name": null, "amenity": null, "brand": null, "wheelchair": null, "tourism": null }, "geometry": { "type": "MultiPolygon", "coordinates": [ [ [ [ 26.9802051, -18.6546156 ], [ 26.980358, -18.6545978 ], [ 26.9803682, -18.6546769 ], [ 26.9802154, -18.6546947 ], [ 26.9802051, -18.6546156 ] ] ] ] } },
{ "type": "Feature", "properties": { "full_id": "w484685379", "osm_id": "484685379", "osm_type": "way", "waterway": null, "building": "yes", "name": null, "amenity": null, "brand": null, "wheelchair": null, "tourism": null }, "geometry": { "type": "MultiPolygon", "coordinates": [ [ [ [ 26.9799798, -18.6546054 ], [ 26.9801032, -18.6546003 ], [ 26.9801069, -18.6546822 ], [ 26.9799836, -18.6546872 ], [ 26.9799798, -18.6546054 ] ] ] ] } },
{ "type": "Feature", "properties": { "full_id": "w484685380", "osm_id": "484685380", "osm_type": "way", "waterway": null, "building": "yes", "name": null, "amenity": null, "brand": null, "wheelchair": null, "tourism": null }, "geometry": { "type": "MultiPolygon", "coordinates": [ [ [ [ 26.9798269, -18.6546181 ], [ 26.9799396, -18.654613 ], [ 26.9799437, -18.6546955 ], [ 26.9798311, -18.6547006 ], [ 26.9798269, -18.6546181 ] ] ] ] } },
{ "type": "Feature", "properties": { "full_id": "w484685381", "osm_id": "484685381", "osm_type": "way", "waterway": null, "building": "yes", "name": null, "amenity": null, "brand": null, "wheelchair": null, "tourism": null }, "geometry": { "type": "MultiPolygon", "coordinates": [ [ [ [ 26.9796579, -18.6546283 ], [ 26.9797867, -18.6546207 ], [ 26.9797912, -18.6546893 ], [ 26.9796625, -18.6546969 ], [ 26.9796579, -18.6546283 ] ] ] ] } },
{ "type": "Feature", "properties": { "full_id": "w484685382", "osm_id": "484685382", "osm_type": "way", "waterway": null, "building": "yes", "name": null, "amenity": null, "brand": null, "wheelchair": null, "tourism": null }, "geometry": { "type": "MultiPolygon", "coordinates": [ [ [ [ 26.979666, -18.6543818 ], [ 26.9798001, -18.6543716 ], [ 26.9798073, -18.6544573 ], [ 26.9796732, -18.6544674 ], [ 26.979666, -18.6543818 ] ] ] ] } },
{ "type": "Feature", "properties": { "full_id": "w484685383", "osm_id": "484685383", "osm_type": "way", "waterway": null, "building": "yes", "name": null, "amenity": null, "brand": null, "wheelchair": null, "tourism": null }, "geometry": { "type": "MultiPolygon", "coordinates": [ [ [ [ 26.9798403, -18.6543691 ], [ 26.9799718, -18.6543614 ], [ 26.979977, -18.6544426 ], [ 26.9798456, -18.6544502 ], [ 26.9798403, -18.6543691 ] ] ] ] } },
{ "type": "Feature", "properties": { "full_id": "w484685384", "osm_id": "484685384", "osm_type": "way", "waterway": null, "building": "yes", "name": null, "amenity": null, "brand": null, "wheelchair": null, "tourism": null }, "geometry": { "type": "MultiPolygon", "coordinates": [ [ [ [ 26.9802427, -18.6543691 ], [ 26.9803687, -18.6543487 ], [ 26.980382, -18.6544225 ], [ 26.9802559, -18.6544428 ], [ 26.9802427, -18.6543691 ] ] ] ] } },
{ "type": "Feature", "properties": { "full_id": "w484685385", "osm_id": "484685385", "osm_type": "way", "waterway": null, "building": "yes", "name": null, "amenity": null, "brand": null, "wheelchair": null, "tourism": null }, "geometry": { "type": "MultiPolygon", "coordinates": [ [ [ [ 26.9804331, -18.6543589 ], [ 26.9805565, -18.6543538 ], [ 26.9805599, -18.6544285 ], [ 26.9804365, -18.6544336 ], [ 26.9804331, -18.6543589 ] ] ] ] } },
{ "type": "Feature", "properties": { "full_id": "w484685386", "osm_id": "484685386", "osm_type": "way", "waterway": null, "building": "yes", "name": null, "amenity": null, "brand": null, "wheelchair": null, "tourism": null }, "geometry": { "type": "MultiPolygon", "coordinates": [ [ [ [ 26.9806101, -18.6543538 ], [ 26.9807415, -18.6543233 ], [ 26.980763, -18.6544065 ], [ 26.9806316, -18.654437 ], [ 26.9806101, -18.6543538 ] ] ] ] } },
{ "type": "Feature", "properties": { "full_id": "w484685387", "osm_id": "484685387", "osm_type": "way", "waterway": null, "building": "yes", "name": null, "amenity": null, "brand": null, "wheelchair": null, "tourism": null }, "geometry": { "type": "MultiPolygon", "coordinates": [ [ [ [ 26.9811814, -18.6543208 ], [ 26.9812914, -18.6543208 ], [ 26.9812914, -18.654397 ], [ 26.9811814, -18.654397 ], [ 26.9811814, -18.6543208 ] ] ] ] } },
{ "type": "Feature", "properties": { "full_id": "w484685388", "osm_id": "484685388", "osm_type": "way", "waterway": null, "building": "yes", "name": null, "amenity": null, "brand": null, "wheelchair": null, "tourism": null }, "geometry": { "type": "MultiPolygon", "coordinates": [ [ [ [ 26.9813504, -18.6543691 ], [ 26.9814818, -18.6543589 ], [ 26.9814879, -18.654429 ], [ 26.9813564, -18.6544391 ], [ 26.9813504, -18.6543691 ] ] ] ] } },
{ "type": "Feature", "properties": { "full_id": "w484685389", "osm_id": "484685389", "osm_type": "way", "waterway": null, "building": "yes", "name": null, "amenity": null, "brand": null, "wheelchair": null, "tourism": null }, "geometry": { "type": "MultiPolygon", "coordinates": [ [ [ [ 26.9812834, -18.6545698 ], [ 26.9814148, -18.6545673 ], [ 26.9814166, -18.6546509 ], [ 26.9812852, -18.6546534 ], [ 26.9812834, -18.6545698 ] ] ] ] } },
{ "type": "Feature", "properties": { "full_id": "w484685390", "osm_id": "484685390", "osm_type": "way", "waterway": null, "building": "yes", "name": null, "amenity": null, "brand": null, "wheelchair": null, "tourism": null }, "geometry": { "type": "MultiPolygon", "coordinates": [ [ [ [ 26.9814523, -18.6545673 ], [ 26.9815811, -18.6545647 ], [ 26.9815826, -18.6546336 ], [ 26.9814538, -18.6546361 ], [ 26.9814523, -18.6545673 ] ] ] ] } },
{ "type": "Feature", "properties": { "full_id": "w484685391", "osm_id": "484685391", "osm_type": "way", "waterway": null, "building": "yes", "name": null, "amenity": null, "brand": null, "wheelchair": null, "tourism": null }, "geometry": { "type": "MultiPolygon", "coordinates": [ [ [ [ 26.9815033, -18.6542369 ], [ 26.9816615, -18.6542293 ], [ 26.9816659, -18.6543105 ], [ 26.9815077, -18.6543182 ], [ 26.9815033, -18.6542369 ] ] ] ] } },
{ "type": "Feature", "properties": { "full_id": "w484685392", "osm_id": "484685392", "osm_type": "way", "waterway": null, "building": "yes", "name": null, "amenity": null, "brand": null, "wheelchair": null, "tourism": null }, "geometry": { "type": "MultiPolygon", "coordinates": [ [ [ [ 26.9813933, -18.6540971 ], [ 26.9814389, -18.6541022 ], [ 26.981434, -18.6541417 ], [ 26.9813884, -18.6541367 ], [ 26.9813933, -18.6540971 ] ] ] ] } },
{ "type": "Feature", "properties": { "full_id": "w484685393", "osm_id": "484685393", "osm_type": "way", "waterway": null, "building": "yes", "name": null, "amenity": null, "brand": null, "wheelchair": null, "tourism": null }, "geometry": { "type": "MultiPolygon", "coordinates": [ [ [ [ 26.9813531, -18.6542191 ], [ 26.981346, -18.6541567 ], [ 26.9814962, -18.6541414 ], [ 26.9815033, -18.6542039 ], [ 26.9813531, -18.6542191 ] ] ] ] } },
{ "type": "Feature", "properties": { "full_id": "w484685394", "osm_id": "484685394", "osm_type": "way", "waterway": null, "building": "yes", "name": null, "amenity": null, "brand": null, "wheelchair": null, "tourism": null }, "geometry": { "type": "MultiPolygon", "coordinates": [ [ [ [ 26.9811627, -18.6541378 ], [ 26.9812807, -18.6541353 ], [ 26.9812827, -18.6542194 ], [ 26.9811647, -18.654222 ], [ 26.9811627, -18.6541378 ] ] ] ] } },
{ "type": "Feature", "properties": { "full_id": "w484685395", "osm_id": "484685395", "osm_type": "way", "waterway": null, "building": "yes", "name": null, "amenity": null, "brand": null, "wheelchair": null, "tourism": null }, "geometry": { "type": "MultiPolygon", "coordinates": [ [ [ [ 26.9809749, -18.6541302 ], [ 26.9810902, -18.6541403 ], [ 26.9810821, -18.6542228 ], [ 26.9809668, -18.6542126 ], [ 26.9809749, -18.6541302 ] ] ] ] } },
{ "type": "Feature", "properties": { "full_id": "w484685396", "osm_id": "484685396", "osm_type": "way", "waterway": null, "building": "yes", "name": null, "amenity": null, "brand": null, "wheelchair": null, "tourism": null }, "geometry": { "type": "MultiPolygon", "coordinates": [ [ [ [ 26.9807845, -18.65412 ], [ 26.9809186, -18.6541226 ], [ 26.9809169, -18.6542011 ], [ 26.9807828, -18.6541986 ], [ 26.9807845, -18.65412 ] ] ] ] } },
{ "type": "Feature", "properties": { "full_id": "w484685397", "osm_id": "484685397", "osm_type": "way", "waterway": null, "building": "yes", "name": null, "amenity": null, "brand": null, "wheelchair": null, "tourism": null }, "geometry": { "type": "MultiPolygon", "coordinates": [ [ [ [ 26.9806048, -18.6541149 ], [ 26.9807228, -18.6540997 ], [ 26.9807357, -18.6541895 ], [ 26.9806177, -18.6542048 ], [ 26.9806048, -18.6541149 ] ] ] ] } },
{ "type": "Feature", "properties": { "full_id": "w484685398", "osm_id": "484685398", "osm_type": "way", "waterway": null, "building": "yes", "name": null, "amenity": null, "brand": null, "wheelchair": null, "tourism": null }, "geometry": { "type": "MultiPolygon", "coordinates": [ [ [ [ 26.9805484, -18.6540362 ], [ 26.9806477, -18.6540311 ], [ 26.9806501, -18.6540741 ], [ 26.9805509, -18.6540792 ], [ 26.9805484, -18.6540362 ] ] ] ] } },
{ "type": "Feature", "properties": { "full_id": "w484685399", "osm_id": "484685399", "osm_type": "way", "waterway": null, "building": "yes", "name": null, "amenity": null, "brand": null, "wheelchair": null, "tourism": null }, "geometry": { "type": "MultiPolygon", "coordinates": [ [ [ [ 26.9803929, -18.6541073 ], [ 26.9805297, -18.6540971 ], [ 26.9805373, -18.6541896 ], [ 26.9804005, -18.6541998 ], [ 26.9803929, -18.6541073 ] ] ] ] } },
{ "type": "Feature", "properties": { "full_id": "w484685400", "osm_id": "484685400", "osm_type": "way", "waterway": null, "building": "yes", "name": null, "amenity": null, "brand": null, "wheelchair": null, "tourism": null }, "geometry": { "type": "MultiPolygon", "coordinates": [ [ [ [ 26.9802051, -18.6540921 ], [ 26.9803365, -18.6540971 ], [ 26.9803321, -18.6541991 ], [ 26.9802007, -18.6541941 ], [ 26.9802051, -18.6540921 ] ] ] ] } },
{ "type": "Feature", "properties": { "full_id": "w484685401", "osm_id": "484685401", "osm_type": "way", "waterway": null, "building": "yes", "name": null, "amenity": null, "brand": null, "wheelchair": null, "tourism": null }, "geometry": { "type": "MultiPolygon", "coordinates": [ [ [ [ 26.9800334, -18.6540921 ], [ 26.9801461, -18.6540895 ], [ 26.9801482, -18.6541713 ], [ 26.9800355, -18.6541738 ], [ 26.9800334, -18.6540921 ] ] ] ] } },
{ "type": "Feature", "properties": { "full_id": "w484685402", "osm_id": "484685402", "osm_type": "way", "waterway": null, "building": "yes", "name": null, "amenity": null, "brand": null, "wheelchair": null, "tourism": null }, "geometry": { "type": "MultiPolygon", "coordinates": [ [ [ [ 26.9798296, -18.6540692 ], [ 26.9799798, -18.6540717 ], [ 26.9799781, -18.6541606 ], [ 26.9798279, -18.6541581 ], [ 26.9798296, -18.6540692 ] ] ] ] } },
{ "type": "Feature", "properties": { "full_id": "w484685403", "osm_id": "484685403", "osm_type": "way", "waterway": null, "building": "yes", "name": null, "amenity": null, "brand": null, "wheelchair": null, "tourism": null }, "geometry": { "type": "MultiPolygon", "coordinates": [ [ [ [ 26.9796499, -18.6540667 ], [ 26.9797733, -18.6540717 ], [ 26.9797696, -18.6541509 ], [ 26.9796463, -18.6541458 ], [ 26.9796499, -18.6540667 ] ] ] ] } },
{ "type": "Feature", "properties": { "full_id": "w484686140", "osm_id": "484686140", "osm_type": "way", "waterway": null, "building": "yes", "name": null, "amenity": null, "brand": null, "wheelchair": null, "tourism": null }, "geometry": { "type": "MultiPolygon", "coordinates": [ [ [ [ 27.0570356, -18.5847043 ], [ 27.057049, -18.5846928 ], [ 27.0570771, -18.584703 ], [ 27.0570905, -18.5847144 ], [ 27.0570932, -18.5847335 ], [ 27.0570825, -18.5847488 ], [ 27.0570584, -18.5847653 ], [ 27.0570409, -18.584764 ], [ 27.0570128, -18.5847475 ], [ 27.0570181, -18.5847183 ], [ 27.0570356, -18.5847043 ] ] ] ] } },
{ "type": "Feature", "properties": { "full_id": "w484686141", "osm_id": "484686141", "osm_type": "way", "waterway": null, "building": "yes", "name": null, "amenity": null, "brand": null, "wheelchair": null, "tourism": null }, "geometry": { "type": "MultiPolygon", "coordinates": [ [ [ [ 27.0565777, -18.5862077 ], [ 27.0565716, -18.5861509 ], [ 27.0566569, -18.5861422 ], [ 27.05666, -18.5861971 ], [ 27.0565777, -18.5862077 ] ] ] ] } },
{ "type": "Feature", "properties": { "full_id": "w484686142", "osm_id": "484686142", "osm_type": "way", "waterway": null, "building": "yes", "name": null, "amenity": null, "brand": null, "wheelchair": null, "tourism": null }, "geometry": { "type": "MultiPolygon", "coordinates": [ [ [ [ 27.0565817, -18.5860613 ], [ 27.0566061, -18.5860516 ], [ 27.0566183, -18.5860613 ], [ 27.0566214, -18.586095 ], [ 27.0565919, -18.5860959 ], [ 27.0565787, -18.5860921 ], [ 27.0565817, -18.5860613 ] ] ] ] } },
{ "type": "Feature", "properties": { "full_id": "w484687296", "osm_id": "484687296", "osm_type": "way", "waterway": null, "building": "yes", "name": null, "amenity": null, "brand": null, "wheelchair": null, "tourism": null }, "geometry": { "type": "MultiPolygon", "coordinates": [ [ [ [ 27.0558134, -18.5879839 ], [ 27.0559312, -18.5880052 ], [ 27.0559108, -18.5881071 ], [ 27.055793, -18.5880858 ], [ 27.0558134, -18.5879839 ] ] ] ] } },
{ "type": "Feature", "properties": { "full_id": "w484687298", "osm_id": "484687298", "osm_type": "way", "waterway": null, "building": "yes", "name": null, "amenity": null, "brand": null, "wheelchair": null, "tourism": null }, "geometry": { "type": "MultiPolygon", "coordinates": [ [ [ [ 27.0547106, -18.5882637 ], [ 27.0547586, -18.588244 ], [ 27.0547767, -18.5882836 ], [ 27.0547287, -18.5883033 ], [ 27.0547106, -18.5882637 ] ] ] ] } },
{ "type": "Feature", "properties": { "full_id": "w484687300", "osm_id": "484687300", "osm_type": "way", "waterway": null, "building": "yes", "name": null, "amenity": null, "brand": null, "wheelchair": null, "tourism": null }, "geometry": { "type": "MultiPolygon", "coordinates": [ [ [ [ 27.0559995, -18.587909 ], [ 27.0560071, -18.5878347 ], [ 27.0560547, -18.5878391 ], [ 27.0560471, -18.5879133 ], [ 27.0559995, -18.587909 ] ] ] ] } },
{ "type": "Feature", "properties": { "full_id": "w484687301", "osm_id": "484687301", "osm_type": "way", "waterway": null, "building": "yes", "name": null, "amenity": null, "brand": null, "wheelchair": null, "tourism": null }, "geometry": { "type": "MultiPolygon", "coordinates": [ [ [ [ 27.0561349, -18.5878678 ], [ 27.0561917, -18.5878206 ], [ 27.0562284, -18.5878601 ], [ 27.0561716, -18.5879073 ], [ 27.0561349, -18.5878678 ] ] ] ] } },
{ "type": "Feature", "properties": { "full_id": "w484687302", "osm_id": "484687302", "osm_type": "way", "waterway": null, "building": "yes", "name": null, "amenity": null, "brand": null, "wheelchair": null, "tourism": null }, "geometry": { "type": "MultiPolygon", "coordinates": [ [ [ [ 27.0559563, -18.5877383 ], [ 27.0559836, -18.5877254 ], [ 27.0560025, -18.5877613 ], [ 27.0559752, -18.5877741 ], [ 27.0559563, -18.5877383 ] ] ] ] } },
{ "type": "Feature", "properties": { "full_id": "w484687303", "osm_id": "484687303", "osm_type": "way", "waterway": null, "building": "yes", "name": null, "amenity": null, "brand": null, "wheelchair": null, "tourism": null }, "geometry": { "type": "MultiPolygon", "coordinates": [ [ [ [ 27.0558028, -18.5877682 ], [ 27.0558504, -18.5877476 ], [ 27.0558714, -18.5877911 ], [ 27.0558238, -18.5878117 ], [ 27.0558028, -18.5877682 ] ] ] ] } },
{ "type": "Feature", "properties": { "full_id": "w484687304", "osm_id": "484687304", "osm_type": "way", "waterway": null, "building": "yes", "name": null, "amenity": null, "brand": null, "wheelchair": null, "tourism": null }, "geometry": { "type": "MultiPolygon", "coordinates": [ [ [ [ 27.0557334, -18.5877144 ], [ 27.055783, -18.5876848 ], [ 27.0558036, -18.5877157 ], [ 27.055754, -18.5877454 ], [ 27.0557334, -18.5877144 ] ] ] ] } },
{ "type": "Feature", "properties": { "full_id": "w484687305", "osm_id": "484687305", "osm_type": "way", "waterway": null, "building": "yes", "name": null, "amenity": null, "brand": null, "wheelchair": null, "tourism": null }, "geometry": { "type": "MultiPolygon", "coordinates": [ [ [ [ 27.0546108, -18.5880932 ], [ 27.0546672, -18.5880919 ], [ 27.0546672, -18.5881428 ], [ 27.0546095, -18.588144 ], [ 27.0546108, -18.5880932 ] ] ] ] } },
{ "type": "Feature", "properties": { "full_id": "w484687402", "osm_id": "484687402", "osm_type": "way", "waterway": null, "building": "yes", "name": null, "amenity": null, "brand": null, "wheelchair": null, "tourism": null }, "geometry": { "type": "MultiPolygon", "coordinates": [ [ [ [ 27.0540543, -18.5868017 ], [ 27.0541079, -18.5867979 ], [ 27.0541133, -18.5868424 ], [ 27.0540556, -18.5868475 ], [ 27.0540543, -18.5868017 ] ] ] ] } },
{ "type": "Feature", "properties": { "full_id": "w484687403", "osm_id": "484687403", "osm_type": "way", "waterway": null, "building": "yes", "name": null, "amenity": null, "brand": null, "wheelchair": null, "tourism": null }, "geometry": { "type": "MultiPolygon", "coordinates": [ [ [ [ 27.0539443, -18.5868144 ], [ 27.054006, -18.5868144 ], [ 27.0540073, -18.5868614 ], [ 27.0539457, -18.5868602 ], [ 27.0539443, -18.5868144 ] ] ] ] } },
{ "type": "Feature", "properties": { "full_id": "w484687404", "osm_id": "484687404", "osm_type": "way", "waterway": null, "building": "yes", "name": null, "amenity": null, "brand": null, "wheelchair": null, "tourism": null }, "geometry": { "type": "MultiPolygon", "coordinates": [ [ [ [ 27.0540811, -18.5867153 ], [ 27.05412, -18.586714 ], [ 27.0541187, -18.5867394 ], [ 27.0540838, -18.5867407 ], [ 27.0540811, -18.5867153 ] ] ] ] } },
{ "type": "Feature", "properties": { "full_id": "w484687936", "osm_id": "484687936", "osm_type": "way", "waterway": null, "building": "yes", "name": null, "amenity": null, "brand": null, "wheelchair": null, "tourism": null }, "geometry": { "type": "MultiPolygon", "coordinates": [ [ [ [ 27.0530444, -18.588202 ], [ 27.0530886, -18.58815 ], [ 27.0531346, -18.5881886 ], [ 27.0530904, -18.5882406 ], [ 27.0530444, -18.588202 ] ] ] ] } },
{ "type": "Feature", "properties": { "full_id": "w484687937", "osm_id": "484687937", "osm_type": "way", "waterway": null, "building": "yes", "name": null, "amenity": null, "brand": null, "wheelchair": null, "tourism": null }, "geometry": { "type": "MultiPolygon", "coordinates": [ [ [ [ 27.053124, -18.5884326 ], [ 27.0531523, -18.5883874 ], [ 27.0531399, -18.588379 ], [ 27.0531558, -18.5883454 ], [ 27.0531895, -18.5883471 ], [ 27.0532178, -18.5883739 ], [ 27.0532036, -18.5884276 ], [ 27.0531859, -18.5884276 ], [ 27.0531735, -18.5884528 ], [ 27.0531488, -18.5884494 ], [ 27.053124, -18.5884326 ] ] ] ] } },
{ "type": "Feature", "properties": { "full_id": "w484694987", "osm_id": "484694987", "osm_type": "way", "waterway": null, "building": "yes", "name": null, "amenity": null, "brand": null, "wheelchair": null, "tourism": null }, "geometry": { "type": "MultiPolygon", "coordinates": [ [ [ [ 27.0513657, -18.5772192 ], [ 27.0514452, -18.5771506 ], [ 27.0514989, -18.5772065 ], [ 27.0514193, -18.5772751 ], [ 27.0513657, -18.5772192 ] ] ] ] } },
{ "type": "Feature", "properties": { "full_id": "w484694988", "osm_id": "484694988", "osm_type": "way", "waterway": null, "building": "yes", "name": null, "amenity": null, "brand": null, "wheelchair": null, "tourism": null }, "geometry": { "type": "MultiPolygon", "coordinates": [ [ [ [ 27.0513764, -18.5773158 ], [ 27.0514783, -18.5773158 ], [ 27.0514783, -18.5773768 ], [ 27.0513764, -18.5773768 ], [ 27.0513764, -18.5773158 ] ] ] ] } },
{ "type": "Feature", "properties": { "full_id": "w484695149", "osm_id": "484695149", "osm_type": "way", "waterway": null, "building": "yes", "name": null, "amenity": null, "brand": null, "wheelchair": null, "tourism": null }, "geometry": { "type": "MultiPolygon", "coordinates": [ [ [ [ 27.0526295, -18.5870379 ], [ 27.0526485, -18.5870357 ], [ 27.0526724, -18.5870299 ], [ 27.0526821, -18.5870366 ], [ 27.0526865, -18.5870642 ], [ 27.0526821, -18.5870718 ], [ 27.0526635, -18.5870793 ], [ 27.0526511, -18.5870785 ], [ 27.0526343, -18.5870726 ], [ 27.052629, -18.5870617 ], [ 27.0526255, -18.587055 ], [ 27.0526295, -18.5870379 ] ] ] ] } },
{ "type": "Feature", "properties": { "full_id": "w484695150", "osm_id": "484695150", "osm_type": "way", "waterway": null, "building": "yes", "name": null, "amenity": null, "brand": null, "wheelchair": null, "tourism": null }, "geometry": { "type": "MultiPolygon", "coordinates": [ [ [ [ 27.0528192, -18.586889 ], [ 27.0528431, -18.586889 ], [ 27.0528431, -18.5869183 ], [ 27.0528228, -18.5869183 ], [ 27.0528192, -18.586889 ] ] ] ] } },
{ "type": "Feature", "properties": { "full_id": "w484695151", "osm_id": "484695151", "osm_type": "way", "waterway": null, "building": "yes", "name": null, "amenity": null, "brand": null, "wheelchair": null, "tourism": null }, "geometry": { "type": "MultiPolygon", "coordinates": [ [ [ [ 27.0526432, -18.5869343 ], [ 27.0526609, -18.5869242 ], [ 27.0526759, -18.5869267 ], [ 27.0526856, -18.5869334 ], [ 27.0526865, -18.5869502 ], [ 27.0526839, -18.5869653 ], [ 27.0526733, -18.5869728 ], [ 27.0526582, -18.5869762 ], [ 27.0526379, -18.5869561 ], [ 27.0526379, -18.586941 ], [ 27.0526432, -18.5869343 ] ] ] ] } },
{ "type": "Feature", "properties": { "full_id": "w484696055", "osm_id": "484696055", "osm_type": "way", "waterway": null, "building": "yes", "name": null, "amenity": null, "brand": null, "wheelchair": null, "tourism": null }, "geometry": { "type": "MultiPolygon", "coordinates": [ [ [ [ 27.0526989, -18.5870751 ], [ 27.0527929, -18.5870605 ], [ 27.0528114, -18.5870999 ], [ 27.0527852, -18.5871028 ], [ 27.0527852, -18.5871276 ], [ 27.0527066, -18.5871276 ], [ 27.0526989, -18.5870751 ] ] ] ] } },
{ "type": "Feature", "properties": { "full_id": "w484696056", "osm_id": "484696056", "osm_type": "way", "waterway": null, "building": "yes", "name": null, "amenity": null, "brand": null, "wheelchair": null, "tourism": null }, "geometry": { "type": "MultiPolygon", "coordinates": [ [ [ [ 27.0537456, -18.5866643 ], [ 27.0537737, -18.586663 ], [ 27.0537731, -18.5866859 ], [ 27.0537442, -18.5866884 ], [ 27.0537456, -18.5866643 ] ] ] ] } },
{ "type": "Feature", "properties": { "full_id": "w484696057", "osm_id": "484696057", "osm_type": "way", "waterway": null, "building": "yes", "name": null, "amenity": null, "brand": null, "wheelchair": null, "tourism": null }, "geometry": { "type": "MultiPolygon", "coordinates": [ [ [ [ 27.0537368, -18.5867037 ], [ 27.0537912, -18.5867037 ], [ 27.0537891, -18.5867444 ], [ 27.0537348, -18.5867437 ], [ 27.0537368, -18.5867037 ] ] ] ] } },
{ "type": "Feature", "properties": { "full_id": "w484696058", "osm_id": "484696058", "osm_type": "way", "waterway": null, "building": "yes", "name": null, "amenity": null, "brand": null, "wheelchair": null, "tourism": null }, "geometry": { "type": "MultiPolygon", "coordinates": [ [ [ [ 27.0537476, -18.5867996 ], [ 27.0537516, -18.5867844 ], [ 27.053757, -18.5867768 ], [ 27.0537737, -18.586773 ], [ 27.0537912, -18.586778 ], [ 27.0537992, -18.5867876 ], [ 27.0538005, -18.5867958 ], [ 27.0537938, -18.5868073 ], [ 27.0537925, -18.5868168 ], [ 27.0537617, -18.5868155 ], [ 27.0537523, -18.5868098 ], [ 27.0537476, -18.5867996 ] ] ] ] } },
{ "type": "Feature", "properties": { "full_id": "w484696059", "osm_id": "484696059", "osm_type": "way", "waterway": null, "building": "yes", "name": null, "amenity": null, "brand": null, "wheelchair": null, "tourism": null }, "geometry": { "type": "MultiPolygon", "coordinates": [ [ [ [ 27.0524836, -18.5871073 ], [ 27.0525024, -18.5871073 ], [ 27.052503, -18.5871276 ], [ 27.0524836, -18.587127 ], [ 27.0524836, -18.5871073 ] ] ] ] } },
{ "type": "Feature", "properties": { "full_id": "w484696060", "osm_id": "484696060", "osm_type": "way", "waterway": null, "building": "yes", "name": null, "amenity": null, "brand": null, "wheelchair": null, "tourism": null }, "geometry": { "type": "MultiPolygon", "coordinates": [ [ [ [ 27.0516277, -18.5879507 ], [ 27.051684, -18.5879062 ], [ 27.0517202, -18.5879405 ], [ 27.0516612, -18.5879875 ], [ 27.0516277, -18.5879507 ] ] ] ] } },
{ "type": "Feature", "properties": { "full_id": "w484696061", "osm_id": "484696061", "osm_type": "way", "waterway": null, "building": "yes", "name": null, "amenity": null, "brand": null, "wheelchair": null, "tourism": null }, "geometry": { "type": "MultiPolygon", "coordinates": [ [ [ [ 27.0515553, -18.5878058 ], [ 27.0515928, -18.5877994 ], [ 27.0516049, -18.5878185 ], [ 27.0515982, -18.5878299 ], [ 27.0515834, -18.587835 ], [ 27.05157, -18.587835 ], [ 27.0515566, -18.5878337 ], [ 27.0515553, -18.5878058 ] ] ] ] } },
{ "type": "Feature", "properties": { "full_id": "w484696062", "osm_id": "484696062", "osm_type": "way", "waterway": null, "building": "yes", "name": null, "amenity": null, "brand": null, "wheelchair": null, "tourism": null }, "geometry": { "type": "MultiPolygon", "coordinates": [ [ [ [ 27.0511277, -18.5873471 ], [ 27.0511397, -18.5873369 ], [ 27.0511532, -18.587328 ], [ 27.0511786, -18.5873356 ], [ 27.0511921, -18.5873598 ], [ 27.0511827, -18.5873763 ], [ 27.0511612, -18.5873852 ], [ 27.0511397, -18.5873852 ], [ 27.0511277, -18.5873776 ], [ 27.0511277, -18.5873471 ] ] ] ] } },
{ "type": "Feature", "properties": { "full_id": "w484696225", "osm_id": "484696225", "osm_type": "way", "waterway": null, "building": "yes", "name": null, "amenity": null, "brand": null, "wheelchair": null, "tourism": null }, "geometry": { "type": "MultiPolygon", "coordinates": [ [ [ [ 27.0968985, -18.5663008 ], [ 27.0970005, -18.5662805 ], [ 27.0970221, -18.5663781 ], [ 27.0969202, -18.5663984 ], [ 27.0968985, -18.5663008 ] ] ] ] } },
{ "type": "Feature", "properties": { "full_id": "w484696228", "osm_id": "484696228", "osm_type": "way", "waterway": null, "building": "yes", "name": null, "amenity": null, "brand": null, "wheelchair": null, "tourism": null }, "geometry": { "type": "MultiPolygon", "coordinates": [ [ [ [ 27.0976871, -18.5662398 ], [ 27.0977368, -18.5663476 ], [ 27.097651, -18.5663831 ], [ 27.0976013, -18.5662754 ], [ 27.0976871, -18.5662398 ] ] ] ] } },
{ "type": "Feature", "properties": { "full_id": "w484696230", "osm_id": "484696230", "osm_type": "way", "waterway": null, "building": "yes", "name": null, "amenity": null, "brand": null, "wheelchair": null, "tourism": null }, "geometry": { "type": "MultiPolygon", "coordinates": [ [ [ [ 27.095713, -18.5655533 ], [ 27.0957935, -18.5655431 ], [ 27.0958046, -18.565622 ], [ 27.0957241, -18.5656322 ], [ 27.095713, -18.5655533 ] ] ] ] } },
{ "type": "Feature", "properties": { "full_id": "w484696232", "osm_id": "484696232", "osm_type": "way", "waterway": null, "building": "yes", "name": null, "amenity": null, "brand": null, "wheelchair": null, "tourism": null }, "geometry": { "type": "MultiPolygon", "coordinates": [ [ [ [ 27.0958203, -18.5656702 ], [ 27.0958707, -18.5657658 ], [ 27.0957849, -18.5658065 ], [ 27.0957344, -18.5657109 ], [ 27.0958203, -18.5656702 ] ] ] ] } },
{ "type": "Feature", "properties": { "full_id": "w484696233", "osm_id": "484696233", "osm_type": "way", "waterway": null, "building": "yes", "name": null, "amenity": null, "brand": null, "wheelchair": null, "tourism": null }, "geometry": { "type": "MultiPolygon", "coordinates": [ [ [ [ 27.0950907, -18.5669136 ], [ 27.0951336, -18.5668856 ], [ 27.0951714, -18.5669377 ], [ 27.0951285, -18.5669657 ], [ 27.0950907, -18.5669136 ] ] ] ] } },
{ "type": "Feature", "properties": { "full_id": "w484696234", "osm_id": "484696234", "osm_type": "way", "waterway": null, "building": "yes", "name": null, "amenity": null, "brand": null, "wheelchair": null, "tourism": null }, "geometry": { "type": "MultiPolygon", "coordinates": [ [ [ [ 27.0954716, -18.5665881 ], [ 27.0955513, -18.5665838 ], [ 27.0955567, -18.5666728 ], [ 27.095477, -18.5666771 ], [ 27.0954716, -18.5665881 ] ] ] ] } },
{ "type": "Feature", "properties": { "full_id": "w484696235", "osm_id": "484696235", "osm_type": "way", "waterway": null, "building": "yes", "name": null, "amenity": null, "brand": null, "wheelchair": null, "tourism": null }, "geometry": { "type": "MultiPolygon", "coordinates": [ [ [ [ 27.0953214, -18.5666008 ], [ 27.0954292, -18.5665855 ], [ 27.0954453, -18.5666872 ], [ 27.0953375, -18.5667025 ], [ 27.0953214, -18.5666008 ] ] ] ] } },
{ "type": "Feature", "properties": { "full_id": "w484696565", "osm_id": "484696565", "osm_type": "way", "waterway": null, "building": "yes", "name": null, "amenity": null, "brand": null, "wheelchair": null, "tourism": null }, "geometry": { "type": "MultiPolygon", "coordinates": [ [ [ [ 27.06564, -18.5855914 ], [ 27.06568, -18.5855975 ], [ 27.0656684, -18.5856657 ], [ 27.0656284, -18.5856595 ], [ 27.06564, -18.5855914 ] ] ] ] } },
{ "type": "Feature", "properties": { "full_id": "w484696566", "osm_id": "484696566", "osm_type": "way", "waterway": null, "building": "yes", "name": null, "amenity": null, "brand": null, "wheelchair": null, "tourism": null }, "geometry": { "type": "MultiPolygon", "coordinates": [ [ [ [ 27.0672626, -18.5841642 ], [ 27.0673257, -18.5841628 ], [ 27.0673281, -18.5842594 ], [ 27.0672651, -18.5842608 ], [ 27.0672626, -18.5841642 ] ] ] ] } },
{ "type": "Feature", "properties": { "full_id": "w484696567", "osm_id": "484696567", "osm_type": "way", "waterway": null, "building": "yes", "name": null, "amenity": null, "brand": null, "wheelchair": null, "tourism": null }, "geometry": { "type": "MultiPolygon", "coordinates": [ [ [ [ 27.0655926, -18.5855734 ], [ 27.0655776, -18.5856014 ], [ 27.0655449, -18.5855964 ], [ 27.0655398, -18.5855654 ], [ 27.0655693, -18.5855512 ], [ 27.0655926, -18.5855734 ] ] ] ] } },
{ "type": "Feature", "properties": { "full_id": "w484696568", "osm_id": "484696568", "osm_type": "way", "waterway": null, "building": "yes", "name": null, "amenity": null, "brand": null, "wheelchair": null, "tourism": null }, "geometry": { "type": "MultiPolygon", "coordinates": [ [ [ [ 27.0672222, -18.5843044 ], [ 27.0672415, -18.5843031 ], [ 27.0672562, -18.5843151 ], [ 27.0672575, -18.5843335 ], [ 27.0672448, -18.5843473 ], [ 27.0672255, -18.5843486 ], [ 27.0672108, -18.5843366 ], [ 27.0672094, -18.5843182 ], [ 27.0672222, -18.5843044 ] ] ] ] } },
{ "type": "Feature", "properties": { "full_id": "w484696937", "osm_id": "484696937", "osm_type": "way", "waterway": null, "building": "yes", "name": null, "amenity": null, "brand": null, "wheelchair": null, "tourism": null }, "geometry": { "type": "MultiPolygon", "coordinates": [ [ [ [ 27.0563818, -18.5928026 ], [ 27.0564814, -18.5927352 ], [ 27.0565251, -18.5927891 ], [ 27.0564184, -18.5928508 ], [ 27.0563818, -18.5928026 ] ] ] ] } },
{ "type": "Feature", "properties": { "full_id": "w484696939", "osm_id": "484696939", "osm_type": "way", "waterway": null, "building": "yes", "name": null, "amenity": null, "brand": null, "wheelchair": null, "tourism": null }, "geometry": { "type": "MultiPolygon", "coordinates": [ [ [ [ 27.0564112, -18.5933292 ], [ 27.0564763, -18.5932907 ], [ 27.0565007, -18.5933157 ], [ 27.0564966, -18.5933407 ], [ 27.0564458, -18.5933735 ], [ 27.0564112, -18.5933292 ] ] ] ] } },
{ "type": "Feature", "properties": { "full_id": "w484696941", "osm_id": "484696941", "osm_type": "way", "waterway": null, "building": "yes", "name": null, "amenity": null, "brand": null, "wheelchair": null, "tourism": null }, "geometry": { "type": "MultiPolygon", "coordinates": [ [ [ [ 27.0561953, -18.5930495 ], [ 27.056197, -18.5930093 ], [ 27.0562324, -18.5930093 ], [ 27.0562289, -18.5930512 ], [ 27.0561953, -18.5930495 ] ] ] ] } },
{ "type": "Feature", "properties": { "full_id": "w484696943", "osm_id": "484696943", "osm_type": "way", "waterway": null, "building": "yes", "name": null, "amenity": null, "brand": null, "wheelchair": null, "tourism": null }, "geometry": { "type": "MultiPolygon", "coordinates": [ [ [ [ 27.0563183, -18.5933707 ], [ 27.0563899, -18.593333 ], [ 27.0564404, -18.5934009 ], [ 27.0563687, -18.5934479 ], [ 27.0563183, -18.5933707 ] ] ] ] } },
{ "type": "Feature", "properties": { "full_id": "w484697825", "osm_id": "484697825", "osm_type": "way", "waterway": null, "building": "yes", "name": null, "amenity": null, "brand": null, "wheelchair": null, "tourism": null }, "geometry": { "type": "MultiPolygon", "coordinates": [ [ [ [ 27.0614737, -18.5881113 ], [ 27.0615402, -18.5881399 ], [ 27.0615202, -18.5881818 ], [ 27.0614537, -18.5881531 ], [ 27.0614737, -18.5881113 ] ] ] ] } },
{ "type": "Feature", "properties": { "full_id": "w484697826", "osm_id": "484697826", "osm_type": "way", "waterway": null, "building": "yes", "name": null, "amenity": null, "brand": null, "wheelchair": null, "tourism": null }, "geometry": { "type": "MultiPolygon", "coordinates": [ [ [ [ 27.0612586, -18.5868105 ], [ 27.0612908, -18.5867749 ], [ 27.0613364, -18.5868385 ], [ 27.0612961, -18.5868588 ], [ 27.0612586, -18.5868105 ] ] ] ] } },
{ "type": "Feature", "properties": { "full_id": "w484697827", "osm_id": "484697827", "osm_type": "way", "waterway": null, "building": "yes", "name": null, "amenity": null, "brand": null, "wheelchair": null, "tourism": null }, "geometry": { "type": "MultiPolygon", "coordinates": [ [ [ [ 27.0611862, -18.5866733 ], [ 27.0612344, -18.5866504 ], [ 27.061272, -18.5867038 ], [ 27.0612157, -18.5867266 ], [ 27.0611862, -18.5866733 ] ] ] ] } },
{ "type": "Feature", "properties": { "full_id": "w484697828", "osm_id": "484697828", "osm_type": "way", "waterway": null, "building": "yes", "name": null, "amenity": null, "brand": null, "wheelchair": null, "tourism": null }, "geometry": { "type": "MultiPolygon", "coordinates": [ [ [ [ 27.0615959, -18.5881071 ], [ 27.0616602, -18.5881656 ], [ 27.0616334, -18.5882063 ], [ 27.061561, -18.5881478 ], [ 27.0615959, -18.5881071 ] ] ] ] } },
{ "type": "Feature", "properties": { "full_id": "w484697829", "osm_id": "484697829", "osm_type": "way", "waterway": null, "building": "yes", "name": null, "amenity": null, "brand": null, "wheelchair": null, "tourism": null }, "geometry": { "type": "MultiPolygon", "coordinates": [ [ [ [ 27.0614175, -18.588313 ], [ 27.0614698, -18.5883092 ], [ 27.0614671, -18.5883461 ], [ 27.0614202, -18.5883461 ], [ 27.0614175, -18.588313 ] ] ] ] } },
{ "type": "Feature", "properties": { "full_id": "w484697830", "osm_id": "484697830", "osm_type": "way", "waterway": null, "building": "yes", "name": null, "amenity": null, "brand": null, "wheelchair": null, "tourism": null }, "geometry": { "type": "MultiPolygon", "coordinates": [ [ [ [ 27.0616347, -18.5883054 ], [ 27.0616669, -18.5882991 ], [ 27.0616777, -18.5883512 ], [ 27.0616415, -18.588355 ], [ 27.0616347, -18.5883054 ] ] ] ] } },
{ "type": "Feature", "properties": { "full_id": "w484697831", "osm_id": "484697831", "osm_type": "way", "waterway": null, "building": "yes", "name": null, "amenity": null, "brand": null, "wheelchair": null, "tourism": null }, "geometry": { "type": "MultiPolygon", "coordinates": [ [ [ [ 27.0593129, -18.5883309 ], [ 27.0593793, -18.5883472 ], [ 27.0593645, -18.5884015 ], [ 27.0592981, -18.5883852 ], [ 27.0593129, -18.5883309 ] ] ] ] } },
{ "type": "Feature", "properties": { "full_id": "w484697832", "osm_id": "484697832", "osm_type": "way", "waterway": null, "building": "yes", "name": null, "amenity": null, "brand": null, "wheelchair": null, "tourism": null }, "geometry": { "type": "MultiPolygon", "coordinates": [ [ [ [ 27.061569, -18.5882282 ], [ 27.0616, -18.5882217 ], [ 27.0616246, -18.5882406 ], [ 27.0616244, -18.5882706 ], [ 27.0615995, -18.5882892 ], [ 27.0615686, -18.5882823 ], [ 27.061555, -18.5882551 ], [ 27.061569, -18.5882282 ] ] ] ] } },
{ "type": "Feature", "properties": { "full_id": "w484698434", "osm_id": "484698434", "osm_type": "way", "waterway": null, "building": "yes", "name": null, "amenity": null, "brand": null, "wheelchair": null, "tourism": null }, "geometry": { "type": "MultiPolygon", "coordinates": [ [ [ [ 26.9785802, -18.6568315 ], [ 26.9786199, -18.6568238 ], [ 26.9786359, -18.6568981 ], [ 26.9785963, -18.6569058 ], [ 26.9785802, -18.6568315 ] ] ] ] } },
{ "type": "Feature", "properties": { "full_id": "w484698435", "osm_id": "484698435", "osm_type": "way", "waterway": null, "building": "yes", "name": null, "amenity": null, "brand": null, "wheelchair": null, "tourism": null }, "geometry": { "type": "MultiPolygon", "coordinates": [ [ [ [ 26.9776394, -18.6578718 ], [ 26.9776696, -18.6578356 ], [ 26.9777341, -18.6578839 ], [ 26.9777039, -18.65792 ], [ 26.9776394, -18.6578718 ] ] ] ] } },
{ "type": "Feature", "properties": { "full_id": "w484698627", "osm_id": "484698627", "osm_type": "way", "waterway": null, "building": "yes", "name": null, "amenity": null, "brand": null, "wheelchair": null, "tourism": null }, "geometry": { "type": "MultiPolygon", "coordinates": [ [ [ [ 27.0568238, -18.592346 ], [ 27.0568612, -18.5923195 ], [ 27.0568927, -18.5923593 ], [ 27.0568484, -18.5923848 ], [ 27.0568238, -18.592346 ] ] ] ] } },
{ "type": "Feature", "properties": { "full_id": "w484698628", "osm_id": "484698628", "osm_type": "way", "waterway": null, "building": "yes", "name": null, "amenity": null, "brand": null, "wheelchair": null, "tourism": null }, "geometry": { "type": "MultiPolygon", "coordinates": [ [ [ [ 27.0567164, -18.5923892 ], [ 27.0567585, -18.5923925 ], [ 27.0567596, -18.5924224 ], [ 27.0567153, -18.5924191 ], [ 27.0567164, -18.5923892 ] ] ] ] } },
{ "type": "Feature", "properties": { "full_id": "w484698629", "osm_id": "484698629", "osm_type": "way", "waterway": null, "building": "yes", "name": null, "amenity": null, "brand": null, "wheelchair": null, "tourism": null }, "geometry": { "type": "MultiPolygon", "coordinates": [ [ [ [ 27.05679, -18.5924888 ], [ 27.0567923, -18.5924589 ], [ 27.0568052, -18.5924456 ], [ 27.0568273, -18.5924434 ], [ 27.0568425, -18.5924523 ], [ 27.0568507, -18.59247 ], [ 27.0568449, -18.5924832 ], [ 27.0568378, -18.5924899 ], [ 27.0568215, -18.5924954 ], [ 27.0568075, -18.5924976 ], [ 27.05679, -18.5924888 ] ] ] ] } },
{ "type": "Feature", "properties": { "full_id": "w484698630", "osm_id": "484698630", "osm_type": "way", "waterway": null, "building": "yes", "name": null, "amenity": null, "brand": null, "wheelchair": null, "tourism": null }, "geometry": { "type": "MultiPolygon", "coordinates": [ [ [ [ 27.0566836, -18.5924659 ], [ 27.0566997, -18.5924678 ], [ 27.0566977, -18.5924793 ], [ 27.0566816, -18.5924774 ], [ 27.0566836, -18.5924659 ] ] ] ] } },
{ "type": "Feature", "properties": { "full_id": "w484698631", "osm_id": "484698631", "osm_type": "way", "waterway": null, "building": "yes", "name": null, "amenity": null, "brand": null, "wheelchair": null, "tourism": null }, "geometry": { "type": "MultiPolygon", "coordinates": [ [ [ [ 27.0567027, -18.5924647 ], [ 27.0566973, -18.5924637 ], [ 27.0566983, -18.592444 ], [ 27.0567094, -18.592445 ], [ 27.0567087, -18.5924539 ], [ 27.056703, -18.5924535 ], [ 27.0567027, -18.5924647 ] ] ] ] } },
{ "type": "Feature", "properties": { "full_id": "w484700718", "osm_id": "484700718", "osm_type": "way", "waterway": null, "building": "yes", "name": null, "amenity": null, "brand": null, "wheelchair": null, "tourism": null }, "geometry": { "type": "MultiPolygon", "coordinates": [ [ [ [ 27.0493215, -18.570774 ], [ 27.0494118, -18.5707861 ], [ 27.0494017, -18.5708543 ], [ 27.0493114, -18.5708422 ], [ 27.0493215, -18.570774 ] ] ] ] } },
{ "type": "Feature", "properties": { "full_id": "w484700719", "osm_id": "484700719", "osm_type": "way", "waterway": null, "building": "yes", "name": null, "amenity": null, "brand": null, "wheelchair": null, "tourism": null }, "geometry": { "type": "MultiPolygon", "coordinates": [ [ [ [ 27.0492085, -18.5707788 ], [ 27.0492368, -18.570759 ], [ 27.0492707, -18.5707675 ], [ 27.0492848, -18.570798 ], [ 27.0492685, -18.5708275 ], [ 27.049234, -18.5708338 ], [ 27.0492073, -18.5708121 ], [ 27.0492085, -18.5707788 ] ] ] ] } },
{ "type": "Feature", "properties": { "full_id": "w484704423", "osm_id": "484704423", "osm_type": "way", "waterway": null, "building": "yes", "name": null, "amenity": null, "brand": null, "wheelchair": null, "tourism": null }, "geometry": { "type": "MultiPolygon", "coordinates": [ [ [ [ 27.0984566, -18.5676293 ], [ 27.0985428, -18.5676322 ], [ 27.0985402, -18.5677034 ], [ 27.098454, -18.5677005 ], [ 27.0984566, -18.5676293 ] ] ] ] } },
{ "type": "Feature", "properties": { "full_id": "w484704425", "osm_id": "484704425", "osm_type": "way", "waterway": null, "building": "yes", "name": null, "amenity": null, "brand": null, "wheelchair": null, "tourism": null }, "geometry": { "type": "MultiPolygon", "coordinates": [ [ [ [ 27.0990373, -18.5657173 ], [ 27.0990815, -18.5656783 ], [ 27.0991177, -18.5657152 ], [ 27.0990736, -18.5657541 ], [ 27.0990373, -18.5657173 ] ] ] ] } },
{ "type": "Feature", "properties": { "full_id": "w484704427", "osm_id": "484704427", "osm_type": "way", "waterway": null, "building": "yes", "name": null, "amenity": null, "brand": null, "wheelchair": null, "tourism": null }, "geometry": { "type": "MultiPolygon", "coordinates": [ [ [ [ 27.0990186, -18.5656105 ], [ 27.0990761, -18.5655614 ], [ 27.0991243, -18.5656123 ], [ 27.0990669, -18.5656613 ], [ 27.0990186, -18.5656105 ] ] ] ] } },
{ "type": "Feature", "properties": { "full_id": "w484704429", "osm_id": "484704429", "osm_type": "way", "waterway": null, "building": "yes", "name": null, "amenity": null, "brand": null, "wheelchair": null, "tourism": null }, "geometry": { "type": "MultiPolygon", "coordinates": [ [ [ [ 27.0989193, -18.5656524 ], [ 27.0989987, -18.5656148 ], [ 27.0990363, -18.565686 ], [ 27.0989569, -18.5657236 ], [ 27.0989193, -18.5656524 ] ] ] ] } },
{ "type": "Feature", "properties": { "full_id": "w484704431", "osm_id": "484704431", "osm_type": "way", "waterway": null, "building": "yes", "name": null, "amenity": null, "brand": null, "wheelchair": null, "tourism": null }, "geometry": { "type": "MultiPolygon", "coordinates": [ [ [ [ 27.098348, -18.5662322 ], [ 27.098399, -18.5662322 ], [ 27.098399, -18.5662932 ], [ 27.098348, -18.5662932 ], [ 27.098348, -18.5662322 ] ] ] ] } },
{ "type": "Feature", "properties": { "full_id": "w484704433", "osm_id": "484704433", "osm_type": "way", "waterway": null, "building": "yes", "name": null, "amenity": null, "brand": null, "wheelchair": null, "tourism": null }, "geometry": { "type": "MultiPolygon", "coordinates": [ [ [ [ 27.0984312, -18.5667737 ], [ 27.0984794, -18.5667686 ], [ 27.0984863, -18.5668275 ], [ 27.0984381, -18.5668326 ], [ 27.0984312, -18.5667737 ] ] ] ] } },
{ "type": "Feature", "properties": { "full_id": "w484714266", "osm_id": "484714266", "osm_type": "way", "waterway": null, "building": "yes", "name": null, "amenity": null, "brand": null, "wheelchair": null, "tourism": null }, "geometry": { "type": "MultiPolygon", "coordinates": [ [ [ [ 27.0486314, -18.5695465 ], [ 27.0486353, -18.5695053 ], [ 27.0486944, -18.5695104 ], [ 27.0486904, -18.5695516 ], [ 27.0486314, -18.5695465 ] ] ] ] } },
{ "type": "Feature", "properties": { "full_id": "w484714268", "osm_id": "484714268", "osm_type": "way", "waterway": null, "building": "yes", "name": null, "amenity": null, "brand": null, "wheelchair": null, "tourism": null }, "geometry": { "type": "MultiPolygon", "coordinates": [ [ [ [ 27.0496506, -18.5693025 ], [ 27.0496399, -18.5692719 ], [ 27.049685, -18.5692577 ], [ 27.0496957, -18.5692882 ], [ 27.0496506, -18.5693025 ] ] ] ] } },
{ "type": "Feature", "properties": { "full_id": "w484714270", "osm_id": "484714270", "osm_type": "way", "waterway": null, "building": "yes", "name": null, "amenity": null, "brand": null, "wheelchair": null, "tourism": null }, "geometry": { "type": "MultiPolygon", "coordinates": [ [ [ [ 27.0493073, -18.5700449 ], [ 27.0492644, -18.5700245 ], [ 27.0492912, -18.5699737 ], [ 27.0493341, -18.569994 ], [ 27.0493073, -18.5700449 ] ] ] ] } },
{ "type": "Feature", "properties": { "full_id": "w484714271", "osm_id": "484714271", "osm_type": "way", "waterway": null, "building": "yes", "name": null, "amenity": null, "brand": null, "wheelchair": null, "tourism": null }, "geometry": { "type": "MultiPolygon", "coordinates": [ [ [ [ 27.0484544, -18.5696432 ], [ 27.0484114, -18.5695974 ], [ 27.0484497, -18.5695651 ], [ 27.0484927, -18.5696109 ], [ 27.0484544, -18.5696432 ] ] ] ] } },
{ "type": "Feature", "properties": { "full_id": "w484714272", "osm_id": "484714272", "osm_type": "way", "waterway": null, "building": "yes", "name": null, "amenity": null, "brand": null, "wheelchair": null, "tourism": null }, "geometry": { "type": "MultiPolygon", "coordinates": [ [ [ [ 27.0483685, -18.5700906 ], [ 27.0483221, -18.5700662 ], [ 27.0483489, -18.5700204 ], [ 27.0483954, -18.5700449 ], [ 27.0483685, -18.5700906 ] ] ] ] } },
{ "type": "Feature", "properties": { "full_id": "w484714273", "osm_id": "484714273", "osm_type": "way", "waterway": null, "building": "yes", "name": null, "amenity": null, "brand": null, "wheelchair": null, "tourism": null }, "geometry": { "type": "MultiPolygon", "coordinates": [ [ [ [ 27.0494521, -18.5707771 ], [ 27.0494243, -18.5707719 ], [ 27.0494404, -18.5706956 ], [ 27.0494682, -18.5707009 ], [ 27.0494521, -18.5707771 ] ] ] ] } },
{ "type": "Feature", "properties": { "full_id": "w484714274", "osm_id": "484714274", "osm_type": "way", "waterway": null, "building": "yes", "name": null, "amenity": null, "brand": null, "wheelchair": null, "tourism": null }, "geometry": { "type": "MultiPolygon", "coordinates": [ [ [ [ 27.049318, -18.5706348 ], [ 27.0493878, -18.5706754 ], [ 27.0493629, -18.5707137 ], [ 27.0492932, -18.5706731 ], [ 27.049318, -18.5706348 ] ] ] ] } },
{ "type": "Feature", "properties": { "full_id": "w484714275", "osm_id": "484714275", "osm_type": "way", "waterway": null, "building": "yes", "name": null, "amenity": null, "brand": null, "wheelchair": null, "tourism": null }, "geometry": { "type": "MultiPolygon", "coordinates": [ [ [ [ 27.0491195, -18.5700856 ], [ 27.0491231, -18.5700356 ], [ 27.0492035, -18.5700407 ], [ 27.0492, -18.5700906 ], [ 27.0491195, -18.5700856 ] ] ] ] } },
{ "type": "Feature", "properties": { "full_id": "w484714276", "osm_id": "484714276", "osm_type": "way", "waterway": null, "building": "yes", "name": null, "amenity": null, "brand": null, "wheelchair": null, "tourism": null }, "geometry": { "type": "MultiPolygon", "coordinates": [ [ [ [ 27.0485509, -18.5696889 ], [ 27.0485103, -18.569636 ], [ 27.0485693, -18.5695953 ], [ 27.0486099, -18.5696482 ], [ 27.0485509, -18.5696889 ] ] ] ] } },
{ "type": "Feature", "properties": { "full_id": "w484714277", "osm_id": "484714277", "osm_type": "way", "waterway": null, "building": "yes", "name": null, "amenity": null, "brand": null, "wheelchair": null, "tourism": null }, "geometry": { "type": "MultiPolygon", "coordinates": [ [ [ [ 27.0497096, -18.5695109 ], [ 27.0496882, -18.5694703 ], [ 27.0497204, -18.569455 ], [ 27.0497418, -18.5694957 ], [ 27.0497096, -18.5695109 ] ] ] ] } },
{ "type": "Feature", "properties": { "full_id": "w484714278", "osm_id": "484714278", "osm_type": "way", "waterway": null, "building": "yes", "name": null, "amenity": null, "brand": null, "wheelchair": null, "tourism": null }, "geometry": { "type": "MultiPolygon", "coordinates": [ [ [ [ 27.0497579, -18.5693635 ], [ 27.0497284, -18.5693355 ], [ 27.0497928, -18.5692745 ], [ 27.0498223, -18.5693025 ], [ 27.0497579, -18.5693635 ] ] ] ] } },
{ "type": "Feature", "properties": { "full_id": "w484714279", "osm_id": "484714279", "osm_type": "way", "waterway": null, "building": "yes", "name": null, "amenity": null, "brand": null, "wheelchair": null, "tourism": null }, "geometry": { "type": "MultiPolygon", "coordinates": [ [ [ [ 27.0497955, -18.5691957 ], [ 27.0497579, -18.5691601 ], [ 27.0498062, -18.5691143 ], [ 27.0498437, -18.5691499 ], [ 27.0497955, -18.5691957 ] ] ] ] } },
{ "type": "Feature", "properties": { "full_id": "w484714280", "osm_id": "484714280", "osm_type": "way", "waterway": null, "building": "yes", "name": null, "amenity": null, "brand": null, "wheelchair": null, "tourism": null }, "geometry": { "type": "MultiPolygon", "coordinates": [ [ [ [ 27.0493985, -18.5683108 ], [ 27.04942, -18.5682193 ], [ 27.0495154, -18.5682394 ], [ 27.0494939, -18.5683309 ], [ 27.0493985, -18.5683108 ] ] ] ] } },
{ "type": "Feature", "properties": { "full_id": "w484714281", "osm_id": "484714281", "osm_type": "way", "waterway": null, "building": "yes", "name": null, "amenity": null, "brand": null, "wheelchair": null, "tourism": null }, "geometry": { "type": "MultiPolygon", "coordinates": [ [ [ [ 27.04839, -18.5684176 ], [ 27.04839, -18.5683159 ], [ 27.0484758, -18.5683159 ], [ 27.0484758, -18.5684176 ], [ 27.04839, -18.5684176 ] ] ] ] } },
{ "type": "Feature", "properties": { "full_id": "w484714472", "osm_id": "484714472", "osm_type": "way", "waterway": null, "building": "yes", "name": null, "amenity": null, "brand": null, "wheelchair": null, "tourism": null }, "geometry": { "type": "MultiPolygon", "coordinates": [ [ [ [ 27.0003045, -18.6354068 ], [ 27.0002804, -18.6354068 ], [ 27.0002804, -18.6353763 ], [ 27.0003045, -18.6353763 ], [ 27.0003045, -18.6354068 ] ] ] ] } },
{ "type": "Feature", "properties": { "full_id": "w484714473", "osm_id": "484714473", "osm_type": "way", "waterway": null, "building": "yes", "name": null, "amenity": null, "brand": null, "wheelchair": null, "tourism": null }, "geometry": { "type": "MultiPolygon", "coordinates": [ [ [ [ 27.0003823, -18.6352162 ], [ 27.0004064, -18.6352162 ], [ 27.0004064, -18.6352365 ], [ 27.0003823, -18.6352365 ], [ 27.0003823, -18.6352162 ] ] ] ] } },
{ "type": "Feature", "properties": { "full_id": "w484714474", "osm_id": "484714474", "osm_type": "way", "waterway": null, "building": "yes", "name": null, "amenity": null, "brand": null, "wheelchair": null, "tourism": null }, "geometry": { "type": "MultiPolygon", "coordinates": [ [ [ [ 27.000224, -18.6353127 ], [ 27.000224, -18.6352797 ], [ 27.0002348, -18.6352797 ], [ 27.0002348, -18.6353127 ], [ 27.000224, -18.6353127 ] ] ] ] } },
{ "type": "Feature", "properties": { "full_id": "w484714475", "osm_id": "484714475", "osm_type": "way", "waterway": null, "building": "yes", "name": null, "amenity": null, "brand": null, "wheelchair": null, "tourism": null }, "geometry": { "type": "MultiPolygon", "coordinates": [ [ [ [ 26.9994811, -18.6354703 ], [ 26.9995159, -18.6354373 ], [ 26.9995642, -18.635483 ], [ 26.9995293, -18.6355161 ], [ 26.9994811, -18.6354703 ] ] ] ] } },
{ "type": "Feature", "properties": { "full_id": "w484714476", "osm_id": "484714476", "osm_type": "way", "waterway": null, "building": "yes", "name": null, "amenity": null, "brand": null, "wheelchair": null, "tourism": null }, "geometry": { "type": "MultiPolygon", "coordinates": [ [ [ [ 26.999304, -18.6355516 ], [ 26.9992822, -18.6355162 ], [ 26.9993466, -18.6354807 ], [ 26.9993684, -18.6355161 ], [ 26.999304, -18.6355516 ] ] ] ] } },
{ "type": "Feature", "properties": { "full_id": "w484714477", "osm_id": "484714477", "osm_type": "way", "waterway": null, "building": "yes", "name": null, "amenity": null, "brand": null, "wheelchair": null, "tourism": null }, "geometry": { "type": "MultiPolygon", "coordinates": [ [ [ [ 26.9996313, -18.6352771 ], [ 26.9998298, -18.6352212 ], [ 26.9998684, -18.6353444 ], [ 26.9996699, -18.6354003 ], [ 26.9996313, -18.6352771 ] ] ] ] } },
{ "type": "Feature", "properties": { "full_id": "w484714478", "osm_id": "484714478", "osm_type": "way", "waterway": null, "building": "yes", "name": null, "amenity": null, "brand": null, "wheelchair": null, "tourism": null }, "geometry": { "type": "MultiPolygon", "coordinates": [ [ [ [ 26.999304, -18.6349772 ], [ 26.9992928, -18.6349381 ], [ 26.9993518, -18.6349229 ], [ 26.999363, -18.634962 ], [ 26.999304, -18.6349772 ] ] ] ] } },
{ "type": "Feature", "properties": { "full_id": "w484714479", "osm_id": "484714479", "osm_type": "way", "waterway": null, "building": "yes", "name": null, "amenity": null, "brand": null, "wheelchair": null, "tourism": null }, "geometry": { "type": "MultiPolygon", "coordinates": [ [ [ [ 26.9992933, -18.6348908 ], [ 26.9992654, -18.634838 ], [ 26.9993191, -18.6348125 ], [ 26.999347, -18.6348654 ], [ 26.9992933, -18.6348908 ] ] ] ] } },
{ "type": "Feature", "properties": { "full_id": "w484714480", "osm_id": "484714480", "osm_type": "way", "waterway": null, "building": "yes", "name": null, "amenity": null, "brand": null, "wheelchair": null, "tourism": null }, "geometry": { "type": "MultiPolygon", "coordinates": [ [ [ [ 27.0005204, -18.6333481 ], [ 27.0005043, -18.6332973 ], [ 27.0005674, -18.6332807 ], [ 27.0005788, -18.6333379 ], [ 27.0005204, -18.6333481 ] ] ] ] } },
{ "type": "Feature", "properties": { "full_id": "w484714482", "osm_id": "484714482", "osm_type": "way", "waterway": null, "building": "yes", "name": null, "amenity": null, "brand": null, "wheelchair": null, "tourism": null }, "geometry": { "type": "MultiPolygon", "coordinates": [ [ [ [ 26.9993201, -18.6338081 ], [ 26.9992128, -18.6337115 ], [ 26.9993144, -18.6336103 ], [ 26.9994217, -18.6337068 ], [ 26.9993201, -18.6338081 ] ] ] ] } },
{ "type": "Feature", "properties": { "full_id": "w484715566", "osm_id": "484715566", "osm_type": "way", "waterway": null, "building": "yes", "name": null, "amenity": null, "brand": null, "wheelchair": null, "tourism": null }, "geometry": { "type": "MultiPolygon", "coordinates": [ [ [ [ 27.0701631, -18.5847393 ], [ 27.0701212, -18.5847173 ], [ 27.070148, -18.5846715 ], [ 27.0701899, -18.5846936 ], [ 27.0701631, -18.5847393 ] ] ] ] } },
{ "type": "Feature", "properties": { "full_id": "w484715567", "osm_id": "484715567", "osm_type": "way", "waterway": null, "building": "yes", "name": null, "amenity": null, "brand": null, "wheelchair": null, "tourism": null }, "geometry": { "type": "MultiPolygon", "coordinates": [ [ [ [ 27.070029, -18.5847241 ], [ 27.069996, -18.5846693 ], [ 27.0700335, -18.584649 ], [ 27.0700665, -18.5847037 ], [ 27.070029, -18.5847241 ] ] ] ] } },
{ "type": "Feature", "properties": { "full_id": "w484715568", "osm_id": "484715568", "osm_type": "way", "waterway": null, "building": "yes", "name": null, "amenity": null, "brand": null, "wheelchair": null, "tourism": null }, "geometry": { "type": "MultiPolygon", "coordinates": [ [ [ [ 27.070029, -18.5845868 ], [ 27.0700558, -18.5844648 ], [ 27.0701383, -18.584481 ], [ 27.0701115, -18.5846031 ], [ 27.070029, -18.5845868 ] ] ] ] } },
{ "type": "Feature", "properties": { "full_id": "w484715569", "osm_id": "484715569", "osm_type": "way", "waterway": null, "building": "yes", "name": null, "amenity": null, "brand": null, "wheelchair": null, "tourism": null }, "geometry": { "type": "MultiPolygon", "coordinates": [ [ [ [ 27.0680012, -18.5847241 ], [ 27.0680388, -18.5846681 ], [ 27.0680922, -18.5847004 ], [ 27.0680547, -18.5847563 ], [ 27.0680012, -18.5847241 ] ] ] ] } },
{ "type": "Feature", "properties": { "full_id": "w484715570", "osm_id": "484715570", "osm_type": "way", "waterway": null, "building": "yes", "name": null, "amenity": null, "brand": null, "wheelchair": null, "tourism": null }, "geometry": { "type": "MultiPolygon", "coordinates": [ [ [ [ 27.0681997, -18.5845919 ], [ 27.0682963, -18.5846224 ], [ 27.0682689, -18.5847002 ], [ 27.0681724, -18.5846697 ], [ 27.0681997, -18.5845919 ] ] ] ] } },
{ "type": "Feature", "properties": { "full_id": "w484720079", "osm_id": "484720079", "osm_type": "way", "waterway": null, "building": "yes", "name": null, "amenity": null, "brand": null, "wheelchair": null, "tourism": null }, "geometry": { "type": "MultiPolygon", "coordinates": [ [ [ [ 27.1005063, -18.5656378 ], [ 27.1004817, -18.565594 ], [ 27.1005548, -18.5655571 ], [ 27.1005794, -18.5656009 ], [ 27.1005063, -18.5656378 ] ] ] ] } },
{ "type": "Feature", "properties": { "full_id": "w484720080", "osm_id": "484720080", "osm_type": "way", "waterway": null, "building": "yes", "name": null, "amenity": null, "brand": null, "wheelchair": null, "tourism": null }, "geometry": { "type": "MultiPolygon", "coordinates": [ [ [ [ 27.1006471, -18.5656073 ], [ 27.1006947, -18.5656079 ], [ 27.1006939, -18.5656632 ], [ 27.1006463, -18.5656626 ], [ 27.1006471, -18.5656073 ] ] ] ] } },
{ "type": "Feature", "properties": { "full_id": "w484720081", "osm_id": "484720081", "osm_type": "way", "waterway": null, "building": "yes", "name": null, "amenity": null, "brand": null, "wheelchair": null, "tourism": null }, "geometry": { "type": "MultiPolygon", "coordinates": [ [ [ [ 27.1006109, -18.5658018 ], [ 27.1005751, -18.5657479 ], [ 27.1006421, -18.5657079 ], [ 27.1006779, -18.5657618 ], [ 27.1006109, -18.5658018 ] ] ] ] } },
{ "type": "Feature", "properties": { "full_id": "w484722598", "osm_id": "484722598", "osm_type": "way", "waterway": null, "building": "yes", "name": null, "amenity": null, "brand": null, "wheelchair": null, "tourism": null }, "geometry": { "type": "MultiPolygon", "coordinates": [ [ [ [ 27.0515051, -18.5850749 ], [ 27.051591, -18.5850953 ], [ 27.0515733, -18.5851623 ], [ 27.0514875, -18.5851419 ], [ 27.0515051, -18.5850749 ] ] ] ] } },
{ "type": "Feature", "properties": { "full_id": "w484723025", "osm_id": "484723025", "osm_type": "way", "waterway": null, "building": "yes", "name": null, "amenity": null, "brand": null, "wheelchair": null, "tourism": null }, "geometry": { "type": "MultiPolygon", "coordinates": [ [ [ [ 27.0514139, -18.5693889 ], [ 27.0514059, -18.5693508 ], [ 27.0514461, -18.5693431 ], [ 27.0514542, -18.5693813 ], [ 27.0514139, -18.5693889 ] ] ] ] } },
{ "type": "Feature", "properties": { "full_id": "w484723026", "osm_id": "484723026", "osm_type": "way", "waterway": null, "building": "yes", "name": null, "amenity": null, "brand": null, "wheelchair": null, "tourism": null }, "geometry": { "type": "MultiPolygon", "coordinates": [ [ [ [ 27.0514569, -18.569483 ], [ 27.0514364, -18.5694558 ], [ 27.0514739, -18.5694304 ], [ 27.0514944, -18.5694575 ], [ 27.0514569, -18.569483 ] ] ] ] } },
{ "type": "Feature", "properties": { "full_id": "w484723027", "osm_id": "484723027", "osm_type": "way", "waterway": null, "building": "yes", "name": null, "amenity": null, "brand": null, "wheelchair": null, "tourism": null }, "geometry": { "type": "MultiPolygon", "coordinates": [ [ [ [ 27.0510679, -18.5697169 ], [ 27.0510635, -18.5696748 ], [ 27.0511171, -18.5696698 ], [ 27.0511216, -18.5697118 ], [ 27.0510679, -18.5697169 ] ] ] ] } },
{ "type": "Feature", "properties": { "full_id": "w484723028", "osm_id": "484723028", "osm_type": "way", "waterway": null, "building": "yes", "name": null, "amenity": null, "brand": null, "wheelchair": null, "tourism": null }, "geometry": { "type": "MultiPolygon", "coordinates": [ [ [ [ 27.0512208, -18.5695643 ], [ 27.0512208, -18.5695364 ], [ 27.0512611, -18.5695364 ], [ 27.0512611, -18.5695643 ], [ 27.0512208, -18.5695643 ] ] ] ] } },
{ "type": "Feature", "properties": { "full_id": "w484723029", "osm_id": "484723029", "osm_type": "way", "waterway": null, "building": "yes", "name": null, "amenity": null, "brand": null, "wheelchair": null, "tourism": null }, "geometry": { "type": "MultiPolygon", "coordinates": [ [ [ [ 27.0512047, -18.5693558 ], [ 27.0511994, -18.569305 ], [ 27.0512419, -18.569301 ], [ 27.0512472, -18.5693518 ], [ 27.0512047, -18.5693558 ] ] ] ] } },
{ "type": "Feature", "properties": { "full_id": "w484723030", "osm_id": "484723030", "osm_type": "way", "waterway": null, "building": "yes", "name": null, "amenity": null, "brand": null, "wheelchair": null, "tourism": null }, "geometry": { "type": "MultiPolygon", "coordinates": [ [ [ [ 27.0512906, -18.5693508 ], [ 27.0512886, -18.5693102 ], [ 27.0513476, -18.5693076 ], [ 27.0513496, -18.5693482 ], [ 27.0512906, -18.5693508 ] ] ] ] } },
{ "type": "Feature", "properties": { "full_id": "w484723031", "osm_id": "484723031", "osm_type": "way", "waterway": null, "building": "yes", "name": null, "amenity": null, "brand": null, "wheelchair": null, "tourism": null }, "geometry": { "type": "MultiPolygon", "coordinates": [ [ [ [ 27.0513308, -18.5695364 ], [ 27.0513131, -18.5694994 ], [ 27.0514016, -18.5694613 ], [ 27.0514193, -18.5694982 ], [ 27.0513308, -18.5695364 ] ] ] ] } },
{ "type": "Feature", "properties": { "full_id": "w484723032", "osm_id": "484723032", "osm_type": "way", "waterway": null, "building": "yes", "name": null, "amenity": null, "brand": null, "wheelchair": null, "tourism": null }, "geometry": { "type": "MultiPolygon", "coordinates": [ [ [ [ 27.0515185, -18.5694194 ], [ 27.0515159, -18.569333 ], [ 27.0516156, -18.5693302 ], [ 27.0516183, -18.5694166 ], [ 27.0515185, -18.5694194 ] ] ] ] } },
{ "type": "Feature", "properties": { "full_id": "w484723033", "osm_id": "484723033", "osm_type": "way", "waterway": null, "building": "yes", "name": null, "amenity": null, "brand": null, "wheelchair": null, "tourism": null }, "geometry": { "type": "MultiPolygon", "coordinates": [ [ [ [ 27.0537019, -18.5687965 ], [ 27.0537044, -18.568761 ], [ 27.0537446, -18.5687636 ], [ 27.0537421, -18.568799 ], [ 27.0537019, -18.5687965 ] ] ] ] } },
{ "type": "Feature", "properties": { "full_id": "w484723034", "osm_id": "484723034", "osm_type": "way", "waterway": null, "building": "yes", "name": null, "amenity": null, "brand": null, "wheelchair": null, "tourism": null }, "geometry": { "type": "MultiPolygon", "coordinates": [ [ [ [ 27.0537367, -18.5686795 ], [ 27.0537796, -18.5687202 ], [ 27.0537568, -18.5687418 ], [ 27.0537139, -18.5687011 ], [ 27.0537367, -18.5686795 ] ] ] ] } },
{ "type": "Feature", "properties": { "full_id": "w484724032", "osm_id": "484724032", "osm_type": "way", "waterway": null, "building": "yes", "name": null, "amenity": null, "brand": null, "wheelchair": null, "tourism": null }, "geometry": { "type": "MultiPolygon", "coordinates": [ [ [ [ 27.0928392, -18.5677755 ], [ 27.0927802, -18.5677247 ], [ 27.0928145, -18.567689 ], [ 27.0928735, -18.5677398 ], [ 27.0928392, -18.5677755 ] ] ] ] } },
{ "type": "Feature", "properties": { "full_id": "w484724033", "osm_id": "484724033", "osm_type": "way", "waterway": null, "building": "yes", "name": null, "amenity": null, "brand": null, "wheelchair": null, "tourism": null }, "geometry": { "type": "MultiPolygon", "coordinates": [ [ [ [ 27.0929465, -18.5677704 ], [ 27.0929402, -18.5677135 ], [ 27.0930421, -18.5677033 ], [ 27.0930485, -18.5677603 ], [ 27.0929465, -18.5677704 ] ] ] ] } },
{ "type": "Feature", "properties": { "full_id": "w484724034", "osm_id": "484724034", "osm_type": "way", "waterway": null, "building": "yes", "name": null, "amenity": null, "brand": null, "wheelchair": null, "tourism": null }, "geometry": { "type": "MultiPolygon", "coordinates": [ [ [ [ 27.0929894, -18.5674094 ], [ 27.0930538, -18.5674348 ], [ 27.0930143, -18.5675247 ], [ 27.0929499, -18.5674993 ], [ 27.0929894, -18.5674094 ] ] ] ] } },
{ "type": "Feature", "properties": { "full_id": "w484724599", "osm_id": "484724599", "osm_type": "way", "waterway": null, "building": "yes", "name": null, "amenity": null, "brand": null, "wheelchair": null, "tourism": null }, "geometry": { "type": "MultiPolygon", "coordinates": [ [ [ [ 27.0493864, -18.5824148 ], [ 27.0493819, -18.5824032 ], [ 27.0493869, -18.5823954 ], [ 27.0493916, -18.5823931 ], [ 27.0494019, -18.5823946 ], [ 27.0494079, -18.5824027 ], [ 27.0494057, -18.5824125 ], [ 27.0493966, -18.5824177 ], [ 27.0493864, -18.5824148 ] ] ] ] } },
{ "type": "Feature", "properties": { "full_id": "w484724600", "osm_id": "484724600", "osm_type": "way", "waterway": null, "building": "yes", "name": null, "amenity": null, "brand": null, "wheelchair": null, "tourism": null }, "geometry": { "type": "MultiPolygon", "coordinates": [ [ [ [ 27.0497673, -18.5829406 ], [ 27.0497578, -18.5829342 ], [ 27.0497552, -18.5829234 ], [ 27.0497623, -18.5829127 ], [ 27.0497755, -18.5829105 ], [ 27.049786, -18.5829184 ], [ 27.0497878, -18.5829246 ], [ 27.0497837, -18.5829359 ], [ 27.0497732, -18.582941 ], [ 27.0497673, -18.5829406 ] ] ] ] } },
{ "type": "Feature", "properties": { "full_id": "w484724601", "osm_id": "484724601", "osm_type": "way", "waterway": null, "building": "yes", "name": null, "amenity": null, "brand": null, "wheelchair": null, "tourism": null }, "geometry": { "type": "MultiPolygon", "coordinates": [ [ [ [ 27.0494038, -18.5827368 ], [ 27.0493864, -18.5827285 ], [ 27.0493813, -18.5827202 ], [ 27.0493824, -18.5827013 ], [ 27.0493978, -18.5826884 ], [ 27.0494182, -18.58269 ], [ 27.0494312, -18.582705 ], [ 27.0494289, -18.5827243 ], [ 27.049422, -18.5827318 ], [ 27.0494038, -18.5827368 ] ] ] ] } },
{ "type": "Feature", "properties": { "full_id": "w484724602", "osm_id": "484724602", "osm_type": "way", "waterway": null, "building": "yes", "name": null, "amenity": null, "brand": null, "wheelchair": null, "tourism": null }, "geometry": { "type": "MultiPolygon", "coordinates": [ [ [ [ 27.0492449, -18.5824931 ], [ 27.0492829, -18.5824562 ], [ 27.0493174, -18.582488 ], [ 27.0492794, -18.582525 ], [ 27.0492449, -18.5824931 ] ] ] ] } },
{ "type": "Feature", "properties": { "full_id": "w484724603", "osm_id": "484724603", "osm_type": "way", "waterway": null, "building": "yes", "name": null, "amenity": null, "brand": null, "wheelchair": null, "tourism": null }, "geometry": { "type": "MultiPolygon", "coordinates": [ [ [ [ 27.0496728, -18.5828042 ], [ 27.0496942, -18.5827706 ], [ 27.0497261, -18.5827888 ], [ 27.0497046, -18.5828225 ], [ 27.0496728, -18.5828042 ] ] ] ] } },
{ "type": "Feature", "properties": { "full_id": "w484724604", "osm_id": "484724604", "osm_type": "way", "waterway": null, "building": "yes", "name": null, "amenity": null, "brand": null, "wheelchair": null, "tourism": null }, "geometry": { "type": "MultiPolygon", "coordinates": [ [ [ [ 27.0492061, -18.5826104 ], [ 27.0491715, -18.5825785 ], [ 27.0492204, -18.5825308 ], [ 27.049255, -18.5825628 ], [ 27.0492061, -18.5826104 ] ] ] ] } },
{ "type": "Feature", "properties": { "full_id": "w484724605", "osm_id": "484724605", "osm_type": "way", "waterway": null, "building": "yes", "name": null, "amenity": null, "brand": null, "wheelchair": null, "tourism": null }, "geometry": { "type": "MultiPolygon", "coordinates": [ [ [ [ 27.0489392, -18.5815906 ], [ 27.0489327, -18.5815898 ], [ 27.048923, -18.5815818 ], [ 27.0489214, -18.5815758 ], [ 27.0489258, -18.5815643 ], [ 27.0489366, -18.5815594 ], [ 27.0489472, -18.5815621 ], [ 27.048954, -18.5815718 ], [ 27.0489511, -18.5815844 ], [ 27.0489392, -18.5815906 ] ] ] ] } },
{ "type": "Feature", "properties": { "full_id": "w484724606", "osm_id": "484724606", "osm_type": "way", "waterway": null, "building": "yes", "name": null, "amenity": null, "brand": null, "wheelchair": null, "tourism": null }, "geometry": { "type": "MultiPolygon", "coordinates": [ [ [ [ 27.0488812, -18.5816179 ], [ 27.0488544, -18.581617 ], [ 27.0488424, -18.5816014 ], [ 27.0488453, -18.5815823 ], [ 27.0488633, -18.5815701 ], [ 27.0488848, -18.5815747 ], [ 27.0488955, -18.5815931 ], [ 27.0488941, -18.5816037 ], [ 27.0488812, -18.5816179 ] ] ] ] } },
{ "type": "Feature", "properties": { "full_id": "w484724607", "osm_id": "484724607", "osm_type": "way", "waterway": null, "building": "yes", "name": null, "amenity": null, "brand": null, "wheelchair": null, "tourism": null }, "geometry": { "type": "MultiPolygon", "coordinates": [ [ [ [ 27.0488071, -18.5814959 ], [ 27.0488016, -18.5814536 ], [ 27.0488452, -18.5814485 ], [ 27.0488507, -18.5814908 ], [ 27.0488071, -18.5814959 ] ] ] ] } },
{ "type": "Feature", "properties": { "full_id": "w484724920", "osm_id": "484724920", "osm_type": "way", "waterway": null, "building": "yes", "name": null, "amenity": null, "brand": null, "wheelchair": null, "tourism": null }, "geometry": { "type": "MultiPolygon", "coordinates": [ [ [ [ 27.0557629, -18.5862698 ], [ 27.0558595, -18.58628 ], [ 27.0558488, -18.5863709 ], [ 27.0557522, -18.5863608 ], [ 27.0557629, -18.5862698 ] ] ] ] } },
{ "type": "Feature", "properties": { "full_id": "w484726467", "osm_id": "484726467", "osm_type": "way", "waterway": null, "building": "yes", "name": null, "amenity": null, "brand": null, "wheelchair": null, "tourism": null }, "geometry": { "type": "MultiPolygon", "coordinates": [ [ [ [ 27.0457419, -18.5676636 ], [ 27.0458143, -18.5676636 ], [ 27.0458143, -18.5677119 ], [ 27.0457419, -18.5677119 ], [ 27.0457419, -18.5676636 ] ] ] ] } },
{ "type": "Feature", "properties": { "full_id": "w484726468", "osm_id": "484726468", "osm_type": "way", "waterway": null, "building": "yes", "name": null, "amenity": null, "brand": null, "wheelchair": null, "tourism": null }, "geometry": { "type": "MultiPolygon", "coordinates": [ [ [ [ 27.0460879, -18.5675263 ], [ 27.0461469, -18.5675518 ], [ 27.0461175, -18.5676131 ], [ 27.0460585, -18.5675876 ], [ 27.0460879, -18.5675263 ] ] ] ] } },
{ "type": "Feature", "properties": { "full_id": "w484726469", "osm_id": "484726469", "osm_type": "way", "waterway": null, "building": "yes", "name": null, "amenity": null, "brand": null, "wheelchair": null, "tourism": null }, "geometry": { "type": "MultiPolygon", "coordinates": [ [ [ [ 27.0461818, -18.5674323 ], [ 27.0462408, -18.5674348 ], [ 27.0462375, -18.5675031 ], [ 27.0461785, -18.5675005 ], [ 27.0461818, -18.5674323 ] ] ] ] } },
{ "type": "Feature", "properties": { "full_id": "w484727019", "osm_id": "484727019", "osm_type": "way", "waterway": null, "building": "yes", "name": null, "amenity": null, "brand": null, "wheelchair": null, "tourism": null }, "geometry": { "type": "MultiPolygon", "coordinates": [ [ [ [ 27.0492966, -18.5679484 ], [ 27.0494039, -18.5679738 ], [ 27.0493717, -18.5680959 ], [ 27.0492644, -18.5680705 ], [ 27.0492966, -18.5679484 ] ] ] ] } },
{ "type": "Feature", "properties": { "full_id": "w484727404", "osm_id": "484727404", "osm_type": "way", "waterway": null, "building": "yes", "name": null, "amenity": null, "brand": null, "wheelchair": null, "tourism": null }, "geometry": { "type": "MultiPolygon", "coordinates": [ [ [ [ 27.0535382, -18.5662042 ], [ 27.0535356, -18.566255 ], [ 27.0534764, -18.5662522 ], [ 27.0534791, -18.5662014 ], [ 27.0535382, -18.5662042 ] ] ] ] } },
{ "type": "Feature", "properties": { "full_id": "w484727406", "osm_id": "484727406", "osm_type": "way", "waterway": null, "building": "yes", "name": null, "amenity": null, "brand": null, "wheelchair": null, "tourism": null }, "geometry": { "type": "MultiPolygon", "coordinates": [ [ [ [ 27.0534658, -18.566433 ], [ 27.0535195, -18.566433 ], [ 27.0535195, -18.5664635 ], [ 27.0534658, -18.5664635 ], [ 27.0534658, -18.566433 ] ] ] ] } },
{ "type": "Feature", "properties": { "full_id": "w484727407", "osm_id": "484727407", "osm_type": "way", "waterway": null, "building": "yes", "name": null, "amenity": null, "brand": null, "wheelchair": null, "tourism": null }, "geometry": { "type": "MultiPolygon", "coordinates": [ [ [ [ 27.0536241, -18.5662347 ], [ 27.0536241, -18.5662805 ], [ 27.0535731, -18.5662805 ], [ 27.0535731, -18.5662347 ], [ 27.0536241, -18.5662347 ] ] ] ] } },
{ "type": "Feature", "properties": { "full_id": "w484727409", "osm_id": "484727409", "osm_type": "way", "waterway": null, "building": "yes", "name": null, "amenity": null, "brand": null, "wheelchair": null, "tourism": null }, "geometry": { "type": "MultiPolygon", "coordinates": [ [ [ [ 27.0536563, -18.5663491 ], [ 27.0537072, -18.5663466 ], [ 27.0537103, -18.5664024 ], [ 27.0536594, -18.5664049 ], [ 27.0536563, -18.5663491 ] ] ] ] } },
{ "type": "Feature", "properties": { "full_id": "w484727410", "osm_id": "484727410", "osm_type": "way", "waterway": null, "building": "yes", "name": null, "amenity": null, "brand": null, "wheelchair": null, "tourism": null }, "geometry": { "type": "MultiPolygon", "coordinates": [ [ [ [ 27.0521381, -18.5673128 ], [ 27.0520684, -18.5673585 ], [ 27.0520267, -18.5673014 ], [ 27.0520964, -18.5672556 ], [ 27.0521381, -18.5673128 ] ] ] ] } },
{ "type": "Feature", "properties": { "full_id": "w484727412", "osm_id": "484727412", "osm_type": "way", "waterway": null, "building": "yes", "name": null, "amenity": null, "brand": null, "wheelchair": null, "tourism": null }, "geometry": { "type": "MultiPolygon", "coordinates": [ [ [ [ 27.052224, -18.5674501 ], [ 27.0522883, -18.5674602 ], [ 27.0522724, -18.5675509 ], [ 27.052208, -18.5675408 ], [ 27.052224, -18.5674501 ] ] ] ] } },
{ "type": "Feature", "properties": { "full_id": "w484727413", "osm_id": "484727413", "osm_type": "way", "waterway": null, "building": "yes", "name": null, "amenity": null, "brand": null, "wheelchair": null, "tourism": null }, "geometry": { "type": "MultiPolygon", "coordinates": [ [ [ [ 27.0522401, -18.5672111 ], [ 27.0523098, -18.5672263 ], [ 27.0522885, -18.567314 ], [ 27.0522187, -18.5672987 ], [ 27.0522401, -18.5672111 ] ] ] ] } },
{ "type": "Feature", "properties": { "full_id": "w484727926", "osm_id": "484727926", "osm_type": "way", "waterway": null, "building": "yes", "name": null, "amenity": null, "brand": null, "wheelchair": null, "tourism": null }, "geometry": { "type": "MultiPolygon", "coordinates": [ [ [ [ 27.0539819, -18.5685295 ], [ 27.0540774, -18.5685567 ], [ 27.0540613, -18.5686075 ], [ 27.0539658, -18.5685804 ], [ 27.0539819, -18.5685295 ] ] ] ] } },
{ "type": "Feature", "properties": { "full_id": "w484727927", "osm_id": "484727927", "osm_type": "way", "waterway": null, "building": "yes", "name": null, "amenity": null, "brand": null, "wheelchair": null, "tourism": null }, "geometry": { "type": "MultiPolygon", "coordinates": [ [ [ [ 27.0539658, -18.5686973 ], [ 27.0540409, -18.5686261 ], [ 27.054116, -18.5686973 ], [ 27.0540409, -18.5687685 ], [ 27.0539658, -18.5686973 ] ] ] ] } },
{ "type": "Feature", "properties": { "full_id": "w484728103", "osm_id": "484728103", "osm_type": "way", "waterway": null, "building": "yes", "name": null, "amenity": null, "brand": null, "wheelchair": null, "tourism": null }, "geometry": { "type": "MultiPolygon", "coordinates": [ [ [ [ 27.0556395, -18.5711549 ], [ 27.0557307, -18.5711396 ], [ 27.0557411, -18.5711956 ], [ 27.0556499, -18.5712108 ], [ 27.0556395, -18.5711549 ] ] ] ] } },
{ "type": "Feature", "properties": { "full_id": "w484728104", "osm_id": "484728104", "osm_type": "way", "waterway": null, "building": "yes", "name": null, "amenity": null, "brand": null, "wheelchair": null, "tourism": null }, "geometry": { "type": "MultiPolygon", "coordinates": [ [ [ [ 27.0556502, -18.5713786 ], [ 27.0557093, -18.5713786 ], [ 27.0557093, -18.5714396 ], [ 27.0556502, -18.5714396 ], [ 27.0556502, -18.5713786 ] ] ] ] } },
{ "type": "Feature", "properties": { "full_id": "w484728105", "osm_id": "484728105", "osm_type": "way", "waterway": null, "building": "yes", "name": null, "amenity": null, "brand": null, "wheelchair": null, "tourism": null }, "geometry": { "type": "MultiPolygon", "coordinates": [ [ [ [ 27.0539712, -18.5721922 ], [ 27.0540431, -18.5721752 ], [ 27.0540592, -18.5722362 ], [ 27.0539873, -18.5722532 ], [ 27.0539712, -18.5721922 ] ] ] ] } },
{ "type": "Feature", "properties": { "full_id": "w484728106", "osm_id": "484728106", "osm_type": "way", "waterway": null, "building": "yes", "name": null, "amenity": null, "brand": null, "wheelchair": null, "tourism": null }, "geometry": { "type": "MultiPolygon", "coordinates": [ [ [ [ 27.0541482, -18.5720803 ], [ 27.0541482, -18.5721312 ], [ 27.0540731, -18.5721312 ], [ 27.0540731, -18.5720803 ], [ 27.0541482, -18.5720803 ] ] ] ] } },
{ "type": "Feature", "properties": { "full_id": "w484728107", "osm_id": "484728107", "osm_type": "way", "waterway": null, "building": "yes", "name": null, "amenity": null, "brand": null, "wheelchair": null, "tourism": null }, "geometry": { "type": "MultiPolygon", "coordinates": [ [ [ [ 27.0541268, -18.5722227 ], [ 27.054175, -18.5722075 ], [ 27.0542029, -18.5722868 ], [ 27.0541546, -18.5723021 ], [ 27.0541268, -18.5722227 ] ] ] ] } },
{ "type": "Feature", "properties": { "full_id": "w484728594", "osm_id": "484728594", "osm_type": "way", "waterway": null, "building": "yes", "name": null, "amenity": null, "brand": null, "wheelchair": null, "tourism": null }, "geometry": { "type": "MultiPolygon", "coordinates": [ [ [ [ 27.0537931, -18.5710633 ], [ 27.0538439, -18.5710587 ], [ 27.0538493, -18.5711121 ], [ 27.0537984, -18.5711167 ], [ 27.0537931, -18.5710633 ] ] ] ] } },
{ "type": "Feature", "properties": { "full_id": "w484728595", "osm_id": "484728595", "osm_type": "way", "waterway": null, "building": "yes", "name": null, "amenity": null, "brand": null, "wheelchair": null, "tourism": null }, "geometry": { "type": "MultiPolygon", "coordinates": [ [ [ [ 27.053667, -18.5712439 ], [ 27.053712, -18.5712489 ], [ 27.0537066, -18.5712921 ], [ 27.0536616, -18.5712871 ], [ 27.053667, -18.5712439 ] ] ] ] } },
{ "type": "Feature", "properties": { "full_id": "w484728596", "osm_id": "484728596", "osm_type": "way", "waterway": null, "building": "yes", "name": null, "amenity": null, "brand": null, "wheelchair": null, "tourism": null }, "geometry": { "type": "MultiPolygon", "coordinates": [ [ [ [ 27.0540693, -18.571971 ], [ 27.0541153, -18.5719667 ], [ 27.054118, -18.5719921 ], [ 27.054072, -18.5719964 ], [ 27.0540693, -18.571971 ] ] ] ] } },
{ "type": "Feature", "properties": { "full_id": "w484728597", "osm_id": "484728597", "osm_type": "way", "waterway": null, "building": "yes", "name": null, "amenity": null, "brand": null, "wheelchair": null, "tourism": null }, "geometry": { "type": "MultiPolygon", "coordinates": [ [ [ [ 27.0538521, -18.5711396 ], [ 27.0539111, -18.5711421 ], [ 27.0539094, -18.5711777 ], [ 27.0538504, -18.5711751 ], [ 27.0538521, -18.5711396 ] ] ] ] } },
{ "type": "Feature", "properties": { "full_id": "w484728657", "osm_id": "484728657", "osm_type": "way", "waterway": null, "building": "yes", "name": null, "amenity": null, "brand": null, "wheelchair": null, "tourism": null }, "geometry": { "type": "MultiPolygon", "coordinates": [ [ [ [ 27.0542394, -18.5756617 ], [ 27.0543467, -18.5756667 ], [ 27.0543406, -18.5757816 ], [ 27.0542333, -18.5757765 ], [ 27.0542394, -18.5756617 ] ] ] ] } },
{ "type": "Feature", "properties": { "full_id": "w484728954", "osm_id": "484728954", "osm_type": "way", "waterway": null, "building": "yes", "name": null, "amenity": null, "brand": null, "wheelchair": null, "tourism": null }, "geometry": { "type": "MultiPolygon", "coordinates": [ [ [ [ 27.0528489, -18.5750082 ], [ 27.0528668, -18.5749781 ], [ 27.0529097, -18.5750009 ], [ 27.0528918, -18.5750311 ], [ 27.0528489, -18.5750082 ] ] ] ] } },
{ "type": "Feature", "properties": { "full_id": "w484728959", "osm_id": "484728959", "osm_type": "way", "waterway": null, "building": "yes", "name": null, "amenity": null, "brand": null, "wheelchair": null, "tourism": null }, "geometry": { "type": "MultiPolygon", "coordinates": [ [ [ [ 27.0527497, -18.5749091 ], [ 27.0527974, -18.5749141 ], [ 27.052792, -18.5749599 ], [ 27.0527443, -18.5749548 ], [ 27.0527497, -18.5749091 ] ] ] ] } },
{ "type": "Feature", "properties": { "full_id": "w484728960", "osm_id": "484728960", "osm_type": "way", "waterway": null, "building": "yes", "name": null, "amenity": null, "brand": null, "wheelchair": null, "tourism": null }, "geometry": { "type": "MultiPolygon", "coordinates": [ [ [ [ 27.0513362, -18.5756489 ], [ 27.0513628, -18.5756349 ], [ 27.0513762, -18.5756578 ], [ 27.0513496, -18.5756718 ], [ 27.0513362, -18.5756489 ] ] ] ] } },
{ "type": "Feature", "properties": { "full_id": "w484728961", "osm_id": "484728961", "osm_type": "way", "waterway": null, "building": "yes", "name": null, "amenity": null, "brand": null, "wheelchair": null, "tourism": null }, "geometry": { "type": "MultiPolygon", "coordinates": [ [ [ [ 27.0512932, -18.5756642 ], [ 27.0513276, -18.575687 ], [ 27.0513088, -18.5757124 ], [ 27.0512745, -18.5756896 ], [ 27.0512932, -18.5756642 ] ] ] ] } },
{ "type": "Feature", "properties": { "full_id": "w484728962", "osm_id": "484728962", "osm_type": "way", "waterway": null, "building": "yes", "name": null, "amenity": null, "brand": null, "wheelchair": null, "tourism": null }, "geometry": { "type": "MultiPolygon", "coordinates": [ [ [ [ 27.0512611, -18.5757354 ], [ 27.0513125, -18.5757224 ], [ 27.0513232, -18.5757605 ], [ 27.0512718, -18.5757735 ], [ 27.0512611, -18.5757354 ] ] ] ] } },
{ "type": "Feature", "properties": { "full_id": "w484728963", "osm_id": "484728963", "osm_type": "way", "waterway": null, "building": "yes", "name": null, "amenity": null, "brand": null, "wheelchair": null, "tourism": null }, "geometry": { "type": "MultiPolygon", "coordinates": [ [ [ [ 27.0511618, -18.5756464 ], [ 27.0512101, -18.5756311 ], [ 27.0512348, -18.5757013 ], [ 27.0511865, -18.5757166 ], [ 27.0511618, -18.5756464 ] ] ] ] } },
{ "type": "Feature", "properties": { "full_id": "w484728964", "osm_id": "484728964", "osm_type": "way", "waterway": null, "building": "yes", "name": null, "amenity": null, "brand": null, "wheelchair": null, "tourism": null }, "geometry": { "type": "MultiPolygon", "coordinates": [ [ [ [ 27.0511404, -18.5757684 ], [ 27.0511886, -18.5757481 ], [ 27.0512229, -18.5758212 ], [ 27.0511746, -18.5758416 ], [ 27.0511404, -18.5757684 ] ] ] ] } },
{ "type": "Feature", "properties": { "full_id": "w484729443", "osm_id": "484729443", "osm_type": "way", "waterway": null, "building": "yes", "name": null, "amenity": null, "brand": null, "wheelchair": null, "tourism": null }, "geometry": { "type": "MultiPolygon", "coordinates": [ [ [ [ 27.038934, -18.5655827 ], [ 27.0389177, -18.5655769 ], [ 27.0389115, -18.5655615 ], [ 27.0389139, -18.5655534 ], [ 27.0389268, -18.5655435 ], [ 27.0389353, -18.5655429 ], [ 27.0389496, -18.565551 ], [ 27.0389533, -18.5655663 ], [ 27.0389458, -18.5655783 ], [ 27.038934, -18.5655827 ] ] ] ] } },
{ "type": "Feature", "properties": { "full_id": "w484729444", "osm_id": "484729444", "osm_type": "way", "waterway": null, "building": "yes", "name": null, "amenity": null, "brand": null, "wheelchair": null, "tourism": null }, "geometry": { "type": "MultiPolygon", "coordinates": [ [ [ [ 27.0395724, -18.5674506 ], [ 27.0395875, -18.567411 ], [ 27.0396527, -18.5674333 ], [ 27.0396377, -18.5674729 ], [ 27.0395724, -18.5674506 ] ] ] ] } },
{ "type": "Feature", "properties": { "full_id": "w484729445", "osm_id": "484729445", "osm_type": "way", "waterway": null, "building": "yes", "name": null, "amenity": null, "brand": null, "wheelchair": null, "tourism": null }, "geometry": { "type": "MultiPolygon", "coordinates": [ [ [ [ 27.0386833, -18.5672918 ], [ 27.0386718, -18.5672944 ], [ 27.0386604, -18.5672876 ], [ 27.0386581, -18.5672749 ], [ 27.0386667, -18.567265 ], [ 27.0386734, -18.5672633 ], [ 27.0386852, -18.5672675 ], [ 27.038689, -18.5672724 ], [ 27.0386895, -18.5672843 ], [ 27.0386833, -18.5672918 ] ] ] ] } },
{ "type": "Feature", "properties": { "full_id": "w484729446", "osm_id": "484729446", "osm_type": "way", "waterway": null, "building": "yes", "name": null, "amenity": null, "brand": null, "wheelchair": null, "tourism": null }, "geometry": { "type": "MultiPolygon", "coordinates": [ [ [ [ 27.0384895, -18.5671381 ], [ 27.0384792, -18.5671326 ], [ 27.0384758, -18.5671223 ], [ 27.0384773, -18.5671169 ], [ 27.0384856, -18.5671095 ], [ 27.0384919, -18.5671084 ], [ 27.0385032, -18.5671135 ], [ 27.0385071, -18.5671248 ], [ 27.0385013, -18.5671349 ], [ 27.0384895, -18.5671381 ] ] ] ] } },
{ "type": "Feature", "properties": { "full_id": "w484729447", "osm_id": "484729447", "osm_type": "way", "waterway": null, "building": "yes", "name": null, "amenity": null, "brand": null, "wheelchair": null, "tourism": null }, "geometry": { "type": "MultiPolygon", "coordinates": [ [ [ [ 27.0384782, -18.5672018 ], [ 27.0384643, -18.5672004 ], [ 27.0384546, -18.5671897 ], [ 27.0384537, -18.5671826 ], [ 27.0384602, -18.56717 ], [ 27.0384742, -18.5671654 ], [ 27.0384822, -18.5671675 ], [ 27.0384921, -18.5671796 ], [ 27.038489, -18.5671947 ], [ 27.0384782, -18.5672018 ] ] ] ] } },
{ "type": "Feature", "properties": { "full_id": "w484729448", "osm_id": "484729448", "osm_type": "way", "waterway": null, "building": "yes", "name": null, "amenity": null, "brand": null, "wheelchair": null, "tourism": null }, "geometry": { "type": "MultiPolygon", "coordinates": [ [ [ [ 27.038294, -18.5673116 ], [ 27.0382981, -18.5673038 ], [ 27.0383024, -18.5673019 ], [ 27.0383113, -18.567304 ], [ 27.0383151, -18.5673121 ], [ 27.0383138, -18.5673164 ], [ 27.0383079, -18.5673211 ], [ 27.0383002, -18.5673208 ], [ 27.0382954, -18.5673166 ], [ 27.038294, -18.5673116 ] ] ] ] } },
{ "type": "Feature", "properties": { "full_id": "w484729449", "osm_id": "484729449", "osm_type": "way", "waterway": null, "building": "yes", "name": null, "amenity": null, "brand": null, "wheelchair": null, "tourism": null }, "geometry": { "type": "MultiPolygon", "coordinates": [ [ [ [ 27.0383066, -18.5672788 ], [ 27.0383146, -18.5672241 ], [ 27.0383727, -18.5672318 ], [ 27.0383647, -18.5672865 ], [ 27.0383066, -18.5672788 ] ] ] ] } },
{ "type": "Feature", "properties": { "full_id": "w484729450", "osm_id": "484729450", "osm_type": "way", "waterway": null, "building": "yes", "name": null, "amenity": null, "brand": null, "wheelchair": null, "tourism": null }, "geometry": { "type": "MultiPolygon", "coordinates": [ [ [ [ 27.0384695, -18.567322 ], [ 27.0384742, -18.5672941 ], [ 27.0385164, -18.5673005 ], [ 27.0385118, -18.5673283 ], [ 27.0384695, -18.567322 ] ] ] ] } },
{ "type": "Feature", "properties": { "full_id": "w484729451", "osm_id": "484729451", "osm_type": "way", "waterway": null, "building": "yes", "name": null, "amenity": null, "brand": null, "wheelchair": null, "tourism": null }, "geometry": { "type": "MultiPolygon", "coordinates": [ [ [ [ 27.0383569, -18.5671675 ], [ 27.0383735, -18.5671282 ], [ 27.0384271, -18.5671485 ], [ 27.0384105, -18.5671879 ], [ 27.0383569, -18.5671675 ] ] ] ] } },
{ "type": "Feature", "properties": { "full_id": "w484729529", "osm_id": "484729529", "osm_type": "way", "waterway": null, "building": "yes", "name": null, "amenity": null, "brand": null, "wheelchair": null, "tourism": null }, "geometry": { "type": "MultiPolygon", "coordinates": [ [ [ [ 27.0693852, -18.5735666 ], [ 27.0693799, -18.5736277 ], [ 27.0693093, -18.5736221 ], [ 27.0693147, -18.5735611 ], [ 27.0693852, -18.5735666 ] ] ] ] } },
{ "type": "Feature", "properties": { "full_id": "w484729533", "osm_id": "484729533", "osm_type": "way", "waterway": null, "building": "yes", "name": null, "amenity": null, "brand": null, "wheelchair": null, "tourism": null }, "geometry": { "type": "MultiPolygon", "coordinates": [ [ [ [ 27.069911, -18.5738616 ], [ 27.0698949, -18.5737599 ], [ 27.0699631, -18.5737502 ], [ 27.0699792, -18.5738522 ], [ 27.069911, -18.5738616 ] ] ] ] } },
{ "type": "Feature", "properties": { "full_id": "w484729534", "osm_id": "484729534", "osm_type": "way", "waterway": null, "building": "yes", "name": null, "amenity": null, "brand": null, "wheelchair": null, "tourism": null }, "geometry": { "type": "MultiPolygon", "coordinates": [ [ [ [ 27.0694603, -18.5739989 ], [ 27.0696051, -18.5739926 ], [ 27.0696105, -18.5741045 ], [ 27.0694657, -18.5741107 ], [ 27.0694603, -18.5739989 ] ] ] ] } },
{ "type": "Feature", "properties": { "full_id": "w484729535", "osm_id": "484729535", "osm_type": "way", "waterway": null, "building": "yes", "name": null, "amenity": null, "brand": null, "wheelchair": null, "tourism": null }, "geometry": { "type": "MultiPolygon", "coordinates": [ [ [ [ 27.0693799, -18.5736277 ], [ 27.0694603, -18.5736277 ], [ 27.0694603, -18.5736938 ], [ 27.0693799, -18.5736938 ], [ 27.0693799, -18.5736277 ] ] ] ] } },
{ "type": "Feature", "properties": { "full_id": "w484729536", "osm_id": "484729536", "osm_type": "way", "waterway": null, "building": "yes", "name": null, "amenity": null, "brand": null, "wheelchair": null, "tourism": null }, "geometry": { "type": "MultiPolygon", "coordinates": [ [ [ [ 27.069911, -18.5738616 ], [ 27.0699792, -18.5738522 ], [ 27.0699831, -18.5738516 ], [ 27.0700135, -18.5739611 ], [ 27.0699431, -18.5739785 ], [ 27.069911, -18.5738616 ] ] ] ] } },
{ "type": "Feature", "properties": { "full_id": "w484729838", "osm_id": "484729838", "osm_type": "way", "waterway": null, "building": "yes", "name": null, "amenity": null, "brand": null, "wheelchair": null, "tourism": null }, "geometry": { "type": "MultiPolygon", "coordinates": [ [ [ [ 27.0566783, -18.5686516 ], [ 27.0568004, -18.5686019 ], [ 27.0568326, -18.5686731 ], [ 27.0567105, -18.5687227 ], [ 27.0566783, -18.5686516 ] ] ] ] } },
{ "type": "Feature", "properties": { "full_id": "w484729839", "osm_id": "484729839", "osm_type": "way", "waterway": null, "building": "yes", "name": null, "amenity": null, "brand": null, "wheelchair": null, "tourism": null }, "geometry": { "type": "MultiPolygon", "coordinates": [ [ [ [ 27.0567909, -18.5687583 ], [ 27.0568545, -18.5687215 ], [ 27.0569135, -18.568813 ], [ 27.0568499, -18.5688499 ], [ 27.0567909, -18.5687583 ] ] ] ] } },
{ "type": "Feature", "properties": { "full_id": "w484729840", "osm_id": "484729840", "osm_type": "way", "waterway": null, "building": "yes", "name": null, "amenity": null, "brand": null, "wheelchair": null, "tourism": null }, "geometry": { "type": "MultiPolygon", "coordinates": [ [ [ [ 27.0571933, -18.5699279 ], [ 27.0573053, -18.5699203 ], [ 27.0573107, -18.5699915 ], [ 27.0571986, -18.5699991 ], [ 27.0571933, -18.5699279 ] ] ] ] } },
{ "type": "Feature", "properties": { "full_id": "w484730520", "osm_id": "484730520", "osm_type": "way", "waterway": null, "building": "yes", "name": null, "amenity": null, "brand": null, "wheelchair": null, "tourism": null }, "geometry": { "type": "MultiPolygon", "coordinates": [ [ [ [ 27.0574561, -18.5725838 ], [ 27.0574856, -18.5725558 ], [ 27.05755, -18.5726168 ], [ 27.0575205, -18.5726448 ], [ 27.0574561, -18.5725838 ] ] ] ] } },
{ "type": "Feature", "properties": { "full_id": "w484730521", "osm_id": "484730521", "osm_type": "way", "waterway": null, "building": "yes", "name": null, "amenity": null, "brand": null, "wheelchair": null, "tourism": null }, "geometry": { "type": "MultiPolygon", "coordinates": [ [ [ [ 27.057322, -18.5726753 ], [ 27.057361, -18.5726088 ], [ 27.0574575, -18.5726597 ], [ 27.0574186, -18.5727261 ], [ 27.057322, -18.5726753 ] ] ] ] } },
{ "type": "Feature", "properties": { "full_id": "w484730522", "osm_id": "484730522", "osm_type": "way", "waterway": null, "building": "yes", "name": null, "amenity": null, "brand": null, "wheelchair": null, "tourism": null }, "geometry": { "type": "MultiPolygon", "coordinates": [ [ [ [ 27.0574347, -18.5723702 ], [ 27.0575281, -18.5723348 ], [ 27.0575495, -18.5723856 ], [ 27.0574561, -18.572421 ], [ 27.0574347, -18.5723702 ] ] ] ] } },
{ "type": "Feature", "properties": { "full_id": "w484732076", "osm_id": "484732076", "osm_type": "way", "waterway": null, "building": "yes", "name": null, "amenity": null, "brand": null, "wheelchair": null, "tourism": null }, "geometry": { "type": "MultiPolygon", "coordinates": [ [ [ [ 27.0585102, -18.5821725 ], [ 27.0585443, -18.5821591 ], [ 27.0585631, -18.5822024 ], [ 27.058529, -18.5822157 ], [ 27.0585102, -18.5821725 ] ] ] ] } },
{ "type": "Feature", "properties": { "full_id": "w484732078", "osm_id": "484732078", "osm_type": "way", "waterway": null, "building": "yes", "name": null, "amenity": null, "brand": null, "wheelchair": null, "tourism": null }, "geometry": { "type": "MultiPolygon", "coordinates": [ [ [ [ 27.0584566, -18.5822665 ], [ 27.0585085, -18.582245 ], [ 27.0585273, -18.5822857 ], [ 27.0584753, -18.5823072 ], [ 27.0584566, -18.5822665 ] ] ] ] } },
{ "type": "Feature", "properties": { "full_id": "w484732080", "osm_id": "484732080", "osm_type": "way", "waterway": null, "building": "yes", "name": null, "amenity": null, "brand": null, "wheelchair": null, "tourism": null }, "geometry": { "type": "MultiPolygon", "coordinates": [ [ [ [ 27.0591083, -18.5831106 ], [ 27.0591534, -18.5830978 ], [ 27.0591695, -18.5831486 ], [ 27.0591244, -18.5831614 ], [ 27.0591083, -18.5831106 ] ] ] ] } },
{ "type": "Feature", "properties": { "full_id": "w484732082", "osm_id": "484732082", "osm_type": "way", "waterway": null, "building": "yes", "name": null, "amenity": null, "brand": null, "wheelchair": null, "tourism": null }, "geometry": { "type": "MultiPolygon", "coordinates": [ [ [ [ 27.0589716, -18.5830191 ], [ 27.0590306, -18.5830191 ], [ 27.0590306, -18.5830775 ], [ 27.0589716, -18.5830775 ], [ 27.0589716, -18.5830191 ] ] ] ] } },
{ "type": "Feature", "properties": { "full_id": "w484732083", "osm_id": "484732083", "osm_type": "way", "waterway": null, "building": "yes", "name": null, "amenity": null, "brand": null, "wheelchair": null, "tourism": null }, "geometry": { "type": "MultiPolygon", "coordinates": [ [ [ [ 27.0575151, -18.5822157 ], [ 27.0575956, -18.5822157 ], [ 27.0575956, -18.5822767 ], [ 27.0575151, -18.5822767 ], [ 27.0575151, -18.5822157 ] ] ] ] } },
{ "type": "Feature", "properties": { "full_id": "w484732085", "osm_id": "484732085", "osm_type": "way", "waterway": null, "building": "yes", "name": null, "amenity": null, "brand": null, "wheelchair": null, "tourism": null }, "geometry": { "type": "MultiPolygon", "coordinates": [ [ [ [ 27.0591459, -18.5830598 ], [ 27.0590728, -18.5830068 ], [ 27.0591426, -18.5829203 ], [ 27.0592156, -18.5829733 ], [ 27.0591459, -18.5830598 ] ] ] ] } },
{ "type": "Feature", "properties": { "full_id": "w484732090", "osm_id": "484732090", "osm_type": "way", "waterway": null, "building": "yes", "name": null, "amenity": null, "brand": null, "wheelchair": null, "tourism": null }, "geometry": { "type": "MultiPolygon", "coordinates": [ [ [ [ 27.0589206, -18.5828309 ], [ 27.0589904, -18.5828265 ], [ 27.0589957, -18.5829028 ], [ 27.058926, -18.5829072 ], [ 27.0589206, -18.5828309 ] ] ] ] } },
{ "type": "Feature", "properties": { "full_id": "w484732092", "osm_id": "484732092", "osm_type": "way", "waterway": null, "building": "yes", "name": null, "amenity": null, "brand": null, "wheelchair": null, "tourism": null }, "geometry": { "type": "MultiPolygon", "coordinates": [ [ [ [ 27.0575205, -18.5820072 ], [ 27.0576143, -18.5819825 ], [ 27.0576411, -18.582074 ], [ 27.0575473, -18.5820987 ], [ 27.0575205, -18.5820072 ] ] ] ] } },
{ "type": "Feature", "properties": { "full_id": "w484732643", "osm_id": "484732643", "osm_type": "way", "waterway": null, "building": "yes", "name": null, "amenity": null, "brand": null, "wheelchair": null, "tourism": null }, "geometry": { "type": "MultiPolygon", "coordinates": [ [ [ [ 27.0543145, -18.5814784 ], [ 27.0544041, -18.5814671 ], [ 27.0544148, -18.5815433 ], [ 27.0543252, -18.5815547 ], [ 27.0543145, -18.5814784 ] ] ] ] } },
{ "type": "Feature", "properties": { "full_id": "w484732644", "osm_id": "484732644", "osm_type": "way", "waterway": null, "building": "yes", "name": null, "amenity": null, "brand": null, "wheelchair": null, "tourism": null }, "geometry": { "type": "MultiPolygon", "coordinates": [ [ [ [ 27.0543306, -18.5813411 ], [ 27.0544057, -18.5813411 ], [ 27.0544057, -18.5814123 ], [ 27.0543306, -18.5814123 ], [ 27.0543306, -18.5813411 ] ] ] ] } },
{ "type": "Feature", "properties": { "full_id": "w484732645", "osm_id": "484732645", "osm_type": "way", "waterway": null, "building": "yes", "name": null, "amenity": null, "brand": null, "wheelchair": null, "tourism": null }, "geometry": { "type": "MultiPolygon", "coordinates": [ [ [ [ 27.0561867, -18.5828157 ], [ 27.0562511, -18.5828157 ], [ 27.0562511, -18.5828818 ], [ 27.0561867, -18.5828818 ], [ 27.0561867, -18.5828157 ] ] ] ] } },
{ "type": "Feature", "properties": { "full_id": "w484732646", "osm_id": "484732646", "osm_type": "way", "waterway": null, "building": "yes", "name": null, "amenity": null, "brand": null, "wheelchair": null, "tourism": null }, "geometry": { "type": "MultiPolygon", "coordinates": [ [ [ [ 27.0557414, -18.5816665 ], [ 27.0558104, -18.5816619 ], [ 27.0558158, -18.581733 ], [ 27.0557468, -18.5817377 ], [ 27.0557414, -18.5816665 ] ] ] ] } },
{ "type": "Feature", "properties": { "full_id": "w484732647", "osm_id": "484732647", "osm_type": "way", "waterway": null, "building": "yes", "name": null, "amenity": null, "brand": null, "wheelchair": null, "tourism": null }, "geometry": { "type": "MultiPolygon", "coordinates": [ [ [ [ 27.0552157, -18.5819157 ], [ 27.0553057, -18.5819257 ], [ 27.055295, -18.5820122 ], [ 27.055205, -18.5820021 ], [ 27.0552157, -18.5819157 ] ] ] ] } },
{ "type": "Feature", "properties": { "full_id": "w484732648", "osm_id": "484732648", "osm_type": "way", "waterway": null, "building": "yes", "name": null, "amenity": null, "brand": null, "wheelchair": null, "tourism": null }, "geometry": { "type": "MultiPolygon", "coordinates": [ [ [ [ 27.0544325, -18.5814733 ], [ 27.0545206, -18.581489 ], [ 27.0545045, -18.5815703 ], [ 27.0544164, -18.5815547 ], [ 27.0544325, -18.5814733 ] ] ] ] } },
{ "type": "Feature", "properties": { "full_id": "w484733139", "osm_id": "484733139", "osm_type": "way", "waterway": null, "building": "yes", "name": null, "amenity": null, "brand": null, "wheelchair": null, "tourism": null }, "geometry": { "type": "MultiPolygon", "coordinates": [ [ [ [ 27.0511833, -18.5789802 ], [ 27.0512456, -18.5789909 ], [ 27.0512349, -18.5790468 ], [ 27.0511725, -18.5790361 ], [ 27.0511833, -18.5789802 ] ] ] ] } },
{ "type": "Feature", "properties": { "full_id": "w484733141", "osm_id": "484733141", "osm_type": "way", "waterway": null, "building": "yes", "name": null, "amenity": null, "brand": null, "wheelchair": null, "tourism": null }, "geometry": { "type": "MultiPolygon", "coordinates": [ [ [ [ 27.0532217, -18.5788124 ], [ 27.0533033, -18.5787737 ], [ 27.0533355, -18.5788347 ], [ 27.0532539, -18.5788734 ], [ 27.0532217, -18.5788124 ] ] ] ] } },
{ "type": "Feature", "properties": { "full_id": "w484733791", "osm_id": "484733791", "osm_type": "way", "waterway": null, "building": "yes", "name": null, "amenity": null, "brand": null, "wheelchair": null, "tourism": null }, "geometry": { "type": "MultiPolygon", "coordinates": [ [ [ [ 27.0529305, -18.5632991 ], [ 27.0530034, -18.5632809 ], [ 27.0530302, -18.5633775 ], [ 27.0529573, -18.5633957 ], [ 27.0529305, -18.5632991 ] ] ] ] } },
{ "type": "Feature", "properties": { "full_id": "w484733792", "osm_id": "484733792", "osm_type": "way", "waterway": null, "building": "yes", "name": null, "amenity": null, "brand": null, "wheelchair": null, "tourism": null }, "geometry": { "type": "MultiPolygon", "coordinates": [ [ [ [ 27.056235, -18.5636855 ], [ 27.0563154, -18.5636652 ], [ 27.0563387, -18.5637478 ], [ 27.0562582, -18.5637681 ], [ 27.056235, -18.5636855 ] ] ] ] } },
{ "type": "Feature", "properties": { "full_id": "w484733793", "osm_id": "484733793", "osm_type": "way", "waterway": null, "building": "yes", "name": null, "amenity": null, "brand": null, "wheelchair": null, "tourism": null }, "geometry": { "type": "MultiPolygon", "coordinates": [ [ [ [ 27.0561491, -18.5637974 ], [ 27.0562653, -18.5637699 ], [ 27.0562921, -18.5638716 ], [ 27.056176, -18.5638991 ], [ 27.0561491, -18.5637974 ] ] ] ] } },
{ "type": "Feature", "properties": { "full_id": "w484735487", "osm_id": "484735487", "osm_type": "way", "waterway": null, "building": "yes", "name": null, "amenity": null, "brand": null, "wheelchair": null, "tourism": null }, "geometry": { "type": "MultiPolygon", "coordinates": [ [ [ [ 27.041205, -18.5646307 ], [ 27.0412708, -18.5645717 ], [ 27.0413461, -18.5646473 ], [ 27.0412803, -18.5647062 ], [ 27.041205, -18.5646307 ] ] ] ] } },
{ "type": "Feature", "properties": { "full_id": "w484735488", "osm_id": "484735488", "osm_type": "way", "waterway": null, "building": "yes", "name": null, "amenity": null, "brand": null, "wheelchair": null, "tourism": null }, "geometry": { "type": "MultiPolygon", "coordinates": [ [ [ [ 27.0407298, -18.5639908 ], [ 27.04079, -18.5640002 ], [ 27.040777, -18.5640753 ], [ 27.0407168, -18.564066 ], [ 27.0407298, -18.5639908 ] ] ] ] } },
{ "type": "Feature", "properties": { "full_id": "w484735489", "osm_id": "484735489", "osm_type": "way", "waterway": null, "building": "yes", "name": null, "amenity": null, "brand": null, "wheelchair": null, "tourism": null }, "geometry": { "type": "MultiPolygon", "coordinates": [ [ [ [ 27.0415427, -18.5642138 ], [ 27.0415884, -18.5642345 ], [ 27.041566, -18.5642789 ], [ 27.0415203, -18.5642582 ], [ 27.0415427, -18.5642138 ] ] ] ] } },
{ "type": "Feature", "properties": { "full_id": "w484735490", "osm_id": "484735490", "osm_type": "way", "waterway": null, "building": "yes", "name": null, "amenity": null, "brand": null, "wheelchair": null, "tourism": null }, "geometry": { "type": "MultiPolygon", "coordinates": [ [ [ [ 27.0423411, -18.563829 ], [ 27.0423847, -18.5638639 ], [ 27.042349, -18.5639039 ], [ 27.0423055, -18.5638691 ], [ 27.0423411, -18.563829 ] ] ] ] } },
{ "type": "Feature", "properties": { "full_id": "w484735922", "osm_id": "484735922", "osm_type": "way", "waterway": null, "building": "yes", "name": null, "amenity": null, "brand": null, "wheelchair": null, "tourism": null }, "geometry": { "type": "MultiPolygon", "coordinates": [ [ [ [ 27.0371731, -18.5667086 ], [ 27.0372253, -18.5667358 ], [ 27.037198, -18.566783 ], [ 27.0371457, -18.5667558 ], [ 27.0371731, -18.5667086 ] ] ] ] } },
{ "type": "Feature", "properties": { "full_id": "w484736097", "osm_id": "484736097", "osm_type": "way", "waterway": null, "building": "yes", "name": null, "amenity": null, "brand": null, "wheelchair": null, "tourism": null }, "geometry": { "type": "MultiPolygon", "coordinates": [ [ [ [ 27.0389462, -18.5654134 ], [ 27.0390253, -18.5654182 ], [ 27.0390191, -18.5655103 ], [ 27.0389399, -18.5655055 ], [ 27.0389462, -18.5654134 ] ] ] ] } },
{ "type": "Feature", "properties": { "full_id": "w484736098", "osm_id": "484736098", "osm_type": "way", "waterway": null, "building": "yes", "name": null, "amenity": null, "brand": null, "wheelchair": null, "tourism": null }, "geometry": { "type": "MultiPolygon", "coordinates": [ [ [ [ 27.0391718, -18.5654553 ], [ 27.0392113, -18.565458 ], [ 27.0392054, -18.5655355 ], [ 27.0391659, -18.5655328 ], [ 27.0391718, -18.5654553 ] ] ] ] } },
{ "type": "Feature", "properties": { "full_id": "w484736099", "osm_id": "484736099", "osm_type": "way", "waterway": null, "building": "yes", "name": null, "amenity": null, "brand": null, "wheelchair": null, "tourism": null }, "geometry": { "type": "MultiPolygon", "coordinates": [ [ [ [ 27.0391605, -18.5638711 ], [ 27.0392288, -18.5638293 ], [ 27.0392578, -18.5638719 ], [ 27.0391895, -18.5639137 ], [ 27.0391605, -18.5638711 ] ] ] ] } },
{ "type": "Feature", "properties": { "full_id": "w484736731", "osm_id": "484736731", "osm_type": "way", "waterway": null, "building": "yes", "name": null, "amenity": null, "brand": null, "wheelchair": null, "tourism": null }, "geometry": { "type": "MultiPolygon", "coordinates": [ [ [ [ 27.0363487, -18.5633964 ], [ 27.0363657, -18.5634189 ], [ 27.0363616, -18.5634371 ], [ 27.0363467, -18.5634493 ], [ 27.036327, -18.5634502 ], [ 27.0363109, -18.5634395 ], [ 27.036305, -18.5634217 ], [ 27.036312, -18.563404 ], [ 27.036329, -18.5633942 ], [ 27.0363487, -18.5633964 ] ] ] ] } },
{ "type": "Feature", "properties": { "full_id": "w484736734", "osm_id": "484736734", "osm_type": "way", "waterway": null, "building": "yes", "name": null, "amenity": null, "brand": null, "wheelchair": null, "tourism": null }, "geometry": { "type": "MultiPolygon", "coordinates": [ [ [ [ 27.0364794, -18.563449 ], [ 27.0365218, -18.5634644 ], [ 27.0364863, -18.5635521 ], [ 27.036444, -18.5635367 ], [ 27.0364794, -18.563449 ] ] ] ] } },
{ "type": "Feature", "properties": { "full_id": "w484736736", "osm_id": "484736736", "osm_type": "way", "waterway": null, "building": "yes", "name": null, "amenity": null, "brand": null, "wheelchair": null, "tourism": null }, "geometry": { "type": "MultiPolygon", "coordinates": [ [ [ [ 27.036811, -18.5647081 ], [ 27.036884, -18.5647318 ], [ 27.0368594, -18.5647999 ], [ 27.0367864, -18.5647762 ], [ 27.036811, -18.5647081 ] ] ] ] } },
{ "type": "Feature", "properties": { "full_id": "w484736738", "osm_id": "484736738", "osm_type": "way", "waterway": null, "building": "yes", "name": null, "amenity": null, "brand": null, "wheelchair": null, "tourism": null }, "geometry": { "type": "MultiPolygon", "coordinates": [ [ [ [ 27.0366185, -18.5653558 ], [ 27.0366563, -18.5653397 ], [ 27.0366722, -18.5653731 ], [ 27.0366344, -18.5653892 ], [ 27.0366185, -18.5653558 ] ] ] ] } },
{ "type": "Feature", "properties": { "full_id": "w484736740", "osm_id": "484736740", "osm_type": "way", "waterway": null, "building": "yes", "name": null, "amenity": null, "brand": null, "wheelchair": null, "tourism": null }, "geometry": { "type": "MultiPolygon", "coordinates": [ [ [ [ 27.0364981, -18.565393 ], [ 27.0365733, -18.5653609 ], [ 27.036591, -18.5653983 ], [ 27.0365158, -18.5654304 ], [ 27.0364981, -18.565393 ] ] ] ] } },
{ "type": "Feature", "properties": { "full_id": "w484736741", "osm_id": "484736741", "osm_type": "way", "waterway": null, "building": "yes", "name": null, "amenity": null, "brand": null, "wheelchair": null, "tourism": null }, "geometry": { "type": "MultiPolygon", "coordinates": [ [ [ [ 27.0364398, -18.565409 ], [ 27.036479, -18.5653901 ], [ 27.0365026, -18.5654341 ], [ 27.0364634, -18.565453 ], [ 27.0364398, -18.565409 ] ] ] ] } },
{ "type": "Feature", "properties": { "full_id": "w484739084", "osm_id": "484739084", "osm_type": "way", "waterway": null, "building": "yes", "name": null, "amenity": null, "brand": null, "wheelchair": null, "tourism": null }, "geometry": { "type": "MultiPolygon", "coordinates": [ [ [ [ 27.0548027, -18.5879234 ], [ 27.0548322, -18.5879527 ], [ 27.0548074, -18.5879752 ], [ 27.0547779, -18.5879459 ], [ 27.0548027, -18.5879234 ] ] ] ] } },
{ "type": "Feature", "properties": { "full_id": "w484739085", "osm_id": "484739085", "osm_type": "way", "waterway": null, "building": "yes", "name": null, "amenity": null, "brand": null, "wheelchair": null, "tourism": null }, "geometry": { "type": "MultiPolygon", "coordinates": [ [ [ [ 27.0547631, -18.5880639 ], [ 27.0547839, -18.5881529 ], [ 27.05471, -18.5881684 ], [ 27.0546892, -18.5880794 ], [ 27.0547631, -18.5880639 ] ] ] ] } },
{ "type": "Feature", "properties": { "full_id": "w484739764", "osm_id": "484739764", "osm_type": "way", "waterway": null, "building": "yes", "name": null, "amenity": null, "brand": null, "wheelchair": null, "tourism": null }, "geometry": { "type": "MultiPolygon", "coordinates": [ [ [ [ 27.0574802, -18.5882549 ], [ 27.0575205, -18.5882879 ], [ 27.0575, -18.5883103 ], [ 27.0574598, -18.5882773 ], [ 27.0574802, -18.5882549 ] ] ] ] } },
{ "type": "Feature", "properties": { "full_id": "w484739765", "osm_id": "484739765", "osm_type": "way", "waterway": null, "building": "yes", "name": null, "amenity": null, "brand": null, "wheelchair": null, "tourism": null }, "geometry": { "type": "MultiPolygon", "coordinates": [ [ [ [ 27.0589722, -18.5873562 ], [ 27.0590087, -18.5873643 ], [ 27.058999, -18.5874032 ], [ 27.0589626, -18.5873951 ], [ 27.0589722, -18.5873562 ] ] ] ] } },
{ "type": "Feature", "properties": { "full_id": "w484739767", "osm_id": "484739767", "osm_type": "way", "waterway": null, "building": "yes", "name": null, "amenity": null, "brand": null, "wheelchair": null, "tourism": null }, "geometry": { "type": "MultiPolygon", "coordinates": [ [ [ [ 27.0590956, -18.5874337 ], [ 27.0591295, -18.5874412 ], [ 27.0591197, -18.5874808 ], [ 27.0590859, -18.5874732 ], [ 27.0590956, -18.5874337 ] ] ] ] } },
{ "type": "Feature", "properties": { "full_id": "w484739768", "osm_id": "484739768", "osm_type": "way", "waterway": null, "building": "yes", "name": null, "amenity": null, "brand": null, "wheelchair": null, "tourism": null }, "geometry": { "type": "MultiPolygon", "coordinates": [ [ [ [ 27.0588509, -18.5874534 ], [ 27.0588969, -18.5874636 ], [ 27.0588911, -18.5874871 ], [ 27.0588451, -18.5874769 ], [ 27.0588509, -18.5874534 ] ] ] ] } },
{ "type": "Feature", "properties": { "full_id": "w484739770", "osm_id": "484739770", "osm_type": "way", "waterway": null, "building": "yes", "name": null, "amenity": null, "brand": null, "wheelchair": null, "tourism": null }, "geometry": { "type": "MultiPolygon", "coordinates": [ [ [ [ 27.057181, -18.588512 ], [ 27.0572661, -18.5885309 ], [ 27.0572491, -18.5885996 ], [ 27.057164, -18.5885808 ], [ 27.057181, -18.588512 ] ] ] ] } },
{ "type": "Feature", "properties": { "full_id": "w484739771", "osm_id": "484739771", "osm_type": "way", "waterway": null, "building": "yes", "name": null, "amenity": null, "brand": null, "wheelchair": null, "tourism": null }, "geometry": { "type": "MultiPolygon", "coordinates": [ [ [ [ 27.0570591, -18.5886302 ], [ 27.0570925, -18.5886157 ], [ 27.0571222, -18.5886772 ], [ 27.0570888, -18.5886917 ], [ 27.0570591, -18.5886302 ] ] ] ] } },
{ "type": "Feature", "properties": { "full_id": "w484739807", "osm_id": "484739807", "osm_type": "way", "waterway": null, "building": "yes", "name": null, "amenity": null, "brand": null, "wheelchair": null, "tourism": null }, "geometry": { "type": "MultiPolygon", "coordinates": [ [ [ [ 27.0638452, -18.5870041 ], [ 27.0638938, -18.5870045 ], [ 27.0638986, -18.5870938 ], [ 27.0638355, -18.5870884 ], [ 27.0638452, -18.5870041 ] ] ] ] } },
{ "type": "Feature", "properties": { "full_id": "w484739808", "osm_id": "484739808", "osm_type": "way", "waterway": null, "building": "yes", "name": null, "amenity": null, "brand": null, "wheelchair": null, "tourism": null }, "geometry": { "type": "MultiPolygon", "coordinates": [ [ [ [ 27.0639244, -18.5872619 ], [ 27.0640018, -18.5872817 ], [ 27.063978, -18.5873438 ], [ 27.0639095, -18.5873212 ], [ 27.0639244, -18.5872619 ] ] ] ] } },
{ "type": "Feature", "properties": { "full_id": "w484739809", "osm_id": "484739809", "osm_type": "way", "waterway": null, "building": "yes", "name": null, "amenity": null, "brand": null, "wheelchair": null, "tourism": null }, "geometry": { "type": "MultiPolygon", "coordinates": [ [ [ [ 27.0624506, -18.5867669 ], [ 27.0625073, -18.5867669 ], [ 27.0625102, -18.5868234 ], [ 27.0624566, -18.5868177 ], [ 27.0624506, -18.5867669 ] ] ] ] } },
{ "type": "Feature", "properties": { "full_id": "w484740042", "osm_id": "484740042", "osm_type": "way", "waterway": null, "building": "yes", "name": null, "amenity": null, "brand": null, "wheelchair": null, "tourism": null }, "geometry": { "type": "MultiPolygon", "coordinates": [ [ [ [ 27.0565505, -18.5896784 ], [ 27.056624, -18.5896779 ], [ 27.0566244, -18.5897338 ], [ 27.0565509, -18.5897343 ], [ 27.0565505, -18.5896784 ] ] ] ] } },
{ "type": "Feature", "properties": { "full_id": "w484740044", "osm_id": "484740044", "osm_type": "way", "waterway": null, "building": "yes", "name": null, "amenity": null, "brand": null, "wheelchair": null, "tourism": null }, "geometry": { "type": "MultiPolygon", "coordinates": [ [ [ [ 27.0555409, -18.5913705 ], [ 27.055565, -18.591404 ], [ 27.0555383, -18.5914212 ], [ 27.0555143, -18.5913877 ], [ 27.0555409, -18.5913705 ] ] ] ] } },
{ "type": "Feature", "properties": { "full_id": "w484740046", "osm_id": "484740046", "osm_type": "way", "waterway": null, "building": "hut", "name": null, "amenity": null, "brand": null, "wheelchair": null, "tourism": null }, "geometry": { "type": "MultiPolygon", "coordinates": [ [ [ [ 27.0558752, -18.5914203 ], [ 27.0558562, -18.5914394 ], [ 27.0558422, -18.5914416 ], [ 27.0558176, -18.5914294 ], [ 27.0558116, -18.5914172 ], [ 27.0558159, -18.5913935 ], [ 27.0558341, -18.5913803 ], [ 27.0558575, -18.5913817 ], [ 27.0558742, -18.5913977 ], [ 27.0558752, -18.5914203 ] ] ] ] } },
{ "type": "Feature", "properties": { "full_id": "w484740047", "osm_id": "484740047", "osm_type": "way", "waterway": null, "building": "hut", "name": null, "amenity": null, "brand": null, "wheelchair": null, "tourism": null }, "geometry": { "type": "MultiPolygon", "coordinates": [ [ [ [ 27.0559319, -18.5912509 ], [ 27.0559141, -18.5912582 ], [ 27.0558963, -18.5912511 ], [ 27.0558893, -18.5912341 ], [ 27.0558917, -18.5912247 ], [ 27.0559067, -18.5912124 ], [ 27.0559255, -18.591214 ], [ 27.0559372, -18.5912268 ], [ 27.0559387, -18.5912353 ], [ 27.0559319, -18.5912509 ] ] ] ] } },
{ "type": "Feature", "properties": { "full_id": "w484740049", "osm_id": "484740049", "osm_type": "way", "waterway": null, "building": "yes", "name": null, "amenity": null, "brand": null, "wheelchair": null, "tourism": null }, "geometry": { "type": "MultiPolygon", "coordinates": [ [ [ [ 27.0556502, -18.5913299 ], [ 27.0556985, -18.5912892 ], [ 27.0557278, -18.5913204 ], [ 27.0556795, -18.5913611 ], [ 27.0556502, -18.5913299 ] ] ] ] } },
{ "type": "Feature", "properties": { "full_id": "w484740050", "osm_id": "484740050", "osm_type": "way", "waterway": null, "building": "yes", "name": null, "amenity": null, "brand": null, "wheelchair": null, "tourism": null }, "geometry": { "type": "MultiPolygon", "coordinates": [ [ [ [ 27.054002, -18.5899768 ], [ 27.0540905, -18.5900759 ], [ 27.0540117, -18.5901391 ], [ 27.0539232, -18.59004 ], [ 27.054002, -18.5899768 ] ] ] ] } },
{ "type": "Feature", "properties": { "full_id": "w484740051", "osm_id": "484740051", "osm_type": "way", "waterway": null, "building": "yes", "name": null, "amenity": null, "brand": null, "wheelchair": null, "tourism": null }, "geometry": { "type": "MultiPolygon", "coordinates": [ [ [ [ 27.0539658, -18.5901903 ], [ 27.0540248, -18.5901522 ], [ 27.0540645, -18.5902073 ], [ 27.0540055, -18.5902454 ], [ 27.0539658, -18.5901903 ] ] ] ] } },
{ "type": "Feature", "properties": { "full_id": "w484740565", "osm_id": "484740565", "osm_type": "way", "waterway": null, "building": "yes", "name": null, "amenity": null, "brand": null, "wheelchair": null, "tourism": null }, "geometry": { "type": "MultiPolygon", "coordinates": [ [ [ [ 27.0592622, -18.5908772 ], [ 27.0593052, -18.590834 ], [ 27.0593445, -18.5908691 ], [ 27.0593016, -18.5909123 ], [ 27.0592622, -18.5908772 ] ] ] ] } },
{ "type": "Feature", "properties": { "full_id": "w484740566", "osm_id": "484740566", "osm_type": "way", "waterway": null, "building": "yes", "name": null, "amenity": null, "brand": null, "wheelchair": null, "tourism": null }, "geometry": { "type": "MultiPolygon", "coordinates": [ [ [ [ 27.0577377, -18.590727 ], [ 27.0577639, -18.5907588 ], [ 27.0577423, -18.5907748 ], [ 27.0577161, -18.590743 ], [ 27.0577377, -18.590727 ] ] ] ] } },
{ "type": "Feature", "properties": { "full_id": "w484740567", "osm_id": "484740567", "osm_type": "way", "waterway": null, "building": "yes", "name": null, "amenity": null, "brand": null, "wheelchair": null, "tourism": null }, "geometry": { "type": "MultiPolygon", "coordinates": [ [ [ [ 27.0577733, -18.5908694 ], [ 27.0577943, -18.5908471 ], [ 27.0578319, -18.5908788 ], [ 27.0578108, -18.5909012 ], [ 27.0577733, -18.5908694 ] ] ] ] } },
{ "type": "Feature", "properties": { "full_id": "w484740568", "osm_id": "484740568", "osm_type": "way", "waterway": null, "building": "yes", "name": null, "amenity": null, "brand": null, "wheelchair": null, "tourism": null }, "geometry": { "type": "MultiPolygon", "coordinates": [ [ [ [ 27.0576164, -18.5909797 ], [ 27.0576506, -18.5909492 ], [ 27.0576787, -18.5909775 ], [ 27.0576445, -18.591008 ], [ 27.0576164, -18.5909797 ] ] ] ] } },
{ "type": "Feature", "properties": { "full_id": "w484740569", "osm_id": "484740569", "osm_type": "way", "waterway": null, "building": "yes", "name": null, "amenity": null, "brand": null, "wheelchair": null, "tourism": null }, "geometry": { "type": "MultiPolygon", "coordinates": [ [ [ [ 27.057603, -18.5908211 ], [ 27.0576348, -18.5908458 ], [ 27.0576046, -18.5908808 ], [ 27.0575728, -18.5908561 ], [ 27.057603, -18.5908211 ] ] ] ] } },
{ "type": "Feature", "properties": { "full_id": "w484740570", "osm_id": "484740570", "osm_type": "way", "waterway": null, "building": "yes", "name": null, "amenity": null, "brand": null, "wheelchair": null, "tourism": null }, "geometry": { "type": "MultiPolygon", "coordinates": [ [ [ [ 27.0578377, -18.5893568 ], [ 27.0578584, -18.5893841 ], [ 27.0578394, -18.5893971 ], [ 27.0578186, -18.5893698 ], [ 27.0578377, -18.5893568 ] ] ] ] } },
{ "type": "Feature", "properties": { "full_id": "w484740571", "osm_id": "484740571", "osm_type": "way", "waterway": null, "building": "yes", "name": null, "amenity": null, "brand": null, "wheelchair": null, "tourism": null }, "geometry": { "type": "MultiPolygon", "coordinates": [ [ [ [ 27.0579007, -18.5893085 ], [ 27.0579302, -18.5893326 ], [ 27.0579139, -18.5893505 ], [ 27.0578844, -18.5893263 ], [ 27.0579007, -18.5893085 ] ] ] ] } },
{ "type": "Feature", "properties": { "full_id": "w484740572", "osm_id": "484740572", "osm_type": "way", "waterway": null, "building": "yes", "name": null, "amenity": null, "brand": null, "wheelchair": null, "tourism": null }, "geometry": { "type": "MultiPolygon", "coordinates": [ [ [ [ 27.0579865, -18.5893135 ], [ 27.0580194, -18.5893428 ], [ 27.0579946, -18.5893678 ], [ 27.0579617, -18.5893386 ], [ 27.0579865, -18.5893135 ] ] ] ] } },
{ "type": "Feature", "properties": { "full_id": "w484740573", "osm_id": "484740573", "osm_type": "way", "waterway": null, "building": "yes", "name": null, "amenity": null, "brand": null, "wheelchair": null, "tourism": null }, "geometry": { "type": "MultiPolygon", "coordinates": [ [ [ [ 27.0580294, -18.5892335 ], [ 27.0580549, -18.5892107 ], [ 27.0580764, -18.5892323 ], [ 27.0580509, -18.5892551 ], [ 27.0580294, -18.5892335 ] ] ] ] } },
{ "type": "Feature", "properties": { "full_id": "w484740574", "osm_id": "484740574", "osm_type": "way", "waterway": null, "building": "yes", "name": null, "amenity": null, "brand": null, "wheelchair": null, "tourism": null }, "geometry": { "type": "MultiPolygon", "coordinates": [ [ [ [ 27.0579376, -18.5891559 ], [ 27.0579579, -18.5891239 ], [ 27.0580003, -18.589148 ], [ 27.0579799, -18.5891801 ], [ 27.0579376, -18.5891559 ] ] ] ] } },
{ "type": "Feature", "properties": { "full_id": "w484741517", "osm_id": "484741517", "osm_type": "way", "waterway": null, "building": "yes", "name": null, "amenity": null, "brand": null, "wheelchair": null, "tourism": null }, "geometry": { "type": "MultiPolygon", "coordinates": [ [ [ [ 27.0779863, -18.5650261 ], [ 27.0780547, -18.5650155 ], [ 27.0780594, -18.5650429 ], [ 27.077991, -18.5650534 ], [ 27.0779863, -18.5650261 ] ] ] ] } },
{ "type": "Feature", "properties": { "full_id": "w484741638", "osm_id": "484741638", "osm_type": "way", "waterway": null, "building": "yes", "name": null, "amenity": null, "brand": null, "wheelchair": null, "tourism": null }, "geometry": { "type": "MultiPolygon", "coordinates": [ [ [ [ 27.0565955, -18.5665042 ], [ 27.0565955, -18.5664502 ], [ 27.0566545, -18.5664502 ], [ 27.0566545, -18.5665042 ], [ 27.0565955, -18.5665042 ] ] ] ] } },
{ "type": "Feature", "properties": { "full_id": "w484741639", "osm_id": "484741639", "osm_type": "way", "waterway": null, "building": "yes", "name": null, "amenity": null, "brand": null, "wheelchair": null, "tourism": null }, "geometry": { "type": "MultiPolygon", "coordinates": [ [ [ [ 27.0586215, -18.5658266 ], [ 27.0586027, -18.5658151 ], [ 27.0585988, -18.5658049 ], [ 27.0586054, -18.5657846 ], [ 27.0586233, -18.5657764 ], [ 27.0586422, -18.5657821 ], [ 27.0586486, -18.5657895 ], [ 27.0586511, -18.5658078 ], [ 27.0586401, -18.5658226 ], [ 27.0586215, -18.5658266 ] ] ] ] } },
{ "type": "Feature", "properties": { "full_id": "w484741640", "osm_id": "484741640", "osm_type": "way", "waterway": null, "building": "yes", "name": null, "amenity": null, "brand": null, "wheelchair": null, "tourism": null }, "geometry": { "type": "MultiPolygon", "coordinates": [ [ [ [ 27.0586497, -18.5656664 ], [ 27.0587065, -18.5656418 ], [ 27.0587279, -18.5656863 ], [ 27.0586711, -18.5657109 ], [ 27.0586497, -18.5656664 ] ] ] ] } },
{ "type": "Feature", "properties": { "full_id": "w484741667", "osm_id": "484741667", "osm_type": "way", "waterway": null, "building": "yes", "name": null, "amenity": null, "brand": null, "wheelchair": null, "tourism": null }, "geometry": { "type": "MultiPolygon", "coordinates": [ [ [ [ 27.0657078, -18.5825702 ], [ 27.0656804, -18.582558 ], [ 27.0656702, -18.5825285 ], [ 27.0656867, -18.5825017 ], [ 27.0657175, -18.5824954 ], [ 27.0657323, -18.5825013 ], [ 27.0657491, -18.5825265 ], [ 27.0657437, -18.5825523 ], [ 27.0657343, -18.5825622 ], [ 27.0657078, -18.5825702 ] ] ] ] } },
{ "type": "Feature", "properties": { "full_id": "w484741668", "osm_id": "484741668", "osm_type": "way", "waterway": null, "building": "yes", "name": null, "amenity": null, "brand": null, "wheelchair": null, "tourism": null }, "geometry": { "type": "MultiPolygon", "coordinates": [ [ [ [ 27.0655037, -18.5825869 ], [ 27.065497, -18.5825372 ], [ 27.0655546, -18.5825302 ], [ 27.0655613, -18.5825799 ], [ 27.0655037, -18.5825869 ] ] ] ] } },
{ "type": "Feature", "properties": { "full_id": "w484741669", "osm_id": "484741669", "osm_type": "way", "waterway": null, "building": "yes", "name": null, "amenity": null, "brand": null, "wheelchair": null, "tourism": null }, "geometry": { "type": "MultiPolygon", "coordinates": [ [ [ [ 27.0655372, -18.5827324 ], [ 27.0655185, -18.5826664 ], [ 27.0655836, -18.5826499 ], [ 27.0656022, -18.5827159 ], [ 27.0655372, -18.5827324 ] ] ] ] } },
{ "type": "Feature", "properties": { "full_id": "w484741745", "osm_id": "484741745", "osm_type": "way", "waterway": null, "building": "yes", "name": null, "amenity": null, "brand": null, "wheelchair": null, "tourism": null }, "geometry": { "type": "MultiPolygon", "coordinates": [ [ [ [ 27.0692662, -18.583225 ], [ 27.0692653, -18.5831908 ], [ 27.0693152, -18.5831895 ], [ 27.0693162, -18.5832237 ], [ 27.0692662, -18.583225 ] ] ] ] } },
{ "type": "Feature", "properties": { "full_id": "w484741746", "osm_id": "484741746", "osm_type": "way", "waterway": null, "building": "yes", "name": null, "amenity": null, "brand": null, "wheelchair": null, "tourism": null }, "geometry": { "type": "MultiPolygon", "coordinates": [ [ [ [ 27.0693175, -18.5829924 ], [ 27.0693067, -18.5829842 ], [ 27.0692997, -18.5829594 ], [ 27.0693048, -18.5829473 ], [ 27.069326, -18.5829339 ], [ 27.0693389, -18.5829341 ], [ 27.0693598, -18.5829478 ], [ 27.0693643, -18.5829707 ], [ 27.0693517, -18.5829895 ], [ 27.0693409, -18.5829945 ], [ 27.0693175, -18.5829924 ] ] ] ] } },
{ "type": "Feature", "properties": { "full_id": "w484741747", "osm_id": "484741747", "osm_type": "way", "waterway": null, "building": "yes", "name": null, "amenity": null, "brand": null, "wheelchair": null, "tourism": null }, "geometry": { "type": "MultiPolygon", "coordinates": [ [ [ [ 27.0696776, -18.5830375 ], [ 27.0697615, -18.583035 ], [ 27.0697635, -18.5830967 ], [ 27.0696796, -18.5830992 ], [ 27.0696776, -18.5830375 ] ] ] ] } },
{ "type": "Feature", "properties": { "full_id": "w484741748", "osm_id": "484741748", "osm_type": "way", "waterway": null, "building": "yes", "name": null, "amenity": null, "brand": null, "wheelchair": null, "tourism": null }, "geometry": { "type": "MultiPolygon", "coordinates": [ [ [ [ 27.0695133, -18.5830153 ], [ 27.0696293, -18.5830121 ], [ 27.0696319, -18.5831011 ], [ 27.069516, -18.5831042 ], [ 27.0695133, -18.5830153 ] ] ] ] } },
{ "type": "Feature", "properties": { "full_id": "w484742339", "osm_id": "484742339", "osm_type": "way", "waterway": null, "building": "yes", "name": null, "amenity": null, "brand": null, "wheelchair": null, "tourism": null }, "geometry": { "type": "MultiPolygon", "coordinates": [ [ [ [ 26.9924085, -18.630604 ], [ 26.9923651, -18.6305148 ], [ 26.9924422, -18.6304811 ], [ 26.9924856, -18.6305703 ], [ 26.9924085, -18.630604 ] ] ] ] } },
{ "type": "Feature", "properties": { "full_id": "w484742418", "osm_id": "484742418", "osm_type": "way", "waterway": null, "building": "yes", "name": null, "amenity": null, "brand": null, "wheelchair": null, "tourism": null }, "geometry": { "type": "MultiPolygon", "coordinates": [ [ [ [ 27.0017862, -18.6346049 ], [ 27.0018388, -18.63458 ], [ 27.0018723, -18.6346435 ], [ 27.0018197, -18.6346684 ], [ 27.0017862, -18.6346049 ] ] ] ] } },
{ "type": "Feature", "properties": { "full_id": "w484742525", "osm_id": "484742525", "osm_type": "way", "waterway": null, "building": "yes", "name": null, "amenity": null, "brand": null, "wheelchair": null, "tourism": null }, "geometry": { "type": "MultiPolygon", "coordinates": [ [ [ [ 27.0682993, -18.567298 ], [ 27.0683204, -18.567288 ], [ 27.0683407, -18.5673265 ], [ 27.0683196, -18.5673365 ], [ 27.0682993, -18.567298 ] ] ] ] } },
{ "type": "Feature", "properties": { "full_id": "w484742527", "osm_id": "484742527", "osm_type": "way", "waterway": null, "building": "yes", "name": null, "amenity": null, "brand": null, "wheelchair": null, "tourism": null }, "geometry": { "type": "MultiPolygon", "coordinates": [ [ [ [ 27.068348, -18.5672068 ], [ 27.0683789, -18.5672068 ], [ 27.0683789, -18.5672322 ], [ 27.068348, -18.5672322 ], [ 27.068348, -18.5672068 ] ] ] ] } },
{ "type": "Feature", "properties": { "full_id": "w484742528", "osm_id": "484742528", "osm_type": "way", "waterway": null, "building": "yes", "name": null, "amenity": null, "brand": null, "wheelchair": null, "tourism": null }, "geometry": { "type": "MultiPolygon", "coordinates": [ [ [ [ 27.0682876, -18.5671851 ], [ 27.0682909, -18.5672097 ], [ 27.0682791, -18.5672224 ], [ 27.0682534, -18.5672229 ], [ 27.0682391, -18.5672034 ], [ 27.0682478, -18.5671812 ], [ 27.0682638, -18.5671747 ], [ 27.0682876, -18.5671851 ] ] ] ] } },
{ "type": "Feature", "properties": { "full_id": "w484742529", "osm_id": "484742529", "osm_type": "way", "waterway": null, "building": "yes", "name": null, "amenity": null, "brand": null, "wheelchair": null, "tourism": null }, "geometry": { "type": "MultiPolygon", "coordinates": [ [ [ [ 27.0682376, -18.5672938 ], [ 27.0682341, -18.5673027 ], [ 27.0682258, -18.5673079 ], [ 27.0682155, -18.5673072 ], [ 27.0682077, -18.5673004 ], [ 27.0682061, -18.5672904 ], [ 27.0682115, -18.5672817 ], [ 27.0682215, -18.5672782 ], [ 27.0682348, -18.5672847 ], [ 27.0682376, -18.5672938 ] ] ] ] } },
{ "type": "Feature", "properties": { "full_id": "w484742530", "osm_id": "484742530", "osm_type": "way", "waterway": null, "building": "yes", "name": null, "amenity": null, "brand": null, "wheelchair": null, "tourism": null }, "geometry": { "type": "MultiPolygon", "coordinates": [ [ [ [ 27.0681837, -18.5673401 ], [ 27.0682106, -18.5673409 ], [ 27.0682092, -18.5673862 ], [ 27.0681822, -18.5673854 ], [ 27.0681837, -18.5673401 ] ] ] ] } },
{ "type": "Feature", "properties": { "full_id": "w484742531", "osm_id": "484742531", "osm_type": "way", "waterway": null, "building": "yes", "name": null, "amenity": null, "brand": null, "wheelchair": null, "tourism": null }, "geometry": { "type": "MultiPolygon", "coordinates": [ [ [ [ 27.0686762, -18.565673 ], [ 27.0686916, -18.5656502 ], [ 27.0687435, -18.5656816 ], [ 27.0687282, -18.5657044 ], [ 27.0686762, -18.565673 ] ] ] ] } },
{ "type": "Feature", "properties": { "full_id": "w484742545", "osm_id": "484742545", "osm_type": "way", "waterway": null, "building": "yes", "name": null, "amenity": null, "brand": null, "wheelchair": null, "tourism": null }, "geometry": { "type": "MultiPolygon", "coordinates": [ [ [ [ 27.0031806, -18.6329432 ], [ 27.0031624, -18.6329122 ], [ 27.0031866, -18.6328995 ], [ 27.0032047, -18.6329305 ], [ 27.0031806, -18.6329432 ] ] ] ] } },
{ "type": "Feature", "properties": { "full_id": "w484742546", "osm_id": "484742546", "osm_type": "way", "waterway": null, "building": "yes", "name": null, "amenity": null, "brand": null, "wheelchair": null, "tourism": null }, "geometry": { "type": "MultiPolygon", "coordinates": [ [ [ [ 27.0029027, -18.6330763 ], [ 27.0028766, -18.633011 ], [ 27.0029812, -18.6329735 ], [ 27.0030073, -18.6330388 ], [ 27.0029027, -18.6330763 ] ] ] ] } },
{ "type": "Feature", "properties": { "full_id": "w484742547", "osm_id": "484742547", "osm_type": "way", "waterway": null, "building": "yes", "name": null, "amenity": null, "brand": null, "wheelchair": null, "tourism": null }, "geometry": { "type": "MultiPolygon", "coordinates": [ [ [ [ 27.0032118, -18.6329295 ], [ 27.0031795, -18.6328682 ], [ 27.0032613, -18.6328295 ], [ 27.0032936, -18.6328907 ], [ 27.0032118, -18.6329295 ] ] ] ] } },
{ "type": "Feature", "properties": { "full_id": "w484742548", "osm_id": "484742548", "osm_type": "way", "waterway": null, "building": "yes", "name": null, "amenity": null, "brand": null, "wheelchair": null, "tourism": null }, "geometry": { "type": "MultiPolygon", "coordinates": [ [ [ [ 27.0031561, -18.6327789 ], [ 27.0031235, -18.6327117 ], [ 27.0032389, -18.6326615 ], [ 27.0032715, -18.6327287 ], [ 27.0031561, -18.6327789 ] ] ] ] } },
{ "type": "Feature", "properties": { "full_id": "w484742549", "osm_id": "484742549", "osm_type": "way", "waterway": null, "building": "yes", "name": null, "amenity": null, "brand": null, "wheelchair": null, "tourism": null }, "geometry": { "type": "MultiPolygon", "coordinates": [ [ [ [ 27.003016, -18.6328316 ], [ 27.0029826, -18.6327641 ], [ 27.0030684, -18.632726 ], [ 27.0031018, -18.6327935 ], [ 27.003016, -18.6328316 ] ] ] ] } },
{ "type": "Feature", "properties": { "full_id": "w484742550", "osm_id": "484742550", "osm_type": "way", "waterway": null, "building": "yes", "name": null, "amenity": null, "brand": null, "wheelchair": null, "tourism": null }, "geometry": { "type": "MultiPolygon", "coordinates": [ [ [ [ 27.0028839, -18.6328863 ], [ 27.0028558, -18.6328365 ], [ 27.0029436, -18.632792 ], [ 27.0029717, -18.6328418 ], [ 27.0028839, -18.6328863 ] ] ] ] } },
{ "type": "Feature", "properties": { "full_id": "w484742551", "osm_id": "484742551", "osm_type": "way", "waterway": null, "building": "yes", "name": null, "amenity": null, "brand": null, "wheelchair": null, "tourism": null }, "geometry": { "type": "MultiPolygon", "coordinates": [ [ [ [ 27.0027638, -18.6329314 ], [ 27.0027382, -18.6328768 ], [ 27.0028107, -18.6328463 ], [ 27.0028363, -18.6329009 ], [ 27.0027638, -18.6329314 ] ] ] ] } },
{ "type": "Feature", "properties": { "full_id": "w484742552", "osm_id": "484742552", "osm_type": "way", "waterway": null, "building": "yes", "name": null, "amenity": null, "brand": null, "wheelchair": null, "tourism": null }, "geometry": { "type": "MultiPolygon", "coordinates": [ [ [ [ 27.0026324, -18.6329613 ], [ 27.0026087, -18.6329264 ], [ 27.002671, -18.6328882 ], [ 27.0026948, -18.6329231 ], [ 27.0026324, -18.6329613 ] ] ] ] } },
{ "type": "Feature", "properties": { "full_id": "w484742553", "osm_id": "484742553", "osm_type": "way", "waterway": null, "building": "yes", "name": null, "amenity": null, "brand": null, "wheelchair": null, "tourism": null }, "geometry": { "type": "MultiPolygon", "coordinates": [ [ [ [ 27.0024869, -18.6330331 ], [ 27.0024577, -18.6329855 ], [ 27.0025589, -18.6329296 ], [ 27.0025882, -18.6329772 ], [ 27.0024869, -18.6330331 ] ] ] ] } },
{ "type": "Feature", "properties": { "full_id": "w484742554", "osm_id": "484742554", "osm_type": "way", "waterway": null, "building": "yes", "name": null, "amenity": null, "brand": null, "wheelchair": null, "tourism": null }, "geometry": { "type": "MultiPolygon", "coordinates": [ [ [ [ 27.0023535, -18.6330839 ], [ 27.0023289, -18.6330364 ], [ 27.0024013, -18.6330027 ], [ 27.0024259, -18.6330502 ], [ 27.0023535, -18.6330839 ] ] ] ] } },
{ "type": "Feature", "properties": { "full_id": "w484742555", "osm_id": "484742555", "osm_type": "way", "waterway": null, "building": "yes", "name": null, "amenity": null, "brand": null, "wheelchair": null, "tourism": null }, "geometry": { "type": "MultiPolygon", "coordinates": [ [ [ [ 27.0022301, -18.633136 ], [ 27.0022022, -18.6330856 ], [ 27.0022699, -18.6330519 ], [ 27.0022978, -18.6331023 ], [ 27.0022301, -18.633136 ] ] ] ] } },
{ "type": "Feature", "properties": { "full_id": "w484742556", "osm_id": "484742556", "osm_type": "way", "waterway": null, "building": "yes", "name": null, "amenity": null, "brand": null, "wheelchair": null, "tourism": null }, "geometry": { "type": "MultiPolygon", "coordinates": [ [ [ [ 27.0020819, -18.6331862 ], [ 27.0020547, -18.6331364 ], [ 27.0021312, -18.6330989 ], [ 27.0021583, -18.6331487 ], [ 27.0020819, -18.6331862 ] ] ] ] } },
{ "type": "Feature", "properties": { "full_id": "w484742557", "osm_id": "484742557", "osm_type": "way", "waterway": null, "building": "yes", "name": null, "amenity": null, "brand": null, "wheelchair": null, "tourism": null }, "geometry": { "type": "MultiPolygon", "coordinates": [ [ [ [ 27.0019263, -18.6332478 ], [ 27.001895, -18.6331978 ], [ 27.001997, -18.6331406 ], [ 27.0020283, -18.6331907 ], [ 27.0019263, -18.6332478 ] ] ] ] } },
{ "type": "Feature", "properties": { "full_id": "w484742558", "osm_id": "484742558", "osm_type": "way", "waterway": null, "building": "yes", "name": null, "amenity": null, "brand": null, "wheelchair": null, "tourism": null }, "geometry": { "type": "MultiPolygon", "coordinates": [ [ [ [ 27.0022515, -18.6328475 ], [ 27.0022304, -18.6327986 ], [ 27.0023156, -18.6327656 ], [ 27.0023367, -18.6328145 ], [ 27.0022515, -18.6328475 ] ] ] ] } },
{ "type": "Feature", "properties": { "full_id": "w484742559", "osm_id": "484742559", "osm_type": "way", "waterway": null, "building": "yes", "name": null, "amenity": null, "brand": null, "wheelchair": null, "tourism": null }, "geometry": { "type": "MultiPolygon", "coordinates": [ [ [ [ 27.002385, -18.6327961 ], [ 27.0023596, -18.6327381 ], [ 27.0024421, -18.6327057 ], [ 27.0024675, -18.6327637 ], [ 27.002385, -18.6327961 ] ] ] ] } },
{ "type": "Feature", "properties": { "full_id": "w484742560", "osm_id": "484742560", "osm_type": "way", "waterway": null, "building": "yes", "name": null, "amenity": null, "brand": null, "wheelchair": null, "tourism": null }, "geometry": { "type": "MultiPolygon", "coordinates": [ [ [ [ 27.0025171, -18.6327459 ], [ 27.0024894, -18.6326939 ], [ 27.0025638, -18.6326583 ], [ 27.0025915, -18.6327103 ], [ 27.0025171, -18.6327459 ] ] ] ] } },
{ "type": "Feature", "properties": { "full_id": "w484742561", "osm_id": "484742561", "osm_type": "way", "waterway": null, "building": "yes", "name": null, "amenity": null, "brand": null, "wheelchair": null, "tourism": null }, "geometry": { "type": "MultiPolygon", "coordinates": [ [ [ [ 27.0026472, -18.63269 ], [ 27.0026199, -18.6326348 ], [ 27.0026956, -18.6326011 ], [ 27.0027229, -18.6326563 ], [ 27.0026472, -18.63269 ] ] ] ] } },
{ "type": "Feature", "properties": { "full_id": "w484742562", "osm_id": "484742562", "osm_type": "way", "waterway": null, "building": "yes", "name": null, "amenity": null, "brand": null, "wheelchair": null, "tourism": null }, "geometry": { "type": "MultiPolygon", "coordinates": [ [ [ [ 27.00279, -18.632641 ], [ 27.0027642, -18.632588 ], [ 27.0028426, -18.6325537 ], [ 27.0028685, -18.6326067 ], [ 27.00279, -18.632641 ] ] ] ] } },
{ "type": "Feature", "properties": { "full_id": "w484742563", "osm_id": "484742563", "osm_type": "way", "waterway": null, "building": "yes", "name": null, "amenity": null, "brand": null, "wheelchair": null, "tourism": null }, "geometry": { "type": "MultiPolygon", "coordinates": [ [ [ [ 27.0029154, -18.6326042 ], [ 27.0028843, -18.632542 ], [ 27.0029735, -18.6325019 ], [ 27.0030046, -18.6325641 ], [ 27.0029154, -18.6326042 ] ] ] ] } },
{ "type": "Feature", "properties": { "full_id": "w484742564", "osm_id": "484742564", "osm_type": "way", "waterway": null, "building": "yes", "name": null, "amenity": null, "brand": null, "wheelchair": null, "tourism": null }, "geometry": { "type": "MultiPolygon", "coordinates": [ [ [ [ 27.0030589, -18.6325533 ], [ 27.0030336, -18.6324884 ], [ 27.0031282, -18.6324554 ], [ 27.0031534, -18.6325203 ], [ 27.0030589, -18.6325533 ] ] ] ] } },
{ "type": "Feature", "properties": { "full_id": "w484742578", "osm_id": "484742578", "osm_type": "way", "waterway": null, "building": "yes", "name": null, "amenity": null, "brand": null, "wheelchair": null, "tourism": null }, "geometry": { "type": "MultiPolygon", "coordinates": [ [ [ [ 27.000446, -18.6332428 ], [ 27.0004266, -18.6332191 ], [ 27.0004192, -18.63319 ], [ 27.0004251, -18.6331606 ], [ 27.0004433, -18.633136 ], [ 27.0004689, -18.6331213 ], [ 27.0004985, -18.6331171 ], [ 27.0005275, -18.6331243 ], [ 27.0005512, -18.6331416 ], [ 27.000566, -18.6331663 ], [ 27.0005693, -18.6331945 ], [ 27.0005621, -18.6332194 ], [ 27.000546, -18.6332401 ], [ 27.0005231, -18.6332541 ], [ 27.0004965, -18.6332595 ], [ 27.0004696, -18.6332556 ], [ 27.000446, -18.6332428 ] ] ] ] } },
{ "type": "Feature", "properties": { "full_id": "w484742926", "osm_id": "484742926", "osm_type": "way", "waterway": null, "building": "yes", "name": null, "amenity": null, "brand": null, "wheelchair": null, "tourism": null }, "geometry": { "type": "MultiPolygon", "coordinates": [ [ [ [ 26.9991247, -18.6256893 ], [ 26.9991201, -18.625637 ], [ 26.9991684, -18.6256332 ], [ 26.9991729, -18.6256854 ], [ 26.9991247, -18.6256893 ] ] ] ] } },
{ "type": "Feature", "properties": { "full_id": "w484742928", "osm_id": "484742928", "osm_type": "way", "waterway": null, "building": "yes", "name": null, "amenity": null, "brand": null, "wheelchair": null, "tourism": null }, "geometry": { "type": "MultiPolygon", "coordinates": [ [ [ [ 26.9993818, -18.6258818 ], [ 26.9993634, -18.6258561 ], [ 26.999356, -18.6258258 ], [ 26.9993605, -18.625795 ], [ 26.9993762, -18.6257678 ], [ 26.9994013, -18.6257477 ], [ 26.999436, -18.625737 ], [ 26.9994724, -18.6257402 ], [ 26.9995044, -18.6257568 ], [ 26.9995269, -18.6257841 ], [ 26.9995361, -18.6258176 ], [ 26.9995306, -18.6258513 ], [ 26.9995117, -18.6258804 ], [ 26.9994823, -18.6259001 ], [ 26.9994471, -18.6259073 ], [ 26.9994117, -18.6259008 ], [ 26.9993818, -18.6258818 ] ] ] ] } },
{ "type": "Feature", "properties": { "full_id": "w484742931", "osm_id": "484742931", "osm_type": "way", "waterway": null, "building": "yes", "name": null, "amenity": null, "brand": null, "wheelchair": null, "tourism": null }, "geometry": { "type": "MultiPolygon", "coordinates": [ [ [ [ 26.9994173, -18.6265822 ], [ 26.9993727, -18.6265383 ], [ 26.9994605, -18.6264582 ], [ 26.9995893, -18.6265849 ], [ 26.9994969, -18.6266693 ], [ 26.9994356, -18.626609 ], [ 26.9994691, -18.6265784 ], [ 26.9994462, -18.6265559 ], [ 26.9994173, -18.6265822 ] ] ] ] } },
{ "type": "Feature", "properties": { "full_id": "w484742933", "osm_id": "484742933", "osm_type": "way", "waterway": null, "building": "yes", "name": null, "amenity": null, "brand": null, "wheelchair": null, "tourism": null }, "geometry": { "type": "MultiPolygon", "coordinates": [ [ [ [ 26.9997848, -18.6266343 ], [ 26.9999478, -18.6267459 ], [ 26.9998764, -18.6268397 ], [ 26.9998231, -18.6268032 ], [ 26.9998469, -18.6267718 ], [ 26.9998133, -18.6267488 ], [ 26.9997837, -18.6267875 ], [ 26.9997373, -18.6267557 ], [ 26.9997698, -18.6267131 ], [ 26.9997401, -18.6266928 ], [ 26.9997848, -18.6266343 ] ] ] ] } },
{ "type": "Feature", "properties": { "full_id": "w484743018", "osm_id": "484743018", "osm_type": "way", "waterway": null, "building": "yes", "name": null, "amenity": null, "brand": null, "wheelchair": null, "tourism": null }, "geometry": { "type": "MultiPolygon", "coordinates": [ [ [ [ 27.0716077, -18.5681361 ], [ 27.0715837, -18.568106 ], [ 27.0716089, -18.5680879 ], [ 27.0716329, -18.568118 ], [ 27.0716077, -18.5681361 ] ] ] ] } },
{ "type": "Feature", "properties": { "full_id": "w484743019", "osm_id": "484743019", "osm_type": "way", "waterway": null, "building": "yes", "name": null, "amenity": null, "brand": null, "wheelchair": null, "tourism": null }, "geometry": { "type": "MultiPolygon", "coordinates": [ [ [ [ 27.0725742, -18.5673942 ], [ 27.0725179, -18.5673458 ], [ 27.0725603, -18.5673015 ], [ 27.0726166, -18.5673498 ], [ 27.0725742, -18.5673942 ] ] ] ] } },
{ "type": "Feature", "properties": { "full_id": "w484743020", "osm_id": "484743020", "osm_type": "way", "waterway": null, "building": "yes", "name": null, "amenity": null, "brand": null, "wheelchair": null, "tourism": null }, "geometry": { "type": "MultiPolygon", "coordinates": [ [ [ [ 27.0724205, -18.5673955 ], [ 27.0724333, -18.5674104 ], [ 27.0724341, -18.5674295 ], [ 27.072413, -18.56745 ], [ 27.0723917, -18.5674492 ], [ 27.0723756, -18.567436 ], [ 27.0723719, -18.5674161 ], [ 27.0723822, -18.5673985 ], [ 27.0724008, -18.5673909 ], [ 27.0724205, -18.5673955 ] ] ] ] } },
{ "type": "Feature", "properties": { "full_id": "w484743021", "osm_id": "484743021", "osm_type": "way", "waterway": null, "building": "yes", "name": null, "amenity": null, "brand": null, "wheelchair": null, "tourism": null }, "geometry": { "type": "MultiPolygon", "coordinates": [ [ [ [ 27.0728443, -18.5662715 ], [ 27.0728035, -18.5662413 ], [ 27.0728271, -18.5662127 ], [ 27.0728678, -18.566243 ], [ 27.0728443, -18.5662715 ] ] ] ] } },
{ "type": "Feature", "properties": { "full_id": "w484743022", "osm_id": "484743022", "osm_type": "way", "waterway": null, "building": "yes", "name": null, "amenity": null, "brand": null, "wheelchair": null, "tourism": null }, "geometry": { "type": "MultiPolygon", "coordinates": [ [ [ [ 27.0724108, -18.5659704 ], [ 27.0723814, -18.5659103 ], [ 27.0724389, -18.565885 ], [ 27.0724684, -18.5659451 ], [ 27.0724108, -18.5659704 ] ] ] ] } },
{ "type": "Feature", "properties": { "full_id": "w484744553", "osm_id": "484744553", "osm_type": "way", "waterway": null, "building": "yes", "name": null, "amenity": null, "brand": null, "wheelchair": null, "tourism": null }, "geometry": { "type": "MultiPolygon", "coordinates": [ [ [ [ 27.1033347, -18.5633512 ], [ 27.1033314, -18.5633223 ], [ 27.1033743, -18.5633179 ], [ 27.1033776, -18.5633468 ], [ 27.1033347, -18.5633512 ] ] ] ] } },
{ "type": "Feature", "properties": { "full_id": "w484744554", "osm_id": "484744554", "osm_type": "way", "waterway": null, "building": "yes", "name": null, "amenity": null, "brand": null, "wheelchair": null, "tourism": null }, "geometry": { "type": "MultiPolygon", "coordinates": [ [ [ [ 27.1031711, -18.5632024 ], [ 27.1032252, -18.563176 ], [ 27.1032611, -18.5632419 ], [ 27.1032069, -18.5632684 ], [ 27.1031711, -18.5632024 ] ] ] ] } },
{ "type": "Feature", "properties": { "full_id": "w484744555", "osm_id": "484744555", "osm_type": "way", "waterway": null, "building": "yes", "name": null, "amenity": null, "brand": null, "wheelchair": null, "tourism": null }, "geometry": { "type": "MultiPolygon", "coordinates": [ [ [ [ 27.103326, -18.5632126 ], [ 27.1033204, -18.5632044 ], [ 27.1033203, -18.5631853 ], [ 27.103334, -18.5631713 ], [ 27.1033456, -18.5631687 ], [ 27.1033668, -18.5631779 ], [ 27.1033729, -18.5631993 ], [ 27.1033627, -18.5632153 ], [ 27.1033438, -18.5632207 ], [ 27.103326, -18.5632126 ] ] ] ] } },
{ "type": "Feature", "properties": { "full_id": "w484744556", "osm_id": "484744556", "osm_type": "way", "waterway": null, "building": "yes", "name": null, "amenity": null, "brand": null, "wheelchair": null, "tourism": null }, "geometry": { "type": "MultiPolygon", "coordinates": [ [ [ [ 27.1025548, -18.5640727 ], [ 27.1025335, -18.5640564 ], [ 27.1025319, -18.5640305 ], [ 27.1025496, -18.5640125 ], [ 27.1025741, -18.5640112 ], [ 27.102585, -18.5640168 ], [ 27.1025971, -18.5640371 ], [ 27.1025964, -18.5640496 ], [ 27.1025807, -18.5640694 ], [ 27.1025548, -18.5640727 ] ] ] ] } },
{ "type": "Feature", "properties": { "full_id": "w484744557", "osm_id": "484744557", "osm_type": "way", "waterway": null, "building": "yes", "name": null, "amenity": null, "brand": null, "wheelchair": null, "tourism": null }, "geometry": { "type": "MultiPolygon", "coordinates": [ [ [ [ 27.1024549, -18.5639671 ], [ 27.1024811, -18.5639697 ], [ 27.1024771, -18.5640062 ], [ 27.102451, -18.5640036 ], [ 27.1024549, -18.5639671 ] ] ] ] } },
{ "type": "Feature", "properties": { "full_id": "w484744558", "osm_id": "484744558", "osm_type": "way", "waterway": null, "building": "yes", "name": null, "amenity": null, "brand": null, "wheelchair": null, "tourism": null }, "geometry": { "type": "MultiPolygon", "coordinates": [ [ [ [ 27.1024234, -18.5640542 ], [ 27.1024251, -18.5640167 ], [ 27.1024727, -18.5640186 ], [ 27.102471, -18.5640561 ], [ 27.1024234, -18.5640542 ] ] ] ] } },
{ "type": "Feature", "properties": { "full_id": "w484744559", "osm_id": "484744559", "osm_type": "way", "waterway": null, "building": "yes", "name": null, "amenity": null, "brand": null, "wheelchair": null, "tourism": null }, "geometry": { "type": "MultiPolygon", "coordinates": [ [ [ [ 27.1024576, -18.5638387 ], [ 27.1024918, -18.5638171 ], [ 27.1025186, -18.5638553 ], [ 27.1024844, -18.5638769 ], [ 27.1024576, -18.5638387 ] ] ] ] } },
{ "type": "Feature", "properties": { "full_id": "w484744560", "osm_id": "484744560", "osm_type": "way", "waterway": null, "building": "yes", "name": null, "amenity": null, "brand": null, "wheelchair": null, "tourism": null }, "geometry": { "type": "MultiPolygon", "coordinates": [ [ [ [ 27.1023349, -18.5639004 ], [ 27.1023798, -18.5638635 ], [ 27.1024406, -18.56393 ], [ 27.1023956, -18.5639669 ], [ 27.1023349, -18.5639004 ] ] ] ] } },
{ "type": "Feature", "properties": { "full_id": "w484744561", "osm_id": "484744561", "osm_type": "way", "waterway": null, "building": "yes", "name": null, "amenity": null, "brand": null, "wheelchair": null, "tourism": null }, "geometry": { "type": "MultiPolygon", "coordinates": [ [ [ [ 27.1028686, -18.5645697 ], [ 27.1029036, -18.5645499 ], [ 27.1029345, -18.5645989 ], [ 27.1028995, -18.5646187 ], [ 27.1028686, -18.5645697 ] ] ] ] } },
{ "type": "Feature", "properties": { "full_id": "w484744562", "osm_id": "484744562", "osm_type": "way", "waterway": null, "building": "yes", "name": null, "amenity": null, "brand": null, "wheelchair": null, "tourism": null }, "geometry": { "type": "MultiPolygon", "coordinates": [ [ [ [ 27.1028616, -18.5646731 ], [ 27.1028409, -18.5646646 ], [ 27.1028322, -18.5646474 ], [ 27.1028365, -18.5646289 ], [ 27.1028572, -18.5646153 ], [ 27.1028817, -18.564621 ], [ 27.1028935, -18.5646422 ], [ 27.1028916, -18.5646542 ], [ 27.1028741, -18.5646711 ], [ 27.1028616, -18.5646731 ] ] ] ] } },
{ "type": "Feature", "properties": { "full_id": "w484744563", "osm_id": "484744563", "osm_type": "way", "waterway": null, "building": "yes", "name": null, "amenity": null, "brand": null, "wheelchair": null, "tourism": null }, "geometry": { "type": "MultiPolygon", "coordinates": [ [ [ [ 27.1027721, -18.5645373 ], [ 27.102834, -18.5645342 ], [ 27.1028366, -18.5645812 ], [ 27.1027748, -18.5645844 ], [ 27.1027721, -18.5645373 ] ] ] ] } },
{ "type": "Feature", "properties": { "full_id": "w484744564", "osm_id": "484744564", "osm_type": "way", "waterway": null, "building": "yes", "name": null, "amenity": null, "brand": null, "wheelchair": null, "tourism": null }, "geometry": { "type": "MultiPolygon", "coordinates": [ [ [ [ 27.1027372, -18.5644699 ], [ 27.1027956, -18.5644525 ], [ 27.1028117, -18.5645008 ], [ 27.1027533, -18.5645183 ], [ 27.1027372, -18.5644699 ] ] ] ] } },
{ "type": "Feature", "properties": { "full_id": "w484744565", "osm_id": "484744565", "osm_type": "way", "waterway": null, "building": "yes", "name": null, "amenity": null, "brand": null, "wheelchair": null, "tourism": null }, "geometry": { "type": "MultiPolygon", "coordinates": [ [ [ [ 27.1028552, -18.5644788 ], [ 27.1028982, -18.5644645 ], [ 27.1029237, -18.5645332 ], [ 27.1028807, -18.5645475 ], [ 27.1028552, -18.5644788 ] ] ] ] } },
{ "type": "Feature", "properties": { "full_id": "w484744566", "osm_id": "484744566", "osm_type": "way", "waterway": null, "building": "yes", "name": null, "amenity": null, "brand": null, "wheelchair": null, "tourism": null }, "geometry": { "type": "MultiPolygon", "coordinates": [ [ [ [ 27.102292, -18.5650281 ], [ 27.1023349, -18.5650039 ], [ 27.1023578, -18.5650405 ], [ 27.1023149, -18.5650647 ], [ 27.102292, -18.5650281 ] ] ] ] } },
{ "type": "Feature", "properties": { "full_id": "w484744567", "osm_id": "484744567", "osm_type": "way", "waterway": null, "building": "yes", "name": null, "amenity": null, "brand": null, "wheelchair": null, "tourism": null }, "geometry": { "type": "MultiPolygon", "coordinates": [ [ [ [ 27.1021874, -18.5649785 ], [ 27.1021783, -18.5649459 ], [ 27.102244, -18.5649294 ], [ 27.1022531, -18.5649619 ], [ 27.1021874, -18.5649785 ] ] ] ] } },
{ "type": "Feature", "properties": { "full_id": "w484744568", "osm_id": "484744568", "osm_type": "way", "waterway": null, "building": "yes", "name": null, "amenity": null, "brand": null, "wheelchair": null, "tourism": null }, "geometry": { "type": "MultiPolygon", "coordinates": [ [ [ [ 27.1023161, -18.5649454 ], [ 27.102304, -18.5649078 ], [ 27.1023657, -18.56489 ], [ 27.1023778, -18.5649276 ], [ 27.1023161, -18.5649454 ] ] ] ] } },
{ "type": "Feature", "properties": { "full_id": "w484744569", "osm_id": "484744569", "osm_type": "way", "waterway": null, "building": "yes", "name": null, "amenity": null, "brand": null, "wheelchair": null, "tourism": null }, "geometry": { "type": "MultiPolygon", "coordinates": [ [ [ [ 27.1029142, -18.5649365 ], [ 27.1029047, -18.5648794 ], [ 27.1029637, -18.5648705 ], [ 27.1029732, -18.5649276 ], [ 27.1029142, -18.5649365 ] ] ] ] } },
{ "type": "Feature", "properties": { "full_id": "w484744570", "osm_id": "484744570", "osm_type": "way", "waterway": null, "building": "yes", "name": null, "amenity": null, "brand": null, "wheelchair": null, "tourism": null }, "geometry": { "type": "MultiPolygon", "coordinates": [ [ [ [ 27.1031637, -18.5650446 ], [ 27.1031463, -18.5650115 ], [ 27.1031918, -18.5649899 ], [ 27.1032093, -18.565023 ], [ 27.1031637, -18.5650446 ] ] ] ] } },
{ "type": "Feature", "properties": { "full_id": "w484744571", "osm_id": "484744571", "osm_type": "way", "waterway": null, "building": "yes", "name": null, "amenity": null, "brand": null, "wheelchair": null, "tourism": null }, "geometry": { "type": "MultiPolygon", "coordinates": [ [ [ [ 27.1030725, -18.5649937 ], [ 27.1030569, -18.5649576 ], [ 27.1031159, -18.5649348 ], [ 27.1031315, -18.5649708 ], [ 27.1030725, -18.5649937 ] ] ] ] } },
{ "type": "Feature", "properties": { "full_id": "w484744572", "osm_id": "484744572", "osm_type": "way", "waterway": null, "building": "yes", "name": null, "amenity": null, "brand": null, "wheelchair": null, "tourism": null }, "geometry": { "type": "MultiPolygon", "coordinates": [ [ [ [ 27.1029411, -18.5650255 ], [ 27.1029315, -18.5649758 ], [ 27.1030119, -18.5649618 ], [ 27.1030215, -18.5650115 ], [ 27.1029411, -18.5650255 ] ] ] ] } },
{ "type": "Feature", "properties": { "full_id": "w484744573", "osm_id": "484744573", "osm_type": "way", "waterway": null, "building": "yes", "name": null, "amenity": null, "brand": null, "wheelchair": null, "tourism": null }, "geometry": { "type": "MultiPolygon", "coordinates": [ [ [ [ 27.1008563, -18.5631687 ], [ 27.1008752, -18.5631519 ], [ 27.1009036, -18.5631807 ], [ 27.1008847, -18.5631975 ], [ 27.1008563, -18.5631687 ] ] ] ] } },
{ "type": "Feature", "properties": { "full_id": "w484749578", "osm_id": "484749578", "osm_type": "way", "waterway": null, "building": "yes", "name": null, "amenity": null, "brand": null, "wheelchair": null, "tourism": null }, "geometry": { "type": "MultiPolygon", "coordinates": [ [ [ [ 26.979957, -18.6570814 ], [ 26.9800093, -18.6570808 ], [ 26.9800105, -18.6571673 ], [ 26.9799582, -18.6571679 ], [ 26.979957, -18.6570814 ] ] ] ] } },
{ "type": "Feature", "properties": { "full_id": "w484749579", "osm_id": "484749579", "osm_type": "way", "waterway": null, "building": "yes", "name": null, "amenity": null, "brand": null, "wheelchair": null, "tourism": null }, "geometry": { "type": "MultiPolygon", "coordinates": [ [ [ [ 26.9802071, -18.6572689 ], [ 26.9802567, -18.657213 ], [ 26.980299, -18.6572467 ], [ 26.9802494, -18.6573025 ], [ 26.9802071, -18.6572689 ] ] ] ] } },
{ "type": "Feature", "properties": { "full_id": "w484749637", "osm_id": "484749637", "osm_type": "way", "waterway": null, "building": "yes", "name": null, "amenity": null, "brand": null, "wheelchair": null, "tourism": null }, "geometry": { "type": "MultiPolygon", "coordinates": [ [ [ [ 26.9794122, -18.653902 ], [ 26.9794571, -18.6539027 ], [ 26.9794565, -18.653944 ], [ 26.9794116, -18.6539433 ], [ 26.9794122, -18.653902 ] ] ] ] } },
{ "type": "Feature", "properties": { "full_id": "w484749638", "osm_id": "484749638", "osm_type": "way", "waterway": null, "building": "yes", "name": null, "amenity": null, "brand": null, "wheelchair": null, "tourism": null }, "geometry": { "type": "MultiPolygon", "coordinates": [ [ [ [ 26.9793003, -18.6538887 ], [ 26.9792959, -18.6538223 ], [ 26.9794361, -18.653814 ], [ 26.9794404, -18.6538804 ], [ 26.9793003, -18.6538887 ] ] ] ] } },
{ "type": "Feature", "properties": { "full_id": "w484749639", "osm_id": "484749639", "osm_type": "way", "waterway": null, "building": "yes", "name": null, "amenity": null, "brand": null, "wheelchair": null, "tourism": null }, "geometry": { "type": "MultiPolygon", "coordinates": [ [ [ [ 26.979492, -18.6538817 ], [ 26.9794864, -18.6538089 ], [ 26.9796232, -18.6537994 ], [ 26.9796288, -18.6538722 ], [ 26.979492, -18.6538817 ] ] ] ] } },
{ "type": "Feature", "properties": { "full_id": "w484749640", "osm_id": "484749640", "osm_type": "way", "waterway": null, "building": "yes", "name": null, "amenity": null, "brand": null, "wheelchair": null, "tourism": null }, "geometry": { "type": "MultiPolygon", "coordinates": [ [ [ [ 26.9787663, -18.6538102 ], [ 26.9787649, -18.6537751 ], [ 26.9788193, -18.653773 ], [ 26.9788208, -18.6538081 ], [ 26.9787663, -18.6538102 ] ] ] ] } },
{ "type": "Feature", "properties": { "full_id": "w484749641", "osm_id": "484749641", "osm_type": "way", "waterway": null, "building": "yes", "name": null, "amenity": null, "brand": null, "wheelchair": null, "tourism": null }, "geometry": { "type": "MultiPolygon", "coordinates": [ [ [ [ 26.9786819, -18.6538237 ], [ 26.9788106, -18.6538174 ], [ 26.9788157, -18.6539094 ], [ 26.9786869, -18.6539157 ], [ 26.9786819, -18.6538237 ] ] ] ] } },
{ "type": "Feature", "properties": { "full_id": "w484751169", "osm_id": "484751169", "osm_type": "way", "waterway": null, "building": "yes", "name": null, "amenity": null, "brand": null, "wheelchair": null, "tourism": null }, "geometry": { "type": "MultiPolygon", "coordinates": [ [ [ [ 27.0947151, -18.5688785 ], [ 27.0947146, -18.5688422 ], [ 27.0947662, -18.5688415 ], [ 27.0947667, -18.5688778 ], [ 27.0947151, -18.5688785 ] ] ] ] } },
{ "type": "Feature", "properties": { "full_id": "w484751170", "osm_id": "484751170", "osm_type": "way", "waterway": null, "building": "yes", "name": null, "amenity": null, "brand": null, "wheelchair": null, "tourism": null }, "geometry": { "type": "MultiPolygon", "coordinates": [ [ [ [ 27.0938454, -18.5696082 ], [ 27.0938241, -18.5695848 ], [ 27.0938286, -18.5695542 ], [ 27.0938528, -18.5695378 ], [ 27.093868, -18.5695373 ], [ 27.0938934, -18.5695517 ], [ 27.0939011, -18.569579 ], [ 27.0938872, -18.569603 ], [ 27.0938743, -18.5696098 ], [ 27.0938454, -18.5696082 ] ] ] ] } },
{ "type": "Feature", "properties": { "full_id": "w484751171", "osm_id": "484751171", "osm_type": "way", "waterway": null, "building": "yes", "name": null, "amenity": null, "brand": null, "wheelchair": null, "tourism": null }, "geometry": { "type": "MultiPolygon", "coordinates": [ [ [ [ 27.0939393, -18.5694906 ], [ 27.0939216, -18.5694813 ], [ 27.0939143, -18.5694634 ], [ 27.0939227, -18.5694431 ], [ 27.0939337, -18.5694363 ], [ 27.0939593, -18.5694385 ], [ 27.0939735, -18.5694588 ], [ 27.0939684, -18.5694789 ], [ 27.0939503, -18.5694903 ], [ 27.0939393, -18.5694906 ] ] ] ] } },
{ "type": "Feature", "properties": { "full_id": "w484751172", "osm_id": "484751172", "osm_type": "way", "waterway": null, "building": "yes", "name": null, "amenity": null, "brand": null, "wheelchair": null, "tourism": null }, "geometry": { "type": "MultiPolygon", "coordinates": [ [ [ [ 27.093832, -18.5695033 ], [ 27.0938335, -18.5694694 ], [ 27.0938805, -18.5694713 ], [ 27.0938789, -18.5695052 ], [ 27.093832, -18.5695033 ] ] ] ] } },
{ "type": "Feature", "properties": { "full_id": "w484751173", "osm_id": "484751173", "osm_type": "way", "waterway": null, "building": "yes", "name": null, "amenity": null, "brand": null, "wheelchair": null, "tourism": null }, "geometry": { "type": "MultiPolygon", "coordinates": [ [ [ [ 27.0939839, -18.5695834 ], [ 27.0939859, -18.5695058 ], [ 27.0940409, -18.5695071 ], [ 27.0940389, -18.5695847 ], [ 27.0939839, -18.5695834 ] ] ] ] } },
{ "type": "Feature", "properties": { "full_id": "w484751174", "osm_id": "484751174", "osm_type": "way", "waterway": null, "building": "yes", "name": null, "amenity": null, "brand": null, "wheelchair": null, "tourism": null }, "geometry": { "type": "MultiPolygon", "coordinates": [ [ [ [ 27.0930954, -18.5688804 ], [ 27.0931817, -18.5688243 ], [ 27.0932213, -18.5688789 ], [ 27.093135, -18.568935 ], [ 27.0930954, -18.5688804 ] ] ] ] } },
{ "type": "Feature", "properties": { "full_id": "w484751212", "osm_id": "484751212", "osm_type": "way", "waterway": null, "building": "yes", "name": null, "amenity": null, "brand": null, "wheelchair": null, "tourism": null }, "geometry": { "type": "MultiPolygon", "coordinates": [ [ [ [ 27.0954662, -18.5690482 ], [ 27.0954462, -18.5689996 ], [ 27.0955012, -18.5689793 ], [ 27.0955212, -18.5690279 ], [ 27.0954662, -18.5690482 ] ] ] ] } },
{ "type": "Feature", "properties": { "full_id": "w484751214", "osm_id": "484751214", "osm_type": "way", "waterway": null, "building": "yes", "name": null, "amenity": null, "brand": null, "wheelchair": null, "tourism": null }, "geometry": { "type": "MultiPolygon", "coordinates": [ [ [ [ 27.0952838, -18.5689846 ], [ 27.0952726, -18.5689137 ], [ 27.0953263, -18.5689061 ], [ 27.0953375, -18.568977 ], [ 27.0952838, -18.5689846 ] ] ] ] } },
{ "type": "Feature", "properties": { "full_id": "w484751215", "osm_id": "484751215", "osm_type": "way", "waterway": null, "building": "yes", "name": null, "amenity": null, "brand": null, "wheelchair": null, "tourism": null }, "geometry": { "type": "MultiPolygon", "coordinates": [ [ [ [ 27.0953951, -18.568963 ], [ 27.0953968, -18.5689073 ], [ 27.0954438, -18.5689085 ], [ 27.0954421, -18.5689643 ], [ 27.0953951, -18.568963 ] ] ] ] } },
{ "type": "Feature", "properties": { "full_id": "w484751217", "osm_id": "484751217", "osm_type": "way", "waterway": null, "building": "yes", "name": null, "amenity": null, "brand": null, "wheelchair": null, "tourism": null }, "geometry": { "type": "MultiPolygon", "coordinates": [ [ [ [ 27.0952959, -18.5691372 ], [ 27.0952944, -18.5690621 ], [ 27.0953669, -18.5690608 ], [ 27.0953683, -18.5691359 ], [ 27.0952959, -18.5691372 ] ] ] ] } },
{ "type": "Feature", "properties": { "full_id": "w484762392", "osm_id": "484762392", "osm_type": "way", "waterway": null, "building": "yes", "name": null, "amenity": null, "brand": null, "wheelchair": null, "tourism": null }, "geometry": { "type": "MultiPolygon", "coordinates": [ [ [ [ 27.0325707, -18.5632091 ], [ 27.0325742, -18.5631746 ], [ 27.0326296, -18.5631796 ], [ 27.0326261, -18.5632142 ], [ 27.0325707, -18.5632091 ] ] ] ] } },
{ "type": "Feature", "properties": { "full_id": "w484762394", "osm_id": "484762394", "osm_type": "way", "waterway": null, "building": "yes", "name": null, "amenity": null, "brand": null, "wheelchair": null, "tourism": null }, "geometry": { "type": "MultiPolygon", "coordinates": [ [ [ [ 27.0324521, -18.5632438 ], [ 27.0324377, -18.5632569 ], [ 27.0324179, -18.5632584 ], [ 27.0323977, -18.563241 ], [ 27.032397, -18.5632234 ], [ 27.0324157, -18.5632046 ], [ 27.032435, -18.5632045 ], [ 27.0324507, -18.5632162 ], [ 27.0324521, -18.5632438 ] ] ] ] } },
{ "type": "Feature", "properties": { "full_id": "w484762395", "osm_id": "484762395", "osm_type": "way", "waterway": null, "building": "yes", "name": null, "amenity": null, "brand": null, "wheelchair": null, "tourism": null }, "geometry": { "type": "MultiPolygon", "coordinates": [ [ [ [ 27.0323855, -18.5631824 ], [ 27.0323738, -18.5631795 ], [ 27.0323657, -18.5631652 ], [ 27.0323734, -18.563151 ], [ 27.0323844, -18.5631479 ], [ 27.0323957, -18.5631519 ], [ 27.0324019, -18.5631617 ], [ 27.0324002, -18.5631731 ], [ 27.0323855, -18.5631824 ] ] ] ] } },
{ "type": "Feature", "properties": { "full_id": "w484762397", "osm_id": "484762397", "osm_type": "way", "waterway": null, "building": "yes", "name": null, "amenity": null, "brand": null, "wheelchair": null, "tourism": null }, "geometry": { "type": "MultiPolygon", "coordinates": [ [ [ [ 27.0322865, -18.5631658 ], [ 27.0323102, -18.5631391 ], [ 27.0323266, -18.5631522 ], [ 27.0323029, -18.5631789 ], [ 27.0322865, -18.5631658 ] ] ] ] } },
{ "type": "Feature", "properties": { "full_id": "w484762399", "osm_id": "484762399", "osm_type": "way", "waterway": null, "building": "yes", "name": null, "amenity": null, "brand": null, "wheelchair": null, "tourism": null }, "geometry": { "type": "MultiPolygon", "coordinates": [ [ [ [ 27.0319805, -18.5637636 ], [ 27.0319457, -18.5637534 ], [ 27.0319633, -18.5636993 ], [ 27.0319981, -18.5637094 ], [ 27.0319805, -18.5637636 ] ] ] ] } },
{ "type": "Feature", "properties": { "full_id": "w484762400", "osm_id": "484762400", "osm_type": "way", "waterway": null, "building": "yes", "name": null, "amenity": null, "brand": null, "wheelchair": null, "tourism": null }, "geometry": { "type": "MultiPolygon", "coordinates": [ [ [ [ 27.0321314, -18.5637417 ], [ 27.0321181, -18.5637614 ], [ 27.0321017, -18.563764 ], [ 27.0320874, -18.5637567 ], [ 27.0320806, -18.5637426 ], [ 27.0320896, -18.5637216 ], [ 27.0321133, -18.563717 ], [ 27.0321269, -18.5637264 ], [ 27.0321314, -18.5637417 ] ] ] ] } },
{ "type": "Feature", "properties": { "full_id": "w484762401", "osm_id": "484762401", "osm_type": "way", "waterway": null, "building": "yes", "name": null, "amenity": null, "brand": null, "wheelchair": null, "tourism": null }, "geometry": { "type": "MultiPolygon", "coordinates": [ [ [ [ 27.0319674, -18.5638809 ], [ 27.0320205, -18.5638814 ], [ 27.0320201, -18.5639174 ], [ 27.031967, -18.563917 ], [ 27.0319674, -18.5638809 ] ] ] ] } },
{ "type": "Feature", "properties": { "full_id": "w484762402", "osm_id": "484762402", "osm_type": "way", "waterway": null, "building": "yes", "name": null, "amenity": null, "brand": null, "wheelchair": null, "tourism": null }, "geometry": { "type": "MultiPolygon", "coordinates": [ [ [ [ 27.0320465, -18.5638863 ], [ 27.0320536, -18.5638529 ], [ 27.032089, -18.5638596 ], [ 27.0320819, -18.563893 ], [ 27.0320465, -18.5638863 ] ] ] ] } },
{ "type": "Feature", "properties": { "full_id": "w484762403", "osm_id": "484762403", "osm_type": "way", "waterway": null, "building": "yes", "name": null, "amenity": null, "brand": null, "wheelchair": null, "tourism": null }, "geometry": { "type": "MultiPolygon", "coordinates": [ [ [ [ 27.0343549, -18.5654073 ], [ 27.0343003, -18.5653959 ], [ 27.0343159, -18.5653293 ], [ 27.0343705, -18.5653408 ], [ 27.0343549, -18.5654073 ] ] ] ] } },
{ "type": "Feature", "properties": { "full_id": "w484762404", "osm_id": "484762404", "osm_type": "way", "waterway": null, "building": "yes", "name": null, "amenity": null, "brand": null, "wheelchair": null, "tourism": null }, "geometry": { "type": "MultiPolygon", "coordinates": [ [ [ [ 27.0342082, -18.5652208 ], [ 27.0342138, -18.5651653 ], [ 27.0342592, -18.5651695 ], [ 27.0342535, -18.5652249 ], [ 27.0342082, -18.5652208 ] ] ] ] } },
{ "type": "Feature", "properties": { "full_id": "w484762405", "osm_id": "484762405", "osm_type": "way", "waterway": null, "building": "yes", "name": null, "amenity": null, "brand": null, "wheelchair": null, "tourism": null }, "geometry": { "type": "MultiPolygon", "coordinates": [ [ [ [ 27.0344219, -18.5651932 ], [ 27.0344073, -18.5652105 ], [ 27.0343917, -18.5652113 ], [ 27.0343791, -18.5652031 ], [ 27.0343742, -18.5651894 ], [ 27.034379, -18.5651757 ], [ 27.0343992, -18.5651666 ], [ 27.0344192, -18.5651782 ], [ 27.0344219, -18.5651932 ] ] ] ] } },
{ "type": "Feature", "properties": { "full_id": "w484784733", "osm_id": "484784733", "osm_type": "way", "waterway": null, "building": "yes", "name": null, "amenity": null, "brand": null, "wheelchair": null, "tourism": null }, "geometry": { "type": "MultiPolygon", "coordinates": [ [ [ [ 27.0789239, -18.5635412 ], [ 27.0789467, -18.5635336 ], [ 27.0789541, -18.5635536 ], [ 27.0789313, -18.5635613 ], [ 27.0789239, -18.5635412 ] ] ] ] } },
{ "type": "Feature", "properties": { "full_id": "w484784735", "osm_id": "484784735", "osm_type": "way", "waterway": null, "building": "yes", "name": null, "amenity": null, "brand": null, "wheelchair": null, "tourism": null }, "geometry": { "type": "MultiPolygon", "coordinates": [ [ [ [ 27.078897, -18.5635018 ], [ 27.0789225, -18.5634942 ], [ 27.0789316, -18.5635213 ], [ 27.0789061, -18.563529 ], [ 27.078897, -18.5635018 ] ] ] ] } },
{ "type": "Feature", "properties": { "full_id": "w484784737", "osm_id": "484784737", "osm_type": "way", "waterway": null, "building": "yes", "name": null, "amenity": null, "brand": null, "wheelchair": null, "tourism": null }, "geometry": { "type": "MultiPolygon", "coordinates": [ [ [ [ 27.0789158, -18.5633811 ], [ 27.0789748, -18.5633798 ], [ 27.0789756, -18.563413 ], [ 27.0789166, -18.5634142 ], [ 27.0789158, -18.5633811 ] ] ] ] } },
{ "type": "Feature", "properties": { "full_id": "w484784739", "osm_id": "484784739", "osm_type": "way", "waterway": null, "building": "yes", "name": null, "amenity": null, "brand": null, "wheelchair": null, "tourism": null }, "geometry": { "type": "MultiPolygon", "coordinates": [ [ [ [ 27.0789762, -18.5633124 ], [ 27.0790526, -18.5633175 ], [ 27.07905, -18.5633529 ], [ 27.0789735, -18.5633478 ], [ 27.0789762, -18.5633124 ] ] ] ] } },
{ "type": "Feature", "properties": { "full_id": "w484784741", "osm_id": "484784741", "osm_type": "way", "waterway": null, "building": "yes", "name": null, "amenity": null, "brand": null, "wheelchair": null, "tourism": null }, "geometry": { "type": "MultiPolygon", "coordinates": [ [ [ [ 27.0790633, -18.5633734 ], [ 27.0791019, -18.5633467 ], [ 27.0791421, -18.5633988 ], [ 27.0791036, -18.5634255 ], [ 27.0790633, -18.5633734 ] ] ] ] } },
{ "type": "Feature", "properties": { "full_id": "w484784743", "osm_id": "484784743", "osm_type": "way", "waterway": null, "building": "yes", "name": null, "amenity": null, "brand": null, "wheelchair": null, "tourism": null }, "geometry": { "type": "MultiPolygon", "coordinates": [ [ [ [ 27.0790446, -18.563451 ], [ 27.0790875, -18.5634433 ], [ 27.0790977, -18.563495 ], [ 27.0790548, -18.5635026 ], [ 27.0790446, -18.563451 ] ] ] ] } },
{ "type": "Feature", "properties": { "full_id": "w484784745", "osm_id": "484784745", "osm_type": "way", "waterway": null, "building": "yes", "name": null, "amenity": null, "brand": null, "wheelchair": null, "tourism": null }, "geometry": { "type": "MultiPolygon", "coordinates": [ [ [ [ 27.080843, -18.5632024 ], [ 27.0808738, -18.563183 ], [ 27.0808939, -18.5632116 ], [ 27.0808631, -18.563231 ], [ 27.080843, -18.5632024 ] ] ] ] } },
{ "type": "Feature", "properties": { "full_id": "w484784748", "osm_id": "484784748", "osm_type": "way", "waterway": null, "building": "yes", "name": null, "amenity": null, "brand": null, "wheelchair": null, "tourism": null }, "geometry": { "type": "MultiPolygon", "coordinates": [ [ [ [ 27.0809556, -18.5632285 ], [ 27.0809875, -18.5631983 ], [ 27.0810324, -18.5632409 ], [ 27.0810006, -18.5632711 ], [ 27.0809556, -18.5632285 ] ] ] ] } },
{ "type": "Feature", "properties": { "full_id": "w484784750", "osm_id": "484784750", "osm_type": "way", "waterway": null, "building": "yes", "name": null, "amenity": null, "brand": null, "wheelchair": null, "tourism": null }, "geometry": { "type": "MultiPolygon", "coordinates": [ [ [ [ 27.080723, -18.5632832 ], [ 27.0807602, -18.5632525 ], [ 27.0808185, -18.563316 ], [ 27.0807813, -18.5633467 ], [ 27.080723, -18.5632832 ] ] ] ] } },
{ "type": "Feature", "properties": { "full_id": "w484784752", "osm_id": "484784752", "osm_type": "way", "waterway": null, "building": "yes", "name": null, "amenity": null, "brand": null, "wheelchair": null, "tourism": null }, "geometry": { "type": "MultiPolygon", "coordinates": [ [ [ [ 27.079748, -18.5641394 ], [ 27.0797673, -18.5641259 ], [ 27.0797914, -18.5641571 ], [ 27.0797721, -18.5641705 ], [ 27.079748, -18.5641394 ] ] ] ] } },
{ "type": "Feature", "properties": { "full_id": "w484784754", "osm_id": "484784754", "osm_type": "way", "waterway": null, "building": "yes", "name": null, "amenity": null, "brand": null, "wheelchair": null, "tourism": null }, "geometry": { "type": "MultiPolygon", "coordinates": [ [ [ [ 27.0796226, -18.5641203 ], [ 27.0796476, -18.5641047 ], [ 27.0796684, -18.5641346 ], [ 27.0796434, -18.5641502 ], [ 27.0796226, -18.5641203 ] ] ] ] } },
{ "type": "Feature", "properties": { "full_id": "w484784756", "osm_id": "484784756", "osm_type": "way", "waterway": null, "building": "yes", "name": null, "amenity": null, "brand": null, "wheelchair": null, "tourism": null }, "geometry": { "type": "MultiPolygon", "coordinates": [ [ [ [ 27.0798465, -18.5640599 ], [ 27.0799163, -18.5640065 ], [ 27.0799575, -18.5640549 ], [ 27.0798877, -18.5641083 ], [ 27.0798465, -18.5640599 ] ] ] ] } },
{ "type": "Feature", "properties": { "full_id": "w484784758", "osm_id": "484784758", "osm_type": "way", "waterway": null, "building": "yes", "name": null, "amenity": null, "brand": null, "wheelchair": null, "tourism": null }, "geometry": { "type": "MultiPolygon", "coordinates": [ [ [ [ 27.0798787, -18.5638794 ], [ 27.0799198, -18.5638547 ], [ 27.0799479, -18.5638966 ], [ 27.0799069, -18.5639214 ], [ 27.0798787, -18.5638794 ] ] ] ] } },
{ "type": "Feature", "properties": { "full_id": "w484784760", "osm_id": "484784760", "osm_type": "way", "waterway": null, "building": "yes", "name": null, "amenity": null, "brand": null, "wheelchair": null, "tourism": null }, "geometry": { "type": "MultiPolygon", "coordinates": [ [ [ [ 27.0797446, -18.5639061 ], [ 27.0797822, -18.5638794 ], [ 27.0798099, -18.5639144 ], [ 27.0797723, -18.5639411 ], [ 27.0797446, -18.5639061 ] ] ] ] } },
{ "type": "Feature", "properties": { "full_id": "w484784763", "osm_id": "484784763", "osm_type": "way", "waterway": null, "building": "yes", "name": null, "amenity": null, "brand": null, "wheelchair": null, "tourism": null }, "geometry": { "type": "MultiPolygon", "coordinates": [ [ [ [ 27.0796333, -18.5639913 ], [ 27.0797111, -18.5639252 ], [ 27.079758, -18.5639748 ], [ 27.0796802, -18.5640409 ], [ 27.0796333, -18.5639913 ] ] ] ] } },
{ "type": "Feature", "properties": { "full_id": "w484784765", "osm_id": "484784765", "osm_type": "way", "waterway": null, "building": "yes", "name": null, "amenity": null, "brand": null, "wheelchair": null, "tourism": null }, "geometry": { "type": "MultiPolygon", "coordinates": [ [ [ [ 27.0791304, -18.5648882 ], [ 27.0791867, -18.564878 ], [ 27.0791944, -18.5649162 ], [ 27.0791381, -18.5649264 ], [ 27.0791304, -18.5648882 ] ] ] ] } },
{ "type": "Feature", "properties": { "full_id": "w484784767", "osm_id": "484784767", "osm_type": "way", "waterway": null, "building": "yes", "name": null, "amenity": null, "brand": null, "wheelchair": null, "tourism": null }, "geometry": { "type": "MultiPolygon", "coordinates": [ [ [ [ 27.0793188, -18.5648914 ], [ 27.079355, -18.5648583 ], [ 27.0793958, -18.5648985 ], [ 27.0793596, -18.5649315 ], [ 27.0793188, -18.5648914 ] ] ] ] } },
{ "type": "Feature", "properties": { "full_id": "w484790107", "osm_id": "484790107", "osm_type": "way", "waterway": null, "building": "yes", "name": null, "amenity": null, "brand": null, "wheelchair": null, "tourism": null }, "geometry": { "type": "MultiPolygon", "coordinates": [ [ [ [ 27.0567028, -18.578242 ], [ 27.0567327, -18.5782379 ], [ 27.0567442, -18.5783143 ], [ 27.0567143, -18.5783184 ], [ 27.0567028, -18.578242 ] ] ] ] } },
{ "type": "Feature", "properties": { "full_id": "w484790108", "osm_id": "484790108", "osm_type": "way", "waterway": null, "building": "yes", "name": null, "amenity": null, "brand": null, "wheelchair": null, "tourism": null }, "geometry": { "type": "MultiPolygon", "coordinates": [ [ [ [ 27.0566483, -18.5782852 ], [ 27.0566425, -18.5783016 ], [ 27.0566175, -18.5783127 ], [ 27.0565992, -18.5783054 ], [ 27.0565904, -18.5782791 ], [ 27.056601, -18.5782631 ], [ 27.0566281, -18.5782586 ], [ 27.0566428, -18.5782688 ], [ 27.0566483, -18.5782852 ] ] ] ] } },
{ "type": "Feature", "properties": { "full_id": "w484790109", "osm_id": "484790109", "osm_type": "way", "waterway": null, "building": "yes", "name": null, "amenity": null, "brand": null, "wheelchair": null, "tourism": null }, "geometry": { "type": "MultiPolygon", "coordinates": [ [ [ [ 27.0566127, -18.5781843 ], [ 27.0566323, -18.5781933 ], [ 27.0566416, -18.5782222 ], [ 27.0566211, -18.5782454 ], [ 27.0565994, -18.5782464 ], [ 27.0565816, -18.5782345 ], [ 27.0565752, -18.5782148 ], [ 27.056583, -18.5781955 ], [ 27.0566127, -18.5781843 ] ] ] ] } },
{ "type": "Feature", "properties": { "full_id": "w484790110", "osm_id": "484790110", "osm_type": "way", "waterway": null, "building": "yes", "name": null, "amenity": null, "brand": null, "wheelchair": null, "tourism": null }, "geometry": { "type": "MultiPolygon", "coordinates": [ [ [ [ 27.056709, -18.5782202 ], [ 27.0566954, -18.5782321 ], [ 27.0566769, -18.5782337 ], [ 27.0566611, -18.5782242 ], [ 27.0566548, -18.5782072 ], [ 27.056661, -18.5781902 ], [ 27.056677, -18.5781805 ], [ 27.0566959, -18.5781823 ], [ 27.0567122, -18.5782029 ], [ 27.056709, -18.5782202 ] ] ] ] } },
{ "type": "Feature", "properties": { "full_id": "w484793061", "osm_id": "484793061", "osm_type": "way", "waterway": null, "building": "yes", "name": null, "amenity": null, "brand": null, "wheelchair": null, "tourism": null }, "geometry": { "type": "MultiPolygon", "coordinates": [ [ [ [ 27.1082268, -18.6278789 ], [ 27.1082215, -18.6278179 ], [ 27.1083121, -18.6278108 ], [ 27.1083174, -18.6278718 ], [ 27.1082268, -18.6278789 ] ] ] ] } },
{ "type": "Feature", "properties": { "full_id": "w484793063", "osm_id": "484793063", "osm_type": "way", "waterway": null, "building": "yes", "name": null, "amenity": null, "brand": null, "wheelchair": null, "tourism": null }, "geometry": { "type": "MultiPolygon", "coordinates": [ [ [ [ 27.1087311, -18.6259523 ], [ 27.1087311, -18.6260286 ], [ 27.1086506, -18.6260286 ], [ 27.1086506, -18.6259523 ], [ 27.1087311, -18.6259523 ] ] ] ] } },
{ "type": "Feature", "properties": { "full_id": "w484793064", "osm_id": "484793064", "osm_type": "way", "waterway": null, "building": "yes", "name": null, "amenity": null, "brand": null, "wheelchair": null, "tourism": null }, "geometry": { "type": "MultiPolygon", "coordinates": [ [ [ [ 27.1084361, -18.6268013 ], [ 27.1084843, -18.6267504 ], [ 27.1085415, -18.6267992 ], [ 27.1084933, -18.62685 ], [ 27.1084361, -18.6268013 ] ] ] ] } },
{ "type": "Feature", "properties": { "full_id": "w484793066", "osm_id": "484793066", "osm_type": "way", "waterway": null, "building": "yes", "name": null, "amenity": null, "brand": null, "wheelchair": null, "tourism": null }, "geometry": { "type": "MultiPolygon", "coordinates": [ [ [ [ 27.1077548, -18.6274977 ], [ 27.1078084, -18.6274469 ], [ 27.1078594, -18.6274951 ], [ 27.1078057, -18.627546 ], [ 27.1077548, -18.6274977 ] ] ] ] } },
{ "type": "Feature", "properties": { "full_id": "w484793067", "osm_id": "484793067", "osm_type": "way", "waterway": null, "building": "yes", "name": null, "amenity": null, "brand": null, "wheelchair": null, "tourism": null }, "geometry": { "type": "MultiPolygon", "coordinates": [ [ [ [ 27.1072881, -18.627152 ], [ 27.1072737, -18.6272044 ], [ 27.1071289, -18.6271688 ], [ 27.1071432, -18.6271164 ], [ 27.1072881, -18.627152 ] ] ] ] } },
{ "type": "Feature", "properties": { "full_id": "w484793068", "osm_id": "484793068", "osm_type": "way", "waterway": null, "building": "yes", "name": null, "amenity": null, "brand": null, "wheelchair": null, "tourism": null }, "geometry": { "type": "MultiPolygon", "coordinates": [ [ [ [ 27.1069501, -18.6274723 ], [ 27.1069365, -18.627541 ], [ 27.1068507, -18.6275258 ], [ 27.1068643, -18.627457 ], [ 27.1069501, -18.6274723 ] ] ] ] } },
{ "type": "Feature", "properties": { "full_id": "w484793069", "osm_id": "484793069", "osm_type": "way", "waterway": null, "building": "yes", "name": null, "amenity": null, "brand": null, "wheelchair": null, "tourism": null }, "geometry": { "type": "MultiPolygon", "coordinates": [ [ [ [ 27.107331, -18.6272486 ], [ 27.1074168, -18.6272537 ], [ 27.1074104, -18.6273512 ], [ 27.1073246, -18.6273461 ], [ 27.107331, -18.6272486 ] ] ] ] } },
{ "type": "Feature", "properties": { "full_id": "w484793070", "osm_id": "484793070", "osm_type": "way", "waterway": null, "building": "yes", "name": null, "amenity": null, "brand": null, "wheelchair": null, "tourism": null }, "geometry": { "type": "MultiPolygon", "coordinates": [ [ [ [ 27.1083931, -18.6260184 ], [ 27.108437, -18.6260516 ], [ 27.108302, -18.6261506 ], [ 27.1082688, -18.626097 ], [ 27.1083931, -18.6260184 ] ] ] ] } },
{ "type": "Feature", "properties": { "full_id": "w484793071", "osm_id": "484793071", "osm_type": "way", "waterway": null, "building": "yes", "name": null, "amenity": null, "brand": null, "wheelchair": null, "tourism": null }, "geometry": { "type": "MultiPolygon", "coordinates": [ [ [ [ 27.1074222, -18.626542 ], [ 27.1074791, -18.6265851 ], [ 27.1074168, -18.6266589 ], [ 27.1073599, -18.6266158 ], [ 27.1074222, -18.626542 ] ] ] ] } },
{ "type": "Feature", "properties": { "full_id": "w484793072", "osm_id": "484793072", "osm_type": "way", "waterway": null, "building": "yes", "name": null, "amenity": null, "brand": null, "wheelchair": null, "tourism": null }, "geometry": { "type": "MultiPolygon", "coordinates": [ [ [ [ 27.1071111, -18.6258252 ], [ 27.1071969, -18.6257236 ], [ 27.1072747, -18.6257826 ], [ 27.1071889, -18.6258842 ], [ 27.1071111, -18.6258252 ] ] ] ] } },
{ "type": "Feature", "properties": { "full_id": "w484795679", "osm_id": "484795679", "osm_type": "way", "waterway": null, "building": "yes", "name": null, "amenity": null, "brand": null, "wheelchair": null, "tourism": null }, "geometry": { "type": "MultiPolygon", "coordinates": [ [ [ [ 26.9754536, -18.656518 ], [ 26.975568, -18.6565779 ], [ 26.9755155, -18.6566679 ], [ 26.9754011, -18.6566081 ], [ 26.9754536, -18.656518 ] ] ] ] } },
{ "type": "Feature", "properties": { "full_id": "w484795681", "osm_id": "484795681", "osm_type": "way", "waterway": null, "building": "yes", "name": null, "amenity": null, "brand": null, "wheelchair": null, "tourism": null }, "geometry": { "type": "MultiPolygon", "coordinates": [ [ [ [ 26.9768414, -18.6565442 ], [ 26.9768883, -18.656547 ], [ 26.9768942, -18.6566414 ], [ 26.9768414, -18.6566386 ], [ 26.9768414, -18.6565442 ] ] ] ] } },
{ "type": "Feature", "properties": { "full_id": "w484799146", "osm_id": "484799146", "osm_type": "way", "waterway": null, "building": "yes", "name": null, "amenity": null, "brand": null, "wheelchair": null, "tourism": null }, "geometry": { "type": "MultiPolygon", "coordinates": [ [ [ [ 26.9789036, -18.6553898 ], [ 26.9789666, -18.6554025 ], [ 26.978944, -18.6555032 ], [ 26.9788809, -18.6554905 ], [ 26.9789036, -18.6553898 ] ] ] ] } },
{ "type": "Feature", "properties": { "full_id": "w484799147", "osm_id": "484799147", "osm_type": "way", "waterway": null, "building": "yes", "name": null, "amenity": null, "brand": null, "wheelchair": null, "tourism": null }, "geometry": { "type": "MultiPolygon", "coordinates": [ [ [ [ 26.9782005, -18.6561296 ], [ 26.9782506, -18.6561021 ], [ 26.9782895, -18.6561656 ], [ 26.9782394, -18.6561932 ], [ 26.9782005, -18.6561296 ] ] ] ] } },
{ "type": "Feature", "properties": { "full_id": "w484799148", "osm_id": "484799148", "osm_type": "way", "waterway": null, "building": "yes", "name": null, "amenity": null, "brand": null, "wheelchair": null, "tourism": null }, "geometry": { "type": "MultiPolygon", "coordinates": [ [ [ [ 26.9769784, -18.6564457 ], [ 26.9770776, -18.656466 ], [ 26.9770452, -18.6566081 ], [ 26.976946, -18.6565878 ], [ 26.9769784, -18.6564457 ] ] ] ] } },
{ "type": "Feature", "properties": { "full_id": "w484799149", "osm_id": "484799149", "osm_type": "way", "waterway": null, "building": "yes", "name": null, "amenity": null, "brand": null, "wheelchair": null, "tourism": null }, "geometry": { "type": "MultiPolygon", "coordinates": [ [ [ [ 26.9791553, -18.6543412 ], [ 26.979321, -18.6543323 ], [ 26.9793245, -18.6543913 ], [ 26.9791589, -18.6544002 ], [ 26.9791553, -18.6543412 ] ] ] ] } },
{ "type": "Feature", "properties": { "full_id": "w484799150", "osm_id": "484799150", "osm_type": "way", "waterway": null, "building": "yes", "name": null, "amenity": null, "brand": null, "wheelchair": null, "tourism": null }, "geometry": { "type": "MultiPolygon", "coordinates": [ [ [ [ 26.979146, -18.6543285 ], [ 26.9791431, -18.6542697 ], [ 26.9793208, -18.6542621 ], [ 26.9793237, -18.6543209 ], [ 26.979146, -18.6543285 ] ] ] ] } },
{ "type": "Feature", "properties": { "full_id": "w484799151", "osm_id": "484799151", "osm_type": "way", "waterway": null, "building": "yes", "name": null, "amenity": null, "brand": null, "wheelchair": null, "tourism": null }, "geometry": { "type": "MultiPolygon", "coordinates": [ [ [ [ 26.9794142, -18.6543707 ], [ 26.9794116, -18.6543149 ], [ 26.9795554, -18.6543089 ], [ 26.979558, -18.6543647 ], [ 26.9794142, -18.6543707 ] ] ] ] } },
{ "type": "Feature", "properties": { "full_id": "w484799152", "osm_id": "484799152", "osm_type": "way", "waterway": null, "building": "yes", "name": null, "amenity": null, "brand": null, "wheelchair": null, "tourism": null }, "geometry": { "type": "MultiPolygon", "coordinates": [ [ [ [ 26.9794085, -18.6542519 ], [ 26.9795647, -18.6542538 ], [ 26.979564, -18.6543043 ], [ 26.9794078, -18.6543024 ], [ 26.9794085, -18.6542519 ] ] ] ] } },
{ "type": "Feature", "properties": { "full_id": "w484799153", "osm_id": "484799153", "osm_type": "way", "waterway": null, "building": "yes", "name": null, "amenity": null, "brand": null, "wheelchair": null, "tourism": null }, "geometry": { "type": "MultiPolygon", "coordinates": [ [ [ [ 26.9793263, -18.6542875 ], [ 26.9794024, -18.6542828 ], [ 26.9794071, -18.6543511 ], [ 26.979331, -18.6543558 ], [ 26.9793263, -18.6542875 ] ] ] ] } },
{ "type": "Feature", "properties": { "full_id": "w484799154", "osm_id": "484799154", "osm_type": "way", "waterway": null, "building": "yes", "name": null, "amenity": null, "brand": null, "wheelchair": null, "tourism": null }, "geometry": { "type": "MultiPolygon", "coordinates": [ [ [ [ 26.9794298, -18.6546409 ], [ 26.9795488, -18.6546401 ], [ 26.9795495, -18.6547281 ], [ 26.9794304, -18.6547289 ], [ 26.9794298, -18.6546409 ] ] ] ] } },
{ "type": "Feature", "properties": { "full_id": "w484799155", "osm_id": "484799155", "osm_type": "way", "waterway": null, "building": "yes", "name": null, "amenity": null, "brand": null, "wheelchair": null, "tourism": null }, "geometry": { "type": "MultiPolygon", "coordinates": [ [ [ [ 26.9791379, -18.6546636 ], [ 26.9792355, -18.6546602 ], [ 26.9792386, -18.6547418 ], [ 26.9791411, -18.6547453 ], [ 26.9791379, -18.6546636 ] ] ] ] } },
{ "type": "Feature", "properties": { "full_id": "w484799156", "osm_id": "484799156", "osm_type": "way", "waterway": null, "building": "yes", "name": null, "amenity": null, "brand": null, "wheelchair": null, "tourism": null }, "geometry": { "type": "MultiPolygon", "coordinates": [ [ [ [ 26.9786627, -18.654255 ], [ 26.9787484, -18.6542512 ], [ 26.9787551, -18.6543852 ], [ 26.9786694, -18.6543891 ], [ 26.9786627, -18.654255 ] ] ] ] } },
{ "type": "Feature", "properties": { "full_id": "w484799157", "osm_id": "484799157", "osm_type": "way", "waterway": null, "building": "yes", "name": null, "amenity": null, "brand": null, "wheelchair": null, "tourism": null }, "geometry": { "type": "MultiPolygon", "coordinates": [ [ [ [ 26.9786959, -18.6544933 ], [ 26.9787955, -18.6544933 ], [ 26.9787955, -18.6545794 ], [ 26.9786959, -18.6545794 ], [ 26.9786959, -18.6544933 ] ] ] ] } },
{ "type": "Feature", "properties": { "full_id": "w484799158", "osm_id": "484799158", "osm_type": "way", "waterway": null, "building": "yes", "name": null, "amenity": null, "brand": null, "wheelchair": null, "tourism": null }, "geometry": { "type": "MultiPolygon", "coordinates": [ [ [ [ 26.9781607, -18.6552256 ], [ 26.9782418, -18.655178 ], [ 26.9782792, -18.6552352 ], [ 26.9781981, -18.6552829 ], [ 26.9781607, -18.6552256 ] ] ] ] } },
{ "type": "Feature", "properties": { "full_id": "w484799159", "osm_id": "484799159", "osm_type": "way", "waterway": null, "building": "yes", "name": null, "amenity": null, "brand": null, "wheelchair": null, "tourism": null }, "geometry": { "type": "MultiPolygon", "coordinates": [ [ [ [ 26.9781412, -18.6551666 ], [ 26.9782282, -18.6551094 ], [ 26.9782571, -18.6551488 ], [ 26.9781701, -18.6552059 ], [ 26.9781412, -18.6551666 ] ] ] ] } },
{ "type": "Feature", "properties": { "full_id": "w484799160", "osm_id": "484799160", "osm_type": "way", "waterway": null, "building": "yes", "name": null, "amenity": null, "brand": null, "wheelchair": null, "tourism": null }, "geometry": { "type": "MultiPolygon", "coordinates": [ [ [ [ 26.9780946, -18.6552415 ], [ 26.9781392, -18.6552993 ], [ 26.9781085, -18.6553206 ], [ 26.978064, -18.6552628 ], [ 26.9780946, -18.6552415 ] ] ] ] } },
{ "type": "Feature", "properties": { "full_id": "w484799161", "osm_id": "484799161", "osm_type": "way", "waterway": null, "building": "yes", "name": null, "amenity": null, "brand": null, "wheelchair": null, "tourism": null }, "geometry": { "type": "MultiPolygon", "coordinates": [ [ [ [ 26.9780125, -18.6553009 ], [ 26.9780536, -18.6552731 ], [ 26.9780952, -18.6553284 ], [ 26.978054, -18.6553562 ], [ 26.9780125, -18.6553009 ] ] ] ] } },
{ "type": "Feature", "properties": { "full_id": "w484799162", "osm_id": "484799162", "osm_type": "way", "waterway": null, "building": "yes", "name": null, "amenity": null, "brand": null, "wheelchair": null, "tourism": null }, "geometry": { "type": "MultiPolygon", "coordinates": [ [ [ [ 26.9779605, -18.6552666 ], [ 26.9780603, -18.6551993 ], [ 26.9780885, -18.6552368 ], [ 26.9779887, -18.6553041 ], [ 26.9779605, -18.6552666 ] ] ] ] } },
{ "type": "Feature", "properties": { "full_id": "w484799163", "osm_id": "484799163", "osm_type": "way", "waterway": null, "building": "yes", "name": null, "amenity": null, "brand": null, "wheelchair": null, "tourism": null }, "geometry": { "type": "MultiPolygon", "coordinates": [ [ [ [ 26.9788602, -18.6550879 ], [ 26.9790252, -18.6551121 ], [ 26.9789789, -18.6553959 ], [ 26.9788139, -18.6553717 ], [ 26.9788602, -18.6550879 ] ] ] ] } },
{ "type": "Feature", "properties": { "full_id": "w484799164", "osm_id": "484799164", "osm_type": "way", "waterway": null, "building": "yes", "name": null, "amenity": null, "brand": null, "wheelchair": null, "tourism": null }, "geometry": { "type": "MultiPolygon", "coordinates": [ [ [ [ 26.9783573, -18.655438 ], [ 26.9783993, -18.6554121 ], [ 26.9784218, -18.6554448 ], [ 26.9783798, -18.6554707 ], [ 26.9783573, -18.655438 ] ] ] ] } },
{ "type": "Feature", "properties": { "full_id": "w484799165", "osm_id": "484799165", "osm_type": "way", "waterway": null, "building": "yes", "name": null, "amenity": null, "brand": null, "wheelchair": null, "tourism": null }, "geometry": { "type": "MultiPolygon", "coordinates": [ [ [ [ 26.9781141, -18.6554613 ], [ 26.978212, -18.6554169 ], [ 26.9782327, -18.6554579 ], [ 26.9781348, -18.6555024 ], [ 26.9781141, -18.6554613 ] ] ] ] } },
{ "type": "Feature", "properties": { "full_id": "w484799166", "osm_id": "484799166", "osm_type": "way", "waterway": null, "building": "yes", "name": null, "amenity": null, "brand": null, "wheelchair": null, "tourism": null }, "geometry": { "type": "MultiPolygon", "coordinates": [ [ [ [ 26.9781084, -18.6556072 ], [ 26.9781464, -18.6555888 ], [ 26.9781786, -18.6556485 ], [ 26.9781405, -18.6556669 ], [ 26.9781084, -18.6556072 ] ] ] ] } },
{ "type": "Feature", "properties": { "full_id": "w484799167", "osm_id": "484799167", "osm_type": "way", "waterway": null, "building": "yes", "name": null, "amenity": null, "brand": null, "wheelchair": null, "tourism": null }, "geometry": { "type": "MultiPolygon", "coordinates": [ [ [ [ 26.978563, -18.6556453 ], [ 26.9786086, -18.6556256 ], [ 26.9786243, -18.6556583 ], [ 26.9785787, -18.655678 ], [ 26.978563, -18.6556453 ] ] ] ] } },
{ "type": "Feature", "properties": { "full_id": "w484799168", "osm_id": "484799168", "osm_type": "way", "waterway": null, "building": "yes", "name": null, "amenity": null, "brand": null, "wheelchair": null, "tourism": null }, "geometry": { "type": "MultiPolygon", "coordinates": [ [ [ [ 26.9786269, -18.6556829 ], [ 26.9788113, -18.6556213 ], [ 26.9788386, -18.6556947 ], [ 26.9786542, -18.6557563 ], [ 26.9786269, -18.6556829 ] ] ] ] } },
{ "type": "Feature", "properties": { "full_id": "w484799169", "osm_id": "484799169", "osm_type": "way", "waterway": null, "building": "yes", "name": null, "amenity": null, "brand": null, "wheelchair": null, "tourism": null }, "geometry": { "type": "MultiPolygon", "coordinates": [ [ [ [ 26.9783372, -18.6557719 ], [ 26.9785652, -18.6556937 ], [ 26.9785991, -18.6557825 ], [ 26.9783711, -18.6558607 ], [ 26.9783372, -18.6557719 ] ] ] ] } },
{ "type": "Feature", "properties": { "full_id": "w484799170", "osm_id": "484799170", "osm_type": "way", "waterway": null, "building": "yes", "name": null, "amenity": null, "brand": null, "wheelchair": null, "tourism": null }, "geometry": { "type": "MultiPolygon", "coordinates": [ [ [ [ 26.9788103, -18.6564374 ], [ 26.9788404, -18.6564234 ], [ 26.9788572, -18.6564558 ], [ 26.978827, -18.6564698 ], [ 26.9788103, -18.6564374 ] ] ] ] } },
{ "type": "Feature", "properties": { "full_id": "w484799171", "osm_id": "484799171", "osm_type": "way", "waterway": null, "building": "yes", "name": null, "amenity": null, "brand": null, "wheelchair": null, "tourism": null }, "geometry": { "type": "MultiPolygon", "coordinates": [ [ [ [ 26.9786352, -18.6564863 ], [ 26.9786696, -18.6564531 ], [ 26.978736, -18.6565147 ], [ 26.9787016, -18.6565479 ], [ 26.9786352, -18.6564863 ] ] ] ] } },
{ "type": "Feature", "properties": { "full_id": "w484799172", "osm_id": "484799172", "osm_type": "way", "waterway": null, "building": "yes", "name": null, "amenity": null, "brand": null, "wheelchair": null, "tourism": null }, "geometry": { "type": "MultiPolygon", "coordinates": [ [ [ [ 26.9786171, -18.6561324 ], [ 26.9786438, -18.6561191 ], [ 26.9786693, -18.6561648 ], [ 26.9786426, -18.6561781 ], [ 26.9786171, -18.6561324 ] ] ] ] } },
{ "type": "Feature", "properties": { "full_id": "w484799173", "osm_id": "484799173", "osm_type": "way", "waterway": null, "building": "yes", "name": null, "amenity": null, "brand": null, "wheelchair": null, "tourism": null }, "geometry": { "type": "MultiPolygon", "coordinates": [ [ [ [ 26.9783905, -18.6562474 ], [ 26.9786228, -18.6561553 ], [ 26.978714, -18.6563618 ], [ 26.9784817, -18.6564539 ], [ 26.9783905, -18.6562474 ] ] ] ] } },
{ "type": "Feature", "properties": { "full_id": "w484814086", "osm_id": "484814086", "osm_type": "way", "waterway": null, "building": "residential", "name": null, "amenity": null, "brand": null, "wheelchair": null, "tourism": null }, "geometry": { "type": "MultiPolygon", "coordinates": [ [ [ [ 27.0457796, -18.5684942 ], [ 27.0458387, -18.5684917 ], [ 27.0458414, -18.5685475 ], [ 27.0457823, -18.5685501 ], [ 27.0457796, -18.5684942 ] ] ] ] } },
{ "type": "Feature", "properties": { "full_id": "w484814151", "osm_id": "484814151", "osm_type": "way", "waterway": null, "building": "yes", "name": null, "amenity": null, "brand": null, "wheelchair": null, "tourism": null }, "geometry": { "type": "MultiPolygon", "coordinates": [ [ [ [ 27.0465682, -18.5682148 ], [ 27.04665, -18.5682038 ], [ 27.0466677, -18.5683213 ], [ 27.0465859, -18.5683323 ], [ 27.0465682, -18.5682148 ] ] ] ] } },
{ "type": "Feature", "properties": { "full_id": "w484814152", "osm_id": "484814152", "osm_type": "way", "waterway": null, "building": "yes", "name": null, "amenity": null, "brand": null, "wheelchair": null, "tourism": null }, "geometry": { "type": "MultiPolygon", "coordinates": [ [ [ [ 27.107728, -18.6260896 ], [ 27.1077646, -18.6260598 ], [ 27.1077968, -18.6260954 ], [ 27.1077601, -18.6261252 ], [ 27.107728, -18.6260896 ] ] ] ] } },
{ "type": "Feature", "properties": { "full_id": "w484814153", "osm_id": "484814153", "osm_type": "way", "waterway": null, "building": "yes", "name": null, "amenity": null, "brand": null, "wheelchair": null, "tourism": null }, "geometry": { "type": "MultiPolygon", "coordinates": [ [ [ [ 27.1078782, -18.6260387 ], [ 27.1079372, -18.6260387 ], [ 27.1079372, -18.6260692 ], [ 27.1078782, -18.6260692 ], [ 27.1078782, -18.6260387 ] ] ] ] } },
{ "type": "Feature", "properties": { "full_id": "w484814154", "osm_id": "484814154", "osm_type": "way", "waterway": null, "building": "yes", "name": null, "amenity": null, "brand": null, "wheelchair": null, "tourism": null }, "geometry": { "type": "MultiPolygon", "coordinates": [ [ [ [ 27.10636, -18.6268368 ], [ 27.1063976, -18.6268928 ], [ 27.1063476, -18.6269229 ], [ 27.10631, -18.626867 ], [ 27.10636, -18.6268368 ] ] ] ] } },
{ "type": "Feature", "properties": { "full_id": "w484814502", "osm_id": "484814502", "osm_type": "way", "waterway": null, "building": "yes", "name": null, "amenity": null, "brand": null, "wheelchair": null, "tourism": null }, "geometry": { "type": "MultiPolygon", "coordinates": [ [ [ [ 27.0466857, -18.5681928 ], [ 27.0467368, -18.5681602 ], [ 27.046774, -18.5682127 ], [ 27.046723, -18.5682452 ], [ 27.0466857, -18.5681928 ] ] ] ] } },
{ "type": "Feature", "properties": { "full_id": "w484814597", "osm_id": "484814597", "osm_type": "way", "waterway": null, "building": "house", "name": null, "amenity": null, "brand": null, "wheelchair": null, "tourism": null }, "geometry": { "type": "MultiPolygon", "coordinates": [ [ [ [ 27.0479033, -18.5681505 ], [ 27.0479818, -18.5681498 ], [ 27.0479825, -18.5682253 ], [ 27.047904, -18.5682259 ], [ 27.0479033, -18.5681505 ] ] ] ] } },
{ "type": "Feature", "properties": { "full_id": "w484814694", "osm_id": "484814694", "osm_type": "way", "waterway": null, "building": "yes", "name": null, "amenity": null, "brand": null, "wheelchair": null, "tourism": null }, "geometry": { "type": "MultiPolygon", "coordinates": [ [ [ [ 27.0478801, -18.5683063 ], [ 27.047938, -18.5683053 ], [ 27.0479391, -18.5683635 ], [ 27.0478812, -18.5683644 ], [ 27.0478801, -18.5683063 ] ] ] ] } },
{ "type": "Feature", "properties": { "full_id": "w484814946", "osm_id": "484814946", "osm_type": "way", "waterway": null, "building": "apartments", "name": null, "amenity": null, "brand": null, "wheelchair": null, "tourism": null }, "geometry": { "type": "MultiPolygon", "coordinates": [ [ [ [ 27.0478441, -18.5682788 ], [ 27.0478494, -18.5682979 ], [ 27.047833, -18.5683223 ], [ 27.0478124, -18.5683257 ], [ 27.047794, -18.5683165 ], [ 27.0477854, -18.5682984 ], [ 27.0477975, -18.5682718 ], [ 27.0478171, -18.5682652 ], [ 27.0478441, -18.5682788 ] ] ] ] } },
{ "type": "Feature", "properties": { "full_id": "w484815520", "osm_id": "484815520", "osm_type": "way", "waterway": null, "building": "apartments", "name": null, "amenity": null, "brand": null, "wheelchair": null, "tourism": null }, "geometry": { "type": "MultiPolygon", "coordinates": [ [ [ [ 27.0467623, -18.5682802 ], [ 27.0467709, -18.5683178 ], [ 27.0467553, -18.5683394 ], [ 27.0467278, -18.5683478 ], [ 27.0467134, -18.568345 ], [ 27.0466915, -18.5683271 ], [ 27.0466863, -18.5683002 ], [ 27.0467113, -18.5682692 ], [ 27.0467387, -18.5682666 ], [ 27.0467623, -18.5682802 ] ] ] ] } },
{ "type": "Feature", "properties": { "full_id": "w484815683", "osm_id": "484815683", "osm_type": "way", "waterway": null, "building": "yes", "name": null, "amenity": null, "brand": null, "wheelchair": null, "tourism": null }, "geometry": { "type": "MultiPolygon", "coordinates": [ [ [ [ 27.0467936, -18.5701202 ], [ 27.0468921, -18.570126 ], [ 27.0468942, -18.5702368 ], [ 27.0467936, -18.570231 ], [ 27.0467936, -18.5701202 ] ] ] ] } },
{ "type": "Feature", "properties": { "full_id": "w484815809", "osm_id": "484815809", "osm_type": "way", "waterway": null, "building": "house", "name": null, "amenity": null, "brand": null, "wheelchair": null, "tourism": null }, "geometry": { "type": "MultiPolygon", "coordinates": [ [ [ [ 27.0468739, -18.5702541 ], [ 27.0469602, -18.5702541 ], [ 27.0469602, -18.5703119 ], [ 27.0468739, -18.5703119 ], [ 27.0468739, -18.5702541 ] ] ] ] } },
{ "type": "Feature", "properties": { "full_id": "w484815858", "osm_id": "484815858", "osm_type": "way", "waterway": null, "building": "yes", "name": null, "amenity": null, "brand": null, "wheelchair": null, "tourism": null }, "geometry": { "type": "MultiPolygon", "coordinates": [ [ [ [ 27.0623399, -18.5866739 ], [ 27.0623802, -18.5866561 ], [ 27.0624077, -18.586712 ], [ 27.0623675, -18.5867298 ], [ 27.0623399, -18.5866739 ] ] ] ] } },
{ "type": "Feature", "properties": { "full_id": "w484815859", "osm_id": "484815859", "osm_type": "way", "waterway": null, "building": "yes", "name": null, "amenity": null, "brand": null, "wheelchair": null, "tourism": null }, "geometry": { "type": "MultiPolygon", "coordinates": [ [ [ [ 27.0639332, -18.5871086 ], [ 27.0639788, -18.5870997 ], [ 27.0639856, -18.5871312 ], [ 27.06394, -18.5871401 ], [ 27.0639332, -18.5871086 ] ] ] ] } },
{ "type": "Feature", "properties": { "full_id": "w484815860", "osm_id": "484815860", "osm_type": "way", "waterway": null, "building": "yes", "name": null, "amenity": null, "brand": null, "wheelchair": null, "tourism": null }, "geometry": { "type": "MultiPolygon", "coordinates": [ [ [ [ 27.0640418, -18.5871061 ], [ 27.0640793, -18.5871061 ], [ 27.0640793, -18.5871379 ], [ 27.0640418, -18.5871379 ], [ 27.0640418, -18.5871061 ] ] ] ] } },
{ "type": "Feature", "properties": { "full_id": "w484815861", "osm_id": "484815861", "osm_type": "way", "waterway": null, "building": "yes", "name": null, "amenity": null, "brand": null, "wheelchair": null, "tourism": null }, "geometry": { "type": "MultiPolygon", "coordinates": [ [ [ [ 27.0636904, -18.587148 ], [ 27.063728, -18.5871442 ], [ 27.0637319, -18.5871789 ], [ 27.0636943, -18.5871827 ], [ 27.0636904, -18.587148 ] ] ] ] } },
{ "type": "Feature", "properties": { "full_id": "w484815862", "osm_id": "484815862", "osm_type": "way", "waterway": null, "building": "yes", "name": null, "amenity": null, "brand": null, "wheelchair": null, "tourism": null }, "geometry": { "type": "MultiPolygon", "coordinates": [ [ [ [ 27.0636998, -18.5870819 ], [ 27.0636939, -18.5870469 ], [ 27.0637609, -18.5870367 ], [ 27.0637669, -18.5870718 ], [ 27.0636998, -18.5870819 ] ] ] ] } },
{ "type": "Feature", "properties": { "full_id": "w484815863", "osm_id": "484815863", "osm_type": "way", "waterway": null, "building": "yes", "name": null, "amenity": null, "brand": null, "wheelchair": null, "tourism": null }, "geometry": { "type": "MultiPolygon", "coordinates": [ [ [ [ 27.0638487, -18.5871251 ], [ 27.0638889, -18.5871239 ], [ 27.0638897, -18.5871465 ], [ 27.0638495, -18.5871478 ], [ 27.0638487, -18.5871251 ] ] ] ] } },
{ "type": "Feature", "properties": { "full_id": "w484815864", "osm_id": "484815864", "osm_type": "way", "waterway": null, "building": "yes", "name": null, "amenity": null, "brand": null, "wheelchair": null, "tourism": null }, "geometry": { "type": "MultiPolygon", "coordinates": [ [ [ [ 27.0638876, -18.5871607 ], [ 27.0639318, -18.5871646 ], [ 27.0639281, -18.5872034 ], [ 27.0638838, -18.5871996 ], [ 27.0638876, -18.5871607 ] ] ] ] } },
{ "type": "Feature", "properties": { "full_id": "w484815865", "osm_id": "484815865", "osm_type": "way", "waterway": null, "building": "yes", "name": null, "amenity": null, "brand": null, "wheelchair": null, "tourism": null }, "geometry": { "type": "MultiPolygon", "coordinates": [ [ [ [ 27.0628107, -18.5868417 ], [ 27.0628107, -18.5868048 ], [ 27.0628643, -18.5868048 ], [ 27.0628643, -18.5868417 ], [ 27.0628107, -18.5868417 ] ] ] ] } },
{ "type": "Feature", "properties": { "full_id": "w484815936", "osm_id": "484815936", "osm_type": "way", "waterway": null, "building": "apartments", "name": null, "amenity": null, "brand": null, "wheelchair": null, "tourism": null }, "geometry": { "type": "MultiPolygon", "coordinates": [ [ [ [ 27.0470577, -18.5702896 ], [ 27.0470318, -18.5702707 ], [ 27.0470229, -18.5702409 ], [ 27.0470345, -18.570212 ], [ 27.0470646, -18.5701948 ], [ 27.0470825, -18.5701944 ], [ 27.0471134, -18.5702102 ], [ 27.0471229, -18.5702246 ], [ 27.0471243, -18.5702579 ], [ 27.0471052, -18.570283 ], [ 27.047074, -18.5702923 ], [ 27.0470577, -18.5702896 ] ] ] ] } },
{ "type": "Feature", "properties": { "full_id": "w484816063", "osm_id": "484816063", "osm_type": "way", "waterway": null, "building": "yes", "name": null, "amenity": null, "brand": null, "wheelchair": null, "tourism": null }, "geometry": { "type": "MultiPolygon", "coordinates": [ [ [ [ 27.045734, -18.5699345 ], [ 27.0457943, -18.5700175 ], [ 27.0457064, -18.5700748 ], [ 27.0456461, -18.5699918 ], [ 27.045734, -18.5699345 ] ] ] ] } },
{ "type": "Feature", "properties": { "full_id": "w484816153", "osm_id": "484816153", "osm_type": "way", "waterway": null, "building": "yes", "name": null, "amenity": null, "brand": null, "wheelchair": null, "tourism": null }, "geometry": { "type": "MultiPolygon", "coordinates": [ [ [ [ 27.0461303, -18.5696569 ], [ 27.046178, -18.5696962 ], [ 27.0461483, -18.5697286 ], [ 27.0461006, -18.5696894 ], [ 27.0461303, -18.5696569 ] ] ] ] } },
{ "type": "Feature", "properties": { "full_id": "w484816228", "osm_id": "484816228", "osm_type": "way", "waterway": null, "building": "yes", "name": null, "amenity": null, "brand": null, "wheelchair": null, "tourism": null }, "geometry": { "type": "MultiPolygon", "coordinates": [ [ [ [ 27.048508, -18.5860467 ], [ 27.0485187, -18.5860925 ], [ 27.0484648, -18.5861039 ], [ 27.048454, -18.5860581 ], [ 27.048508, -18.5860467 ] ] ] ] } },
{ "type": "Feature", "properties": { "full_id": "w484816229", "osm_id": "484816229", "osm_type": "way", "waterway": null, "building": "yes", "name": null, "amenity": null, "brand": null, "wheelchair": null, "tourism": null }, "geometry": { "type": "MultiPolygon", "coordinates": [ [ [ [ 27.0488875, -18.5849802 ], [ 27.0488845, -18.5849389 ], [ 27.0489234, -18.5849364 ], [ 27.0489264, -18.5849777 ], [ 27.0488875, -18.5849802 ] ] ] ] } },
{ "type": "Feature", "properties": { "full_id": "w484816230", "osm_id": "484816230", "osm_type": "way", "waterway": null, "building": "yes", "name": null, "amenity": null, "brand": null, "wheelchair": null, "tourism": null }, "geometry": { "type": "MultiPolygon", "coordinates": [ [ [ [ 27.0493824, -18.5848645 ], [ 27.0494026, -18.5848712 ], [ 27.0493919, -18.5849004 ], [ 27.0493717, -18.5848938 ], [ 27.0493824, -18.5848645 ] ] ] ] } },
{ "type": "Feature", "properties": { "full_id": "w484816231", "osm_id": "484816231", "osm_type": "way", "waterway": null, "building": "yes", "name": null, "amenity": null, "brand": null, "wheelchair": null, "tourism": null }, "geometry": { "type": "MultiPolygon", "coordinates": [ [ [ [ 27.0493395, -18.5848201 ], [ 27.049369, -18.5848239 ], [ 27.0493628, -18.584867 ], [ 27.0493333, -18.5848632 ], [ 27.0493395, -18.5848201 ] ] ] ] } },
{ "type": "Feature", "properties": { "full_id": "w484816232", "osm_id": "484816232", "osm_type": "way", "waterway": null, "building": "yes", "name": null, "amenity": null, "brand": null, "wheelchair": null, "tourism": null }, "geometry": { "type": "MultiPolygon", "coordinates": [ [ [ [ 27.0509421, -18.5850603 ], [ 27.0509864, -18.5850578 ], [ 27.0509885, -18.5850917 ], [ 27.0509443, -18.5850943 ], [ 27.0509421, -18.5850603 ] ] ] ] } },
{ "type": "Feature", "properties": { "full_id": "w484816233", "osm_id": "484816233", "osm_type": "way", "waterway": null, "building": "yes", "name": null, "amenity": null, "brand": null, "wheelchair": null, "tourism": null }, "geometry": { "type": "MultiPolygon", "coordinates": [ [ [ [ 27.050643, -18.5843599 ], [ 27.0506498, -18.5843244 ], [ 27.0507168, -18.5843358 ], [ 27.0507101, -18.5843713 ], [ 27.050643, -18.5843599 ] ] ] ] } },
{ "type": "Feature", "properties": { "full_id": "w484816234", "osm_id": "484816234", "osm_type": "way", "waterway": null, "building": "yes", "name": null, "amenity": null, "brand": null, "wheelchair": null, "tourism": null }, "geometry": { "type": "MultiPolygon", "coordinates": [ [ [ [ 27.0502984, -18.5839989 ], [ 27.050356, -18.5839989 ], [ 27.050356, -18.5840472 ], [ 27.0502984, -18.5840472 ], [ 27.0502984, -18.5839989 ] ] ] ] } },
{ "type": "Feature", "properties": { "full_id": "w484816235", "osm_id": "484816235", "osm_type": "way", "waterway": null, "building": "yes", "name": null, "amenity": null, "brand": null, "wheelchair": null, "tourism": null }, "geometry": { "type": "MultiPolygon", "coordinates": [ [ [ [ 27.0483927, -18.5839048 ], [ 27.0484369, -18.5839061 ], [ 27.048436, -18.5839343 ], [ 27.0483918, -18.583933 ], [ 27.0483927, -18.5839048 ] ] ] ] } },
{ "type": "Feature", "properties": { "full_id": "w484816236", "osm_id": "484816236", "osm_type": "way", "waterway": null, "building": "yes", "name": null, "amenity": null, "brand": null, "wheelchair": null, "tourism": null }, "geometry": { "type": "MultiPolygon", "coordinates": [ [ [ [ 27.0484678, -18.5839162 ], [ 27.0485, -18.5839112 ], [ 27.0485068, -18.5839503 ], [ 27.0484747, -18.5839554 ], [ 27.0484678, -18.5839162 ] ] ] ] } },
{ "type": "Feature", "properties": { "full_id": "w484816237", "osm_id": "484816237", "osm_type": "way", "waterway": null, "building": "yes", "name": null, "amenity": null, "brand": null, "wheelchair": null, "tourism": null }, "geometry": { "type": "MultiPolygon", "coordinates": [ [ [ [ 27.0484302, -18.5839823 ], [ 27.0484919, -18.5839709 ], [ 27.0485035, -18.5840272 ], [ 27.0484418, -18.5840387 ], [ 27.0484302, -18.5839823 ] ] ] ] } },
{ "type": "Feature", "properties": { "full_id": "w484816238", "osm_id": "484816238", "osm_type": "way", "waterway": null, "building": "yes", "name": null, "amenity": null, "brand": null, "wheelchair": null, "tourism": null }, "geometry": { "type": "MultiPolygon", "coordinates": [ [ [ [ 27.0485268, -18.5839264 ], [ 27.0485751, -18.5839175 ], [ 27.0485845, -18.5839633 ], [ 27.0485362, -18.5839722 ], [ 27.0485268, -18.5839264 ] ] ] ] } },
{ "type": "Feature", "properties": { "full_id": "w484816239", "osm_id": "484816239", "osm_type": "way", "waterway": null, "building": "yes", "name": null, "amenity": null, "brand": null, "wheelchair": null, "tourism": null }, "geometry": { "type": "MultiPolygon", "coordinates": [ [ [ [ 27.0486984, -18.5839175 ], [ 27.0487521, -18.5839213 ], [ 27.0487487, -18.5839644 ], [ 27.048695, -18.5839606 ], [ 27.0486984, -18.5839175 ] ] ] ] } },
{ "type": "Feature", "properties": { "full_id": "w484816240", "osm_id": "484816240", "osm_type": "way", "waterway": null, "building": "yes", "name": null, "amenity": null, "brand": null, "wheelchair": null, "tourism": null }, "geometry": { "type": "MultiPolygon", "coordinates": [ [ [ [ 27.048685, -18.5840281 ], [ 27.0487459, -18.5840309 ], [ 27.0487433, -18.5840842 ], [ 27.0486823, -18.5840815 ], [ 27.048685, -18.5840281 ] ] ] ] } },
{ "type": "Feature", "properties": { "full_id": "w484816241", "osm_id": "484816241", "osm_type": "way", "waterway": null, "building": "yes", "name": null, "amenity": null, "brand": null, "wheelchair": null, "tourism": null }, "geometry": { "type": "MultiPolygon", "coordinates": [ [ [ [ 27.0484986, -18.5841679 ], [ 27.0486032, -18.5841514 ], [ 27.0486171, -18.5842306 ], [ 27.0485125, -18.5842471 ], [ 27.0484986, -18.5841679 ] ] ] ] } },
{ "type": "Feature", "properties": { "full_id": "w484816242", "osm_id": "484816242", "osm_type": "way", "waterway": null, "building": "yes", "name": null, "amenity": null, "brand": null, "wheelchair": null, "tourism": null }, "geometry": { "type": "MultiPolygon", "coordinates": [ [ [ [ 27.0486314, -18.5846484 ], [ 27.0486765, -18.5846456 ], [ 27.0486792, -18.5846837 ], [ 27.0486341, -18.5846866 ], [ 27.0486314, -18.5846484 ] ] ] ] } },
{ "type": "Feature", "properties": { "full_id": "w484816243", "osm_id": "484816243", "osm_type": "way", "waterway": null, "building": "yes", "name": null, "amenity": null, "brand": null, "wheelchair": null, "tourism": null }, "geometry": { "type": "MultiPolygon", "coordinates": [ [ [ [ 27.0491947, -18.5850158 ], [ 27.0492322, -18.5850145 ], [ 27.0492336, -18.5850524 ], [ 27.0491961, -18.5850537 ], [ 27.0491947, -18.5850158 ] ] ] ] } },
{ "type": "Feature", "properties": { "full_id": "w484816244", "osm_id": "484816244", "osm_type": "way", "waterway": null, "building": "yes", "name": null, "amenity": null, "brand": null, "wheelchair": null, "tourism": null }, "geometry": { "type": "MultiPolygon", "coordinates": [ [ [ [ 27.04942, -18.5850361 ], [ 27.0495071, -18.5850425 ], [ 27.0495012, -18.585116 ], [ 27.049414, -18.5851096 ], [ 27.04942, -18.5850361 ] ] ] ] } },
{ "type": "Feature", "properties": { "full_id": "w484816245", "osm_id": "484816245", "osm_type": "way", "waterway": null, "building": "yes", "name": null, "amenity": null, "brand": null, "wheelchair": null, "tourism": null }, "geometry": { "type": "MultiPolygon", "coordinates": [ [ [ [ 27.0493636, -18.584965 ], [ 27.0494226, -18.584965 ], [ 27.0494226, -18.5850044 ], [ 27.0493636, -18.5850044 ], [ 27.0493636, -18.584965 ] ] ] ] } },
{ "type": "Feature", "properties": { "full_id": "w484816246", "osm_id": "484816246", "osm_type": "way", "waterway": null, "building": "yes", "name": null, "amenity": null, "brand": null, "wheelchair": null, "tourism": null }, "geometry": { "type": "MultiPolygon", "coordinates": [ [ [ [ 27.0494159, -18.5849014 ], [ 27.0494535, -18.5848862 ], [ 27.0494685, -18.5849193 ], [ 27.0494309, -18.5849345 ], [ 27.0494159, -18.5849014 ] ] ] ] } },
{ "type": "Feature", "properties": { "full_id": "w484816247", "osm_id": "484816247", "osm_type": "way", "waterway": null, "building": "yes", "name": null, "amenity": null, "brand": null, "wheelchair": null, "tourism": null }, "geometry": { "type": "MultiPolygon", "coordinates": [ [ [ [ 27.0495031, -18.5848696 ], [ 27.0495487, -18.5848684 ], [ 27.0495498, -18.5849051 ], [ 27.0495042, -18.5849063 ], [ 27.0495031, -18.5848696 ] ] ] ] } },
{ "type": "Feature", "properties": { "full_id": "w484816248", "osm_id": "484816248", "osm_type": "way", "waterway": null, "building": "yes", "name": null, "amenity": null, "brand": null, "wheelchair": null, "tourism": null }, "geometry": { "type": "MultiPolygon", "coordinates": [ [ [ [ 27.0495916, -18.5849974 ], [ 27.049586, -18.5849545 ], [ 27.0496289, -18.5849494 ], [ 27.0496345, -18.5849923 ], [ 27.0495916, -18.5849974 ] ] ] ] } },
{ "type": "Feature", "properties": { "full_id": "w484816464", "osm_id": "484816464", "osm_type": "way", "waterway": null, "building": "yes", "name": null, "amenity": null, "brand": null, "wheelchair": null, "tourism": null }, "geometry": { "type": "MultiPolygon", "coordinates": [ [ [ [ 27.0461224, -18.5695423 ], [ 27.0461776, -18.569585 ], [ 27.0461426, -18.5696104 ], [ 27.0460953, -18.5695739 ], [ 27.0461224, -18.5695423 ] ] ] ] } },
{ "type": "Feature", "properties": { "full_id": "w484816534", "osm_id": "484816534", "osm_type": "way", "waterway": null, "building": "apartments", "name": null, "amenity": null, "brand": null, "wheelchair": null, "tourism": null }, "geometry": { "type": "MultiPolygon", "coordinates": [ [ [ [ 27.0464148, -18.5697044 ], [ 27.0464417, -18.5697286 ], [ 27.0463984, -18.5697717 ], [ 27.0463715, -18.5697474 ], [ 27.0464148, -18.5697044 ] ] ] ] } },
{ "type": "Feature", "properties": { "full_id": "w484816765", "osm_id": "484816765", "osm_type": "way", "waterway": null, "building": "apartments", "name": null, "amenity": null, "brand": null, "wheelchair": null, "tourism": null }, "geometry": { "type": "MultiPolygon", "coordinates": [ [ [ [ 27.046473, -18.5696459 ], [ 27.046508, -18.569679 ], [ 27.046466, -18.5697188 ], [ 27.0464311, -18.5696857 ], [ 27.046473, -18.5696459 ] ] ] ] } },
{ "type": "Feature", "properties": { "full_id": "w484816950", "osm_id": "484816950", "osm_type": "way", "waterway": null, "building": "house", "name": null, "amenity": null, "brand": null, "wheelchair": null, "tourism": null }, "geometry": { "type": "MultiPolygon", "coordinates": [ [ [ [ 27.0463236, -18.5697984 ], [ 27.0463539, -18.5697735 ], [ 27.0463725, -18.569794 ], [ 27.0463422, -18.5698188 ], [ 27.0463236, -18.5697984 ] ] ] ] } },
{ "type": "Feature", "properties": { "full_id": "w484817126", "osm_id": "484817126", "osm_type": "way", "waterway": null, "building": "house", "name": null, "amenity": null, "brand": null, "wheelchair": null, "tourism": null }, "geometry": { "type": "MultiPolygon", "coordinates": [ [ [ [ 27.0463385, -18.5696073 ], [ 27.0463602, -18.5696238 ], [ 27.0463619, -18.5696417 ], [ 27.0463515, -18.5696574 ], [ 27.0463325, -18.5696636 ], [ 27.0463136, -18.5696572 ], [ 27.0463033, -18.5696409 ], [ 27.0463118, -18.5696148 ], [ 27.0463385, -18.5696073 ] ] ] ] } },
{ "type": "Feature", "properties": { "full_id": "w484817507", "osm_id": "484817507", "osm_type": "way", "waterway": null, "building": "house", "name": null, "amenity": null, "brand": null, "wheelchair": null, "tourism": null }, "geometry": { "type": "MultiPolygon", "coordinates": [ [ [ [ 27.045719, -18.5684459 ], [ 27.0457004, -18.5684483 ], [ 27.0456798, -18.568431 ], [ 27.04568, -18.5684131 ], [ 27.0456907, -18.5684003 ], [ 27.0457073, -18.5683959 ], [ 27.0457235, -18.5684015 ], [ 27.0457331, -18.5684151 ], [ 27.0457319, -18.5684329 ], [ 27.045719, -18.5684459 ] ] ] ] } },
{ "type": "Feature", "properties": { "full_id": "w484817653", "osm_id": "484817653", "osm_type": "way", "waterway": null, "building": "yes", "name": null, "amenity": null, "brand": null, "wheelchair": null, "tourism": null }, "geometry": { "type": "MultiPolygon", "coordinates": [ [ [ [ 27.0463595, -18.5693427 ], [ 27.0464075, -18.5693386 ], [ 27.0464095, -18.569359 ], [ 27.0463614, -18.5693632 ], [ 27.0463595, -18.5693427 ] ] ] ] } },
{ "type": "Feature", "properties": { "full_id": "w495929393", "osm_id": "495929393", "osm_type": "way", "waterway": null, "building": "yes", "name": null, "amenity": null, "brand": null, "wheelchair": null, "tourism": null }, "geometry": { "type": "MultiPolygon", "coordinates": [ [ [ [ 27.059754, -18.6167125 ], [ 27.059798, -18.6166814 ], [ 27.059849, -18.6167462 ], [ 27.0598049, -18.6167773 ], [ 27.059754, -18.6167125 ] ] ] ] } },
{ "type": "Feature", "properties": { "full_id": "w495929394", "osm_id": "495929394", "osm_type": "way", "waterway": null, "building": "yes", "name": null, "amenity": null, "brand": null, "wheelchair": null, "tourism": null }, "geometry": { "type": "MultiPolygon", "coordinates": [ [ [ [ 27.0591746, -18.6166833 ], [ 27.0592419, -18.616681 ], [ 27.0592473, -18.6168195 ], [ 27.05918, -18.6168218 ], [ 27.0591746, -18.6166833 ] ] ] ] } },
{ "type": "Feature", "properties": { "full_id": "w495929395", "osm_id": "495929395", "osm_type": "way", "waterway": null, "building": "yes", "name": null, "amenity": null, "brand": null, "wheelchair": null, "tourism": null }, "geometry": { "type": "MultiPolygon", "coordinates": [ [ [ [ 27.0589574, -18.6168955 ], [ 27.0590267, -18.6169213 ], [ 27.058973, -18.6170509 ], [ 27.0589037, -18.6170252 ], [ 27.0589574, -18.6168955 ] ] ] ] } },
{ "type": "Feature", "properties": { "full_id": "w667187352", "osm_id": "667187352", "osm_type": "way", "waterway": null, "building": "hotel", "name": null, "amenity": null, "brand": null, "wheelchair": null, "tourism": null }, "geometry": { "type": "MultiPolygon", "coordinates": [ [ [ [ 27.0526189, -18.6153242 ], [ 27.0525365, -18.6152865 ], [ 27.0525996, -18.6151628 ], [ 27.052682, -18.6152005 ], [ 27.0526189, -18.6153242 ] ] ] ] } },
{ "type": "Feature", "properties": { "full_id": "w667187355", "osm_id": "667187355", "osm_type": "way", "waterway": null, "building": "hotel", "name": null, "amenity": null, "brand": null, "wheelchair": null, "tourism": null }, "geometry": { "type": "MultiPolygon", "coordinates": [ [ [ [ 27.0533058, -18.6152389 ], [ 27.0532182, -18.615223 ], [ 27.0532403, -18.615114 ], [ 27.0533279, -18.6151299 ], [ 27.0533058, -18.6152389 ] ] ] ] } },
{ "type": "Feature", "properties": { "full_id": "w667187356", "osm_id": "667187356", "osm_type": "way", "waterway": null, "building": "hotel", "name": null, "amenity": null, "brand": null, "wheelchair": null, "tourism": null }, "geometry": { "type": "MultiPolygon", "coordinates": [ [ [ [ 27.0529877, -18.6152215 ], [ 27.0528901, -18.6151972 ], [ 27.0529224, -18.6150806 ], [ 27.05302, -18.6151049 ], [ 27.0529877, -18.6152215 ] ] ] ] } },
{ "type": "Feature", "properties": { "full_id": "w667187358", "osm_id": "667187358", "osm_type": "way", "waterway": null, "building": "hotel", "name": null, "amenity": null, "brand": null, "wheelchair": null, "tourism": null }, "geometry": { "type": "MultiPolygon", "coordinates": [ [ [ [ 27.0540794, -18.6159063 ], [ 27.0540792, -18.615857 ], [ 27.0541725, -18.6158565 ], [ 27.0541728, -18.6159059 ], [ 27.0540794, -18.6159063 ] ] ] ] } },
{ "type": "Feature", "properties": { "full_id": "w667187359", "osm_id": "667187359", "osm_type": "way", "waterway": null, "building": "hotel", "name": "Khulu Bush Camp Main Area", "amenity": null, "brand": null, "wheelchair": null, "tourism": null }, "geometry": { "type": "MultiPolygon", "coordinates": [ [ [ [ 27.0535457, -18.6150777 ], [ 27.0535769, -18.6150307 ], [ 27.0536243, -18.6150465 ], [ 27.0536599, -18.6150539 ], [ 27.0537118, -18.6150291 ], [ 27.0537497, -18.6150058 ], [ 27.0537892, -18.615046 ], [ 27.0537469, -18.6150697 ], [ 27.0536889, -18.6151004 ], [ 27.0536867, -18.6151358 ], [ 27.0536884, -18.6151527 ], [ 27.0536243, -18.6151622 ], [ 27.0536226, -18.6151432 ], [ 27.0536226, -18.6151257 ], [ 27.0535858, -18.6151036 ], [ 27.0535457, -18.6150777 ] ] ] ] } },
{ "type": "Feature", "properties": { "full_id": "w667187360", "osm_id": "667187360", "osm_type": "way", "waterway": null, "building": "hotel", "name": null, "amenity": null, "brand": null, "wheelchair": null, "tourism": null }, "geometry": { "type": "MultiPolygon", "coordinates": [ [ [ [ 27.0538031, -18.6151957 ], [ 27.0537292, -18.6152337 ], [ 27.0537051, -18.6151917 ], [ 27.0537789, -18.6151536 ], [ 27.0538031, -18.6151957 ] ] ] ] } },
{ "type": "Feature", "properties": { "full_id": "w667187362", "osm_id": "667187362", "osm_type": "way", "waterway": null, "building": "hotel", "name": null, "amenity": null, "brand": null, "wheelchair": null, "tourism": null }, "geometry": { "type": "MultiPolygon", "coordinates": [ [ [ [ 27.0540631, -18.6150865 ], [ 27.0539947, -18.6150963 ], [ 27.0539796, -18.6150014 ], [ 27.0540481, -18.6149916 ], [ 27.0540631, -18.6150865 ] ] ] ] } },
{ "type": "Feature", "properties": { "full_id": "w667187364", "osm_id": "667187364", "osm_type": "way", "waterway": null, "building": "hotel", "name": null, "amenity": null, "brand": null, "wheelchair": null, "tourism": null }, "geometry": { "type": "MultiPolygon", "coordinates": [ [ [ [ 27.054285, -18.6151072 ], [ 27.0542187, -18.6151133 ], [ 27.0542086, -18.6150152 ], [ 27.0542749, -18.6150091 ], [ 27.054285, -18.6151072 ] ] ] ] } },
{ "type": "Feature", "properties": { "full_id": "w667187366", "osm_id": "667187366", "osm_type": "way", "waterway": null, "building": "hotel", "name": null, "amenity": null, "brand": null, "wheelchair": null, "tourism": null }, "geometry": { "type": "MultiPolygon", "coordinates": [ [ [ [ 27.0545446, -18.615069 ], [ 27.0544785, -18.6150831 ], [ 27.0544545, -18.6149826 ], [ 27.0545206, -18.6149685 ], [ 27.0545446, -18.615069 ] ] ] ] } },
{ "type": "Feature", "properties": { "full_id": "w732667174", "osm_id": "732667174", "osm_type": "way", "waterway": null, "building": "hotel", "name": "Khulu's Retreat", "amenity": null, "brand": null, "wheelchair": null, "tourism": null }, "geometry": { "type": "MultiPolygon", "coordinates": [ [ [ [ 27.0517392, -18.615169 ], [ 27.0517399, -18.6152425 ], [ 27.0515282, -18.6152444 ], [ 27.0515275, -18.6151709 ], [ 27.0517392, -18.615169 ] ] ] ] } },
{ "type": "Feature", "properties": { "full_id": "w862490204", "osm_id": "862490204", "osm_type": "way", "waterway": null, "building": "yes", "name": null, "amenity": null, "brand": null, "wheelchair": null, "tourism": null }, "geometry": { "type": "MultiPolygon", "coordinates": [ [ [ [ 27.0392881, -18.5703604 ], [ 27.0392829, -18.5703262 ], [ 27.0393208, -18.570321 ], [ 27.039326, -18.5703553 ], [ 27.0392881, -18.5703604 ] ] ] ] } },
{ "type": "Feature", "properties": { "full_id": "w862490205", "osm_id": "862490205", "osm_type": "way", "waterway": null, "building": "yes", "name": null, "amenity": null, "brand": null, "wheelchair": null, "tourism": null }, "geometry": { "type": "MultiPolygon", "coordinates": [ [ [ [ 27.0393689, -18.570335 ], [ 27.0394013, -18.5703333 ], [ 27.0394027, -18.5703565 ], [ 27.0393703, -18.5703583 ], [ 27.0393689, -18.570335 ] ] ] ] } },
{ "type": "Feature", "properties": { "full_id": "w1085691334", "osm_id": "1085691334", "osm_type": "way", "waterway": "dam", "building": null, "name": null, "amenity": null, "brand": null, "wheelchair": null, "tourism": null }, "geometry": { "type": "MultiPolygon", "coordinates": [ [ [ [ 27.0284285, -18.6467681 ], [ 27.0282584, -18.6462517 ], [ 27.028106, -18.6457892 ], [ 27.0280816, -18.6457151 ], [ 27.028163, -18.6456749 ], [ 27.0285417, -18.646748 ], [ 27.0284285, -18.6467681 ] ] ] ] } }
]
}
