{
"type": "FeatureCollection",
"name": "routes",
"crs": { "type": "name", "properties": { "name": "urn:ogc:def:crs:OGC:1.3:CRS84" } },
"features": [
{ "type": "Feature", "properties": { "full_id": "w83089099", "osm_id": "83089099", "osm_type": "way", "railway": null, "highway": "service", "name": "Access Road to Hwange Safari Lodge", "surface": "asphalt", "ref": null, "tunnel": null, "bridge": null, "level": null, "sac_scale": null }, "geometry": { "type": "MultiLineString", "coordinates": [ [ [ 26.9781222, -18.6571741 ], [ 26.9778798, -18.65677 ], [ 26.9777001, -18.6565844 ], [ 26.9774618, -18.6564762 ], [ 26.9770607, -18.6563739 ], [ 26.9763939, -18.6562198 ], [ 26.9762582, -18.6561871 ], [ 26.9761226, -18.6560886 ], [ 26.9760107, -18.6560084 ], [ 26.975987, -18.6559304 ], [ 26.9759337, -18.6557554 ], [ 26.9757524, -18.6551493 ], [ 26.9756021, -18.6550162 ], [ 26.9754602, -18.6549836 ] ] ] } },
{ "type": "Feature", "properties": { "full_id": "w177627835", "osm_id": "177627835", "osm_type": "way", "railway": null, "highway": "track", "name": null, "surface": null, "ref": null, "tunnel": null, "bridge": null, "level": null, "sac_scale": null }, "geometry": { "type": "MultiLineString", "coordinates": [ [ [ 26.9709479, -18.6553308 ], [ 26.9706842, -18.6551193 ], [ 26.9703194, -18.6548956 ], [ 26.9700298, -18.6546517 ], [ 26.9696864, -18.6543569 ], [ 26.969547, -18.6541739 ], [ 26.9694397, -18.6539604 ], [ 26.9692144, -18.6538588 ], [ 26.9689081, -18.6536911 ], [ 26.9686076, -18.6536301 ], [ 26.9682214, -18.6534268 ], [ 26.968002, -18.6533302 ], [ 26.9668218, -18.652273 ], [ 26.9666824, -18.6521307 ], [ 26.966419, -18.6520646 ], [ 26.965867, -18.6518562 ], [ 26.965276961528893, -18.651611538826973 ] ] ] } },
{ "type": "Feature", "properties": { "full_id": "w177627836", "osm_id": "177627836", "osm_type": "way", "railway": null, "highway": "track", "name": null, "surface": null, "ref": null, "tunnel": null, "bridge": null, "level": null, "sac_scale": null }, "geometry": { "type": "MultiLineString", "coordinates": [ [ [ 26.9753408, -18.6551704 ], [ 26.9751737, -18.6551853 ], [ 26.9749484, -18.655165 ], [ 26.9743749, -18.6550481 ], [ 26.9740579, -18.6550735 ], [ 26.9735917, -18.6550583 ], [ 26.9731948, -18.6549363 ], [ 26.9728563, -18.6548601 ], [ 26.9725188, -18.6549058 ], [ 26.9717035, -18.6550989 ], [ 26.971365, -18.6552768 ], [ 26.9710967, -18.6553175 ], [ 26.9709479, -18.6553308 ], [ 26.970813, -18.6553429 ], [ 26.9705018, -18.6554751 ], [ 26.9702872, -18.6556072 ], [ 26.9700298, -18.655719 ], [ 26.9697342, -18.6558054 ], [ 26.9693479, -18.6558766 ], [ 26.9689081, -18.6559376 ], [ 26.9681522, -18.6560341 ], [ 26.9675621, -18.6561053 ], [ 26.9673261, -18.6560341 ], [ 26.966891, -18.6558258 ], [ 26.9665429, -18.6555869 ], [ 26.9661186, -18.6553582 ], [ 26.9657704, -18.6550786 ], [ 26.9655392, -18.6546669 ], [ 26.9654212, -18.654301 ], [ 26.9653568, -18.6540062 ], [ 26.965271, -18.6537317 ] ] ] } },
{ "type": "Feature", "properties": { "full_id": "w177628030", "osm_id": "177628030", "osm_type": "way", "railway": null, "highway": "track", "name": null, "surface": null, "ref": null, "tunnel": null, "bridge": null, "level": null, "sac_scale": null }, "geometry": { "type": "MultiLineString", "coordinates": [ [ [ 26.9778614, -18.6575281 ], [ 26.9776413, -18.6576555 ], [ 26.9776043, -18.6578435 ], [ 26.9775233, -18.6580824 ], [ 26.9773897, -18.6582908 ], [ 26.9773946, -18.6584687 ], [ 26.9773146, -18.6586567 ], [ 26.977143, -18.6588702 ], [ 26.9768301, -18.6590606 ], [ 26.9764207, -18.6591929 ], [ 26.9760385, -18.6594179 ], [ 26.9743663, -18.6606326 ], [ 26.9737113, -18.6611084 ], [ 26.9735082, -18.6612958 ], [ 26.973396, -18.6614904 ], [ 26.9732746, -18.6619058 ], [ 26.9718858, -18.6666563 ], [ 26.9710753, -18.6694058 ], [ 26.9707808, -18.670163 ], [ 26.9707486, -18.6703968 ], [ 26.9706628, -18.6707932 ], [ 26.9692299, -18.6755246 ], [ 26.9669158, -18.6825463 ], [ 26.9663379, -18.6844663 ], [ 26.9654992, -18.6873739 ], [ 26.9644439, -18.6907876 ], [ 26.9643324, -18.6911483 ], [ 26.9631428, -18.6951893 ], [ 26.962302, -18.698186 ], [ 26.9618091, -18.6998022 ], [ 26.9615301, -18.700755 ], [ 26.9614336, -18.7011106 ], [ 26.9613746, -18.701352 ], [ 26.961337, -18.7015425 ], [ 26.9611734, -18.7020989 ], [ 26.96116267263108, -18.702136841927437 ] ] ] } },
{ "type": "Feature", "properties": { "full_id": "w177628033", "osm_id": "177628033", "osm_type": "way", "railway": null, "highway": "track", "name": null, "surface": null, "ref": null, "tunnel": null, "bridge": null, "level": null, "sac_scale": null }, "geometry": { "type": "MultiLineString", "coordinates": [ [ [ 26.963648487417949, -18.653633092895728 ], [ 26.964086, -18.6535945 ], [ 26.964558, -18.6536758 ], [ 26.9650945, -18.6537266 ], [ 26.965271, -18.6537317 ], [ 26.9656738, -18.653686 ], [ 26.9660172, -18.6535843 ], [ 26.9668433, -18.6536555 ], [ 26.9670042, -18.6535945 ], [ 26.9674548, -18.6536352 ], [ 26.9678089, -18.6536352 ], [ 26.9681737, -18.6534928 ], [ 26.9682214, -18.6534268 ], [ 26.9684633, -18.6533404 ], [ 26.9694504, -18.6528524 ], [ 26.970019, -18.6525576 ], [ 26.9710168, -18.6517647 ], [ 26.9714567, -18.6516021 ], [ 26.9716927, -18.6514903 ], [ 26.9718429, -18.6513785 ], [ 26.972079, -18.6510532 ], [ 26.972315, -18.6509515 ], [ 26.9745144, -18.6499045 ], [ 26.9765041, -18.6482017 ], [ 26.9776901, -18.6474139 ], [ 26.9787845, -18.646682 ], [ 26.9792244, -18.6464482 ], [ 26.9803616, -18.6464177 ], [ 26.9807956, -18.6464736 ], [ 26.9808367, -18.6464891 ] ] ] } },
{ "type": "Feature", "properties": { "full_id": "w177628034", "osm_id": "177628034", "osm_type": "way", "railway": null, "highway": "service", "name": null, "surface": null, "ref": null, "tunnel": null, "bridge": null, "level": null, "sac_scale": null }, "geometry": { "type": "MultiLineString", "coordinates": [ [ [ 26.9791063, -18.6548143 ], [ 26.9811448, -18.654733 ], [ 26.9816598, -18.6547228 ], [ 26.9817042, -18.6543169 ], [ 26.9816646, -18.654135 ], [ 26.9812662, -18.6540265 ], [ 26.9799706, -18.6539974 ], [ 26.9792306, -18.6539625 ], [ 26.9789565, -18.6539926 ], [ 26.9787899, -18.6541572 ], [ 26.9789274, -18.6545185 ], [ 26.9791063, -18.6548143 ] ] ] } },
{ "type": "Feature", "properties": { "full_id": "w218904326", "osm_id": "218904326", "osm_type": "way", "railway": null, "highway": "tertiary", "name": "Hwange Main Camp Road", "surface": "asphalt", "ref": null, "tunnel": null, "bridge": null, "level": null, "sac_scale": null }, "geometry": { "type": "MultiLineString", "coordinates": [ [ [ 27.007345, -18.6134945 ], [ 27.0075247, -18.613098 ], [ 27.007691, -18.6127167 ], [ 27.0078278, -18.612404 ], [ 27.0080651, -18.6118791 ], [ 27.0083186, -18.6113491 ], [ 27.0085305, -18.6109017 ], [ 27.0086995, -18.6105903 ], [ 27.0089087, -18.6102281 ], [ 27.0091125, -18.6098519 ], [ 27.0093016, -18.6095265 ], [ 27.0094706, -18.6092634 ], [ 27.0096973, -18.6088821 ], [ 27.0099802, -18.6084131 ], [ 27.010235, -18.608009 ], [ 27.0104174, -18.6077065 ], [ 27.0108184, -18.6070608 ], [ 27.011155, -18.6065117 ], [ 27.0114407, -18.6060465 ], [ 27.0117116, -18.6056169 ], [ 27.0119275, -18.6052712 ], [ 27.0122561, -18.6046942 ], [ 27.012527, -18.6042811 ], [ 27.0128247, -18.6037994 ], [ 27.0130514, -18.6034371 ], [ 27.0133035, -18.6030215 ], [ 27.0135181, -18.6026847 ], [ 27.013793, -18.602222 ], [ 27.0139888, -18.6019081 ], [ 27.0141336, -18.601692 ], [ 27.0143576, -18.6013005 ], [ 27.0146634, -18.6007997 ], [ 27.0150121, -18.6002316 ], [ 27.0151596, -18.5999926 ], [ 27.0153527, -18.5996901 ], [ 27.0166509, -18.5974314 ], [ 27.0172168, -18.5963484 ], [ 27.0178927, -18.5949668 ], [ 27.0184372, -18.5937859 ], [ 27.0189442, -18.5927017 ], [ 27.0196737, -18.591109 ], [ 27.0202343, -18.589876 ], [ 27.0208405, -18.5885934 ], [ 27.021208, -18.5878345 ], [ 27.0216465, -18.5868583 ], [ 27.0220019, -18.5860905 ], [ 27.0225437, -18.5849172 ], [ 27.0229018, -18.5841583 ], [ 27.0230439, -18.5838562 ], [ 27.0231512, -18.5836282 ], [ 27.0232515, -18.5834175 ] ] ] } },
{ "type": "Feature", "properties": { "full_id": "w218904930", "osm_id": "218904930", "osm_type": "way", "railway": null, "highway": "unclassified", "name": "Access Road to Ganda Lodge", "surface": "gravel", "ref": null, "tunnel": null, "bridge": null, "level": null, "sac_scale": null }, "geometry": { "type": "MultiLineString", "coordinates": [ [ [ 27.007345, -18.6134945 ], [ 27.007267, -18.6134473 ], [ 27.0070235, -18.6132851 ], [ 27.0069023, -18.6129999 ], [ 27.0067091, -18.6126949 ], [ 27.0065482, -18.6124001 ], [ 27.0063766, -18.6121255 ], [ 27.0061727, -18.6119323 ], [ 27.0058938, -18.611668 ], [ 27.0055858, -18.6113736 ], [ 27.0052071, -18.6111087 ], [ 27.0048455, -18.6108856 ], [ 27.004499, -18.6106207 ], [ 27.0041053, -18.610428 ], [ 27.0037373, -18.6102445 ], [ 27.0033081, -18.6101225 ], [ 27.0028682, -18.6100106 ], [ 27.0024605, -18.6099293 ], [ 27.002085, -18.6098174 ], [ 27.0016666, -18.6096344 ], [ 27.001216, -18.6094209 ], [ 27.0006152, -18.6091565 ], [ 27.0001002, -18.6088413 ], [ 26.9995745, -18.6085769 ], [ 26.999422510384342, -18.608491810282953 ] ] ] } },
{ "type": "Feature", "properties": { "full_id": "w319449744", "osm_id": "319449744", "osm_type": "way", "railway": null, "highway": "unclassified", "name": null, "surface": "sand", "ref": null, "tunnel": null, "bridge": null, "level": null, "sac_scale": null }, "geometry": { "type": "MultiLineString", "coordinates": [ [ [ 27.0774255, -18.6058685 ], [ 27.0771245, -18.6064935 ], [ 27.0767286, -18.6070562 ], [ 27.0764718, -18.607453 ], [ 27.0761388, -18.6079564 ], [ 27.0752344, -18.6093578 ], [ 27.0742684, -18.6107385 ] ] ] } },
{ "type": "Feature", "properties": { "full_id": "w319451109", "osm_id": "319451109", "osm_type": "way", "railway": null, "highway": "track", "name": null, "surface": "sand", "ref": null, "tunnel": null, "bridge": null, "level": null, "sac_scale": null }, "geometry": { "type": "MultiLineString", "coordinates": [ [ [ 27.0038147, -18.6232861 ], [ 26.9907548, -18.6277215 ], [ 26.984631181684794, -18.629769388505729 ] ] ] } },
{ "type": "Feature", "properties": { "full_id": "w319451111", "osm_id": "319451111", "osm_type": "way", "railway": null, "highway": "service", "name": null, "surface": "paved", "ref": null, "tunnel": null, "bridge": null, "level": null, "sac_scale": null }, "geometry": { "type": "MultiLineString", "coordinates": [ [ [ 26.9980493, -18.6315595 ], [ 26.9987521, -18.6322093 ], [ 26.9991218, -18.6325484 ], [ 26.99942, -18.6329439 ], [ 26.9995414, -18.6331872 ], [ 26.9998609, -18.6338375 ], [ 27.0001878, -18.6346299 ] ] ] } },
{ "type": "Feature", "properties": { "full_id": "w355335156", "osm_id": "355335156", "osm_type": "way", "railway": null, "highway": "unclassified", "name": "Access Road to Ivory Lodge", "surface": "gravel", "ref": null, "tunnel": null, "bridge": null, "level": null, "sac_scale": null }, "geometry": { "type": "MultiLineString", "coordinates": [ [ [ 27.0580696, -18.6170087 ], [ 27.057969, -18.6169235 ], [ 27.0579247, -18.6168612 ], [ 27.0578711, -18.6168295 ], [ 27.0577893, -18.6168167 ], [ 27.0576793, -18.6168142 ], [ 27.0575264, -18.6168218 ], [ 27.0573869, -18.6168333 ], [ 27.0571268, -18.6168498 ], [ 27.0568371, -18.616879 ], [ 27.0565394, -18.6169197 ], [ 27.056243, -18.6169642 ], [ 27.0559533, -18.6170048 ], [ 27.0554839, -18.6170582 ], [ 27.0552599, -18.6170875 ], [ 27.0550373, -18.6171116 ], [ 27.0549679, -18.6171268 ], [ 27.0545721, -18.6172214 ], [ 27.054338, -18.6172724 ], [ 27.0540705, -18.6173151 ], [ 27.053594, -18.6173911 ], [ 27.0531044, -18.6175085 ], [ 27.0529991, -18.6175203 ], [ 27.0528815, -18.6174931 ], [ 27.0527302, -18.6174551 ], [ 27.0525654, -18.6173867 ], [ 27.0523981, -18.6173446 ], [ 27.0518919, -18.6173067 ], [ 27.0512688, -18.6170646 ], [ 27.0511568, -18.6170158 ], [ 27.0510428, -18.6169024 ], [ 27.0509018, -18.6166956 ], [ 27.0507076, -18.6165266 ], [ 27.0503402, -18.6162855 ], [ 27.0502398, -18.6160932 ], [ 27.0501068, -18.6156943 ], [ 27.0500284, -18.615425 ], [ 27.0498946, -18.6151488 ], [ 27.0498005, -18.6149411 ], [ 27.0496788, -18.6147629 ], [ 27.0494584, -18.6145286 ], [ 27.0492494, -18.6143485 ], [ 27.0491687, -18.6142972 ], [ 27.0490259, -18.6142717 ] ] ] } },
{ "type": "Feature", "properties": { "full_id": "w355542152", "osm_id": "355542152", "osm_type": "way", "railway": null, "highway": "unclassified", "name": null, "surface": null, "ref": null, "tunnel": null, "bridge": null, "level": null, "sac_scale": null }, "geometry": { "type": "MultiLineString", "coordinates": [ [ [ 27.0050189, -18.6333069 ], [ 27.0047257, -18.633615 ], [ 27.0038874, -18.6342241 ], [ 27.0022122, -18.6348644 ], [ 27.0013234, -18.6352265 ], [ 27.0012967, -18.635228 ], [ 27.0012057, -18.6351667 ], [ 27.0011836, -18.6351607 ], [ 26.9998898, -18.6356115 ] ] ] } },
{ "type": "Feature", "properties": { "full_id": "w355542153", "osm_id": "355542153", "osm_type": "way", "railway": null, "highway": "unclassified", "name": null, "surface": null, "ref": null, "tunnel": null, "bridge": null, "level": null, "sac_scale": null }, "geometry": { "type": "MultiLineString", "coordinates": [ [ [ 27.0413142, -18.6206662 ], [ 27.0437519, -18.6198484 ], [ 27.0448453, -18.6194797 ], [ 27.0449904, -18.6194965 ], [ 27.0450555, -18.6195638 ], [ 27.0453013, -18.6201475 ], [ 27.0461977, -18.6222323 ], [ 27.0462061, -18.6222978 ], [ 27.0462124, -18.6223751 ], [ 27.0461705, -18.6224505 ], [ 27.0461077, -18.6225041 ], [ 27.0460156, -18.6225458 ], [ 27.045662, -18.622668 ], [ 27.0451016, -18.6228672 ], [ 27.0445926, -18.6230442 ], [ 27.0442377, -18.6231814 ], [ 27.0438547, -18.623323 ], [ 27.0436866, -18.6233982 ], [ 27.0435885, -18.6234734 ], [ 27.0435699, -18.6235664 ], [ 27.0436119, -18.6237478 ], [ 27.0436586, -18.6240291 ], [ 27.0437847, -18.6248788 ], [ 27.0438874, -18.6255647 ], [ 27.0439014, -18.6257506 ], [ 27.0439014, -18.6258524 ], [ 27.0438687, -18.6259187 ], [ 27.0438314, -18.6259719 ], [ 27.0437753, -18.6260117 ], [ 27.0437193, -18.6260471 ], [ 27.0435699, -18.6260692 ], [ 27.0430298, -18.6260692 ], [ 27.0426095, -18.6260825 ], [ 27.0423246, -18.6260913 ], [ 27.0421471, -18.6261223 ], [ 27.041881, -18.626233 ], [ 27.039125, -18.6272946 ], [ 27.0374204, -18.6279363 ], [ 27.0343878, -18.6291218 ], [ 27.0319688, -18.6300157 ], [ 27.0285519, -18.6313543 ], [ 27.0264271, -18.632173 ], [ 27.0124818, -18.6375487 ], [ 27.0064015, -18.6398651 ], [ 27.0034317, -18.6410063 ], [ 27.0022745, -18.6414293 ], [ 27.0002458, -18.6420225 ], [ 26.9964657, -18.6431333 ], [ 26.9948156, -18.6436272 ], [ 26.9937996, -18.6439313 ], [ 26.992839, -18.64423 ], [ 26.9920236, -18.6444689 ], [ 26.9917554, -18.6445604 ], [ 26.9915354, -18.644601 ], [ 26.9913584, -18.6446112 ], [ 26.9912404, -18.6445604 ], [ 26.9911653, -18.6444841 ], [ 26.9910365, -18.6441792 ], [ 26.9908273, -18.643676 ], [ 26.9894862, -18.6404301 ], [ 26.9894629, -18.6402885 ], [ 26.9894722, -18.6401734 ], [ 26.9895516, -18.640054 ], [ 26.989715, -18.6398017 ], [ 26.9899065, -18.639492 ], [ 26.9900653, -18.6393371 ], [ 26.9902801, -18.6392353 ], [ 26.990593, -18.6391203 ], [ 26.9975031, -18.6364799 ], [ 26.9992131, -18.6358347 ], [ 26.9996024, -18.6356704 ], [ 26.9996514, -18.6355072 ] ] ] } },
{ "type": "Feature", "properties": { "full_id": "w355985385", "osm_id": "355985385", "osm_type": "way", "railway": null, "highway": "unclassified", "name": null, "surface": "sand", "ref": null, "tunnel": null, "bridge": null, "level": null, "sac_scale": null }, "geometry": { "type": "MultiLineString", "coordinates": [ [ [ 27.0611477, -18.6172741 ], [ 27.0610687, -18.6173914 ], [ 27.061051, -18.6174175 ], [ 27.0609378, -18.6175847 ], [ 27.0607839, -18.61775 ], [ 27.0607142, -18.6178795 ], [ 27.0606642, -18.6180105 ], [ 27.0606242, -18.6180865 ], [ 27.0605063, -18.6181762 ], [ 27.0604035, -18.6182544 ], [ 27.0602697, -18.6183562 ], [ 27.0598574, -18.6186376 ], [ 27.05961, -18.6187782 ], [ 27.0593915, -18.6188326 ], [ 27.0592415, -18.6188586 ], [ 27.059099, -18.6188464 ], [ 27.0589461, -18.6187943 ], [ 27.0586838, -18.6185566 ], [ 27.0585658, -18.6184054 ], [ 27.0583686, -18.6181792 ], [ 27.0581326, -18.617836 ], [ 27.0580038, -18.6176352 ], [ 27.0579435, -18.6174776 ], [ 27.0579287, -18.6173721 ], [ 27.0579556, -18.6172234 ], [ 27.0580696, -18.6170087 ] ] ] } },
{ "type": "Feature", "properties": { "full_id": "w355985389", "osm_id": "355985389", "osm_type": "way", "railway": null, "highway": "unclassified", "name": null, "surface": "sand", "ref": null, "tunnel": null, "bridge": null, "level": null, "sac_scale": null }, "geometry": { "type": "MultiLineString", "coordinates": [ [ [ 27.0580696, -18.6170087 ], [ 27.058205, -18.6170951 ], [ 27.058315, -18.6171472 ], [ 27.0584974, -18.6171675 ], [ 27.058729, -18.6171811 ], [ 27.0588806, -18.6171746 ] ] ] } },
{ "type": "Feature", "properties": { "full_id": "w355985392", "osm_id": "355985392", "osm_type": "way", "railway": null, "highway": "unclassified", "name": "Service road to Khulu Bush Camp", "surface": "ground", "ref": null, "tunnel": null, "bridge": null, "level": null, "sac_scale": null }, "geometry": { "type": "MultiLineString", "coordinates": [ [ [ 27.0549679, -18.6171268 ], [ 27.0549626, -18.6168895 ], [ 27.0549112, -18.616568 ], [ 27.0547879, -18.6162482 ], [ 27.0544398, -18.6158404 ], [ 27.054089, -18.6154974 ], [ 27.0539529, -18.6153589 ], [ 27.0538577, -18.6152971 ] ] ] } },
{ "type": "Feature", "properties": { "full_id": "w355999424", "osm_id": "355999424", "osm_type": "way", "railway": null, "highway": "trunk", "name": null, "surface": "asphalt", "ref": "A8", "tunnel": null, "bridge": null, "level": null, "sac_scale": null }, "geometry": { "type": "MultiLineString", "coordinates": [ [ [ 27.1725329, -18.612359 ], [ 27.1721855, -18.612249 ], [ 27.1716128, -18.6120863 ], [ 27.1711528, -18.6119998 ], [ 27.1706928, -18.6119401 ], [ 27.1702731, -18.6118918 ], [ 27.1697219, -18.6118613 ], [ 27.1692833, -18.6118639 ], [ 27.168771, -18.611902 ], [ 27.1682668, -18.6119579 ], [ 27.1675573, -18.6120685 ], [ 27.1665488, -18.6122261 ], [ 27.1655376, -18.6123875 ], [ 27.1647826, -18.6125133 ], [ 27.1643239, -18.6125807 ], [ 27.1639055, -18.6126519 ], [ 27.1632604, -18.6127395 ], [ 27.1627213, -18.6128298 ], [ 27.162146, -18.6129467 ], [ 27.1615371, -18.6131208 ], [ 27.161171, -18.6132568 ], [ 27.1607888, -18.6134144 ], [ 27.1602738, -18.6136737 ], [ 27.1593109, -18.6142482 ], [ 27.1563202, -18.6163605 ], [ 27.1539599, -18.6180559 ], [ 27.1515419, -18.6197704 ], [ 27.1488556, -18.6216449 ], [ 27.1484131, -18.621875 ], [ 27.1479531, -18.6220542 ], [ 27.1473952, -18.6222562 ], [ 27.1464577, -18.6225574 ], [ 27.1454586, -18.6228408 ], [ 27.1449168, -18.6229489 ], [ 27.1442181, -18.6230455 ], [ 27.142645, -18.6230925 ], [ 27.1393915, -18.6230988 ], [ 27.1378036, -18.6231306 ], [ 27.1343583, -18.6231459 ], [ 27.1334262, -18.6231611 ], [ 27.1321106, -18.6231827 ], [ 27.1307145, -18.6232031 ], [ 27.1293332, -18.6232183 ], [ 27.1284226, -18.6232221 ], [ 27.1278861, -18.6232221 ], [ 27.1271418, -18.6232285 ], [ 27.1265624, -18.6232374 ], [ 27.1258101, -18.6232615 ], [ 27.1251301, -18.6232742 ], [ 27.1247479, -18.6232755 ], [ 27.1243067, -18.6232857 ], [ 27.1228918, -18.6232907 ], [ 27.1218646, -18.6232933 ], [ 27.1173692, -18.6233556 ], [ 27.1144724, -18.6233657 ], [ 27.1140057, -18.6233212 ], [ 27.1136972, -18.6232742 ], [ 27.1134116, -18.6232336 ], [ 27.1130186, -18.6231446 ], [ 27.1124272, -18.6229654 ], [ 27.1119833, -18.6228192 ], [ 27.1116051, -18.6226667 ], [ 27.1109493, -18.6223643 ], [ 27.1102506, -18.6220872 ], [ 27.1099502, -18.6219627 ], [ 27.1092032, -18.6216297 ], [ 27.1087083, -18.6214238 ], [ 27.1075898, -18.6209269 ], [ 27.1067503, -18.6205609 ], [ 27.1064794, -18.6204439 ], [ 27.1054333, -18.6199877 ], [ 27.0994909, -18.6174128 ], [ 27.0932776, -18.6147235 ], [ 27.0920236, -18.6141808 ], [ 27.0906799, -18.6135949 ], [ 27.0899208, -18.6132606 ], [ 27.089552, -18.6131005 ], [ 27.0889981, -18.6128679 ], [ 27.0885663, -18.6126887 ], [ 27.0877334, -18.612329 ], [ 27.0842627, -18.6108115 ], [ 27.083458, -18.6104645 ], [ 27.0819291, -18.6097883 ], [ 27.0807047, -18.6092456 ], [ 27.0800503, -18.6088936 ] ] ] } },
{ "type": "Feature", "properties": { "full_id": "w355999425", "osm_id": "355999425", "osm_type": "way", "railway": null, "highway": "unclassified", "name": "Access Road to Ivory Lodge", "surface": "sand", "ref": null, "tunnel": null, "bridge": null, "level": null, "sac_scale": null }, "geometry": { "type": "MultiLineString", "coordinates": [ [ [ 27.0802233, -18.6015992 ], [ 27.080023, -18.6019501 ], [ 27.0796367, -18.6021941 ], [ 27.0795938, -18.6023161 ], [ 27.0795187, -18.6026822 ], [ 27.0792557, -18.603104 ], [ 27.0789608, -18.603577 ], [ 27.0785531, -18.6040651 ], [ 27.0776197, -18.6048379 ], [ 27.0774802, -18.6050209 ], [ 27.0773367, -18.6054365 ], [ 27.0772028, -18.6055804 ], [ 27.0768672, -18.6057791 ], [ 27.0760717, -18.6061762 ], [ 27.0754077, -18.6065092 ], [ 27.0747866, -18.6068841 ], [ 27.074056, -18.6073844 ], [ 27.072981, -18.6081813 ], [ 27.0726854, -18.608387 ], [ 27.0725875, -18.6084476 ], [ 27.0724361, -18.6085412 ], [ 27.0723592, -18.6085975 ], [ 27.0686728, -18.611873 ], [ 27.0685316, -18.6119907 ], [ 27.068464, -18.6120668 ], [ 27.068399, -18.6121523 ], [ 27.0683468, -18.6122212 ], [ 27.0682702, -18.6123079 ], [ 27.0681187, -18.6124328 ], [ 27.0679793, -18.6125574 ], [ 27.0678154, -18.6127048 ], [ 27.0673784, -18.6130943 ], [ 27.0664145, -18.613977 ], [ 27.0656552, -18.6146569 ], [ 27.0649434, -18.6152332 ], [ 27.0647024, -18.6154803 ], [ 27.0644703, -18.6156574 ], [ 27.0641398, -18.6158716 ], [ 27.0635982, -18.6161538 ], [ 27.0633007, -18.6163088 ], [ 27.0623921, -18.6166912 ], [ 27.0622842, -18.6167378 ], [ 27.0616861, -18.6169962 ], [ 27.0612229, -18.6172284 ], [ 27.0611477, -18.6172741 ] ] ] } },
{ "type": "Feature", "properties": { "full_id": "w355999426", "osm_id": "355999426", "osm_type": "way", "railway": null, "highway": "trunk_link", "name": null, "surface": null, "ref": null, "tunnel": null, "bridge": null, "level": null, "sac_scale": null }, "geometry": { "type": "MultiLineString", "coordinates": [ [ [ 27.0342735, -18.5717617 ], [ 27.0341344, -18.5717537 ], [ 27.0339865, -18.5717477 ], [ 27.0338895, -18.5717612 ], [ 27.0337638, -18.5717929 ], [ 27.033699, -18.5718234 ], [ 27.033591, -18.5718807 ], [ 27.0334641, -18.5719475 ] ] ] } },
{ "type": "Feature", "properties": { "full_id": "w356015011", "osm_id": "356015011", "osm_type": "way", "railway": null, "highway": "unclassified", "name": null, "surface": null, "ref": null, "tunnel": null, "bridge": null, "level": null, "sac_scale": null }, "geometry": { "type": "MultiLineString", "coordinates": [ [ [ 27.0340197, -18.570971 ], [ 27.0342791, -18.5706172 ], [ 27.0343997, -18.5704844 ], [ 27.0346753, -18.570239 ], [ 27.034794, -18.5701564 ], [ 27.0350046, -18.5700242 ], [ 27.0352265, -18.5699085 ], [ 27.0354559, -18.5698214 ], [ 27.0357066, -18.5697432 ], [ 27.036058, -18.5696682 ], [ 27.036262, -18.5696831 ], [ 27.03644, -18.569652 ], [ 27.0368812, -18.5695534 ], [ 27.0379145, -18.5694065 ], [ 27.0394979, -18.5691483 ], [ 27.0399606, -18.5690728 ], [ 27.0434535, -18.5685191 ], [ 27.0455638, -18.5681573 ], [ 27.046069087438614, -18.5680779611418 ] ] ] } },
{ "type": "Feature", "properties": { "full_id": "w356015042", "osm_id": "356015042", "osm_type": "way", "railway": null, "highway": "track", "name": null, "surface": null, "ref": null, "tunnel": null, "bridge": null, "level": null, "sac_scale": null }, "geometry": { "type": "MultiLineString", "coordinates": [ [ [ 27.0579247, -18.6168612 ], [ 27.0580326, -18.6165683 ], [ 27.0581731, -18.6163922 ], [ 27.0583617, -18.6162108 ], [ 27.0585076, -18.6160856 ], [ 27.0585613, -18.6159433 ], [ 27.058648, -18.6157241 ], [ 27.0588036, -18.6155245 ], [ 27.058849, -18.6154397 ], [ 27.0588477, -18.6153171 ], [ 27.0588064, -18.6151605 ], [ 27.058816, -18.6150405 ], [ 27.0588009, -18.614957 ], [ 27.058721, -18.6148852 ], [ 27.0586177, -18.6148435 ], [ 27.0585007, -18.6148317 ], [ 27.0582446, -18.6148017 ], [ 27.057866, -18.6147038 ], [ 27.0575177, -18.6145903 ], [ 27.0571965, -18.6144566 ], [ 27.0570572, -18.614421 ], [ 27.0567225, -18.6143961 ], [ 27.0560955, -18.6142005 ], [ 27.0556633, -18.6141138 ], [ 27.0553732, -18.6140935 ], [ 27.0548339, -18.6141489 ], [ 27.0540804, -18.614278 ], [ 27.0537036, -18.6143669 ], [ 27.0533974, -18.6144068 ], [ 27.0531884, -18.6144183 ], [ 27.0526797, -18.6143803 ], [ 27.0521432, -18.6143727 ], [ 27.0516068, -18.6143346 ], [ 27.0510703, -18.6143117 ], [ 27.0502227, -18.6142431 ], [ 27.0498496, -18.6142318 ], [ 27.0496002, -18.6141963 ], [ 27.0493806, -18.6141783 ], [ 27.0491575, -18.6141931 ], [ 27.0490259, -18.6142717 ] ] ] } },
{ "type": "Feature", "properties": { "full_id": "w356015049", "osm_id": "356015049", "osm_type": "way", "railway": null, "highway": "track", "name": null, "surface": null, "ref": null, "tunnel": null, "bridge": null, "level": null, "sac_scale": null }, "geometry": { "type": "MultiLineString", "coordinates": [ [ [ 27.0571965, -18.6144566 ], [ 27.0575693, -18.6143448 ], [ 27.0578402, -18.6142278 ], [ 27.0582426, -18.6141262 ], [ 27.0585242, -18.6141007 ], [ 27.0589507, -18.6140245 ], [ 27.059235, -18.6139762 ], [ 27.0595703, -18.6139736 ], [ 27.0598707, -18.6139431 ], [ 27.0601711, -18.6139025 ], [ 27.060509, -18.613933 ], [ 27.0607987, -18.6139889 ], [ 27.0611796, -18.6140601 ], [ 27.0614115, -18.6141005 ], [ 27.0619413, -18.6141312 ], [ 27.0620939, -18.6141144 ], [ 27.0622873, -18.6140931 ], [ 27.0626467, -18.6140423 ], [ 27.062856, -18.6140016 ], [ 27.0631161, -18.6139126 ], [ 27.0633441, -18.6138377 ], [ 27.063835, -18.6137131 ], [ 27.0643406, -18.6135491 ], [ 27.064822, -18.6134106 ], [ 27.0651586, -18.613328 ], [ 27.0655596, -18.6133229 ], [ 27.065746, -18.6133102 ], [ 27.0659928, -18.6132327 ], [ 27.0662355, -18.6131043 ], [ 27.0667371, -18.612826 ], [ 27.0673285, -18.612526 ], [ 27.0677027, -18.6123659 ], [ 27.0679857, -18.6122642 ], [ 27.0680809, -18.6122362 ], [ 27.0682501, -18.6121901 ], [ 27.068399, -18.6121523 ] ] ] } },
{ "type": "Feature", "properties": { "full_id": "w356032268", "osm_id": "356032268", "osm_type": "way", "railway": null, "highway": "service", "name": null, "surface": null, "ref": null, "tunnel": null, "bridge": null, "level": null, "sac_scale": null }, "geometry": { "type": "MultiLineString", "coordinates": [ [ [ 27.0185661, -18.6286042 ], [ 27.0180742, -18.627358 ], [ 27.0180836, -18.6271437 ], [ 27.0182956, -18.6270232 ], [ 27.0189126, -18.6268134 ], [ 27.0198923, -18.6264251 ] ] ] } },
{ "type": "Feature", "properties": { "full_id": "w445243649", "osm_id": "445243649", "osm_type": "way", "railway": null, "highway": "unclassified", "name": null, "surface": null, "ref": null, "tunnel": null, "bridge": null, "level": null, "sac_scale": null }, "geometry": { "type": "MultiLineString", "coordinates": [ [ [ 26.962302, -18.698186 ], [ 26.9630474, -18.6973358 ], [ 26.9646074, -18.6955565 ], [ 26.9674776, -18.6922828 ], [ 26.9675323, -18.6922204 ], [ 26.9722128, -18.6868163 ], [ 26.9753513, -18.6832565 ], [ 26.9760618, -18.6823723 ], [ 26.9810399, -18.6765688 ], [ 26.9865485, -18.6703487 ], [ 26.9872385, -18.6695695 ], [ 26.9884336, -18.6682412 ] ] ] } },
{ "type": "Feature", "properties": { "full_id": "w445243656", "osm_id": "445243656", "osm_type": "way", "railway": null, "highway": "service", "name": null, "surface": null, "ref": null, "tunnel": null, "bridge": null, "level": null, "sac_scale": null }, "geometry": { "type": "MultiLineString", "coordinates": [ [ [ 27.0883287, -18.6426574 ], [ 27.0881755, -18.6425659 ], [ 27.0880712, -18.6422657 ], [ 27.0880236, -18.6422125 ], [ 27.0877708, -18.6419302 ], [ 27.0875698, -18.641762 ], [ 27.0874382, -18.6415694 ], [ 27.0873577, -18.6413965 ], [ 27.0874435, -18.6411322 ] ] ] } },
{ "type": "Feature", "properties": { "full_id": "w445243661", "osm_id": "445243661", "osm_type": "way", "railway": null, "highway": "unclassified", "name": null, "surface": null, "ref": null, "tunnel": null, "bridge": null, "level": null, "sac_scale": null }, "geometry": { "type": "MultiLineString", "coordinates": [ [ [ 26.9884336, -18.6682412 ], [ 26.9890835, -18.6685222 ], [ 26.9956088, -18.6736565 ], [ 26.9984375, -18.6758822 ], [ 27.0063963, -18.6821442 ], [ 27.0184749, -18.6916916 ], [ 27.0237895, -18.6958924 ] ] ] } },
{ "type": "Feature", "properties": { "full_id": "w445243663", "osm_id": "445243663", "osm_type": "way", "railway": null, "highway": "unclassified", "name": null, "surface": null, "ref": null, "tunnel": null, "bridge": null, "level": null, "sac_scale": null }, "geometry": { "type": "MultiLineString", "coordinates": [ [ [ 27.1593444, -18.7318083 ], [ 27.1497979, -18.7320563 ], [ 27.1426231, -18.7321308 ], [ 27.1425234, -18.7321318 ], [ 27.1210876, -18.7183085 ], [ 27.0951915, -18.701624 ], [ 27.0815733, -18.6928067 ], [ 27.0384523, -18.6649581 ] ] ] } },
{ "type": "Feature", "properties": { "full_id": "w445243664", "osm_id": "445243664", "osm_type": "way", "railway": null, "highway": "service", "name": null, "surface": "ground", "ref": null, "tunnel": null, "bridge": null, "level": null, "sac_scale": null }, "geometry": { "type": "MultiLineString", "coordinates": [ [ [ 27.0883287, -18.6426574 ], [ 27.0884979, -18.6426134 ], [ 27.0886642, -18.6425855 ], [ 27.0889431, -18.6425931 ], [ 27.0894393, -18.6425804 ], [ 27.0897049, -18.6425626 ], [ 27.0899141, -18.6425092 ], [ 27.0902574, -18.6424101 ], [ 27.0906061, -18.6422703 ], [ 27.090877, -18.6421483 ], [ 27.0910835, -18.6420517 ], [ 27.0913222, -18.6419679 ], [ 27.0916441, -18.6419018 ], [ 27.0918882, -18.6418713 ], [ 27.0920947, -18.6418891 ], [ 27.0923442, -18.6419298 ], [ 27.09254, -18.6419755 ], [ 27.0927224, -18.6420111 ], [ 27.0929342, -18.642034 ], [ 27.093122, -18.642039 ], [ 27.0933124, -18.6420314 ], [ 27.0934975, -18.6419958 ], [ 27.0936236, -18.6419475 ], [ 27.0939696, -18.6418281 ], [ 27.0945597, -18.6415867 ], [ 27.0949942, -18.6413757 ], [ 27.0956728, -18.640997 ], [ 27.0973653, -18.6397491 ], [ 27.0981082, -18.639223 ], [ 27.0987332, -18.6386741 ], [ 27.0994064, -18.6379065 ], [ 27.0998463, -18.6372635 ], [ 27.1008977, -18.6357284 ], [ 27.1017989, -18.6344195 ], [ 27.1027485, -18.6329937 ], [ 27.1036604, -18.6316771 ], [ 27.1052364, -18.6293611 ], [ 27.1080584, -18.625285 ], [ 27.1081996, -18.625085 ], [ 27.1090913, -18.6238215 ], [ 27.1102506, -18.6220872 ] ] ] } },
{ "type": "Feature", "properties": { "full_id": "w445243668", "osm_id": "445243668", "osm_type": "way", "railway": null, "highway": "track", "name": null, "surface": null, "ref": null, "tunnel": null, "bridge": null, "level": null, "sac_scale": null }, "geometry": { "type": "MultiLineString", "coordinates": [ [ [ 27.0999575, -18.6523411 ], [ 27.1002987, -18.6518841 ], [ 27.106848, -18.6444456 ], [ 27.1069284, -18.6438827 ], [ 27.1076902, -18.6435472 ], [ 27.1078136, -18.6433744 ], [ 27.1078928, -18.6432807 ], [ 27.1159379, -18.6337527 ], [ 27.1216044, -18.6272749 ], [ 27.1219772, -18.6268682 ], [ 27.1223527, -18.626398 ], [ 27.1226102, -18.6261261 ], [ 27.1227765, -18.62606 ], [ 27.1230957, -18.6260295 ], [ 27.1239406, -18.6260854 ], [ 27.1255982, -18.6258998 ], [ 27.1262982, -18.6255211 ], [ 27.1267033, -18.625389 ], [ 27.1270707, -18.625361 ], [ 27.1274918, -18.6253152 ], [ 27.1275911, -18.6252492 ], [ 27.1277171, -18.6251246 ], [ 27.1278807, -18.6248145 ], [ 27.1282187, -18.6242782 ], [ 27.1283555, -18.6241562 ] ] ] } },
{ "type": "Feature", "properties": { "full_id": "w445243669", "osm_id": "445243669", "osm_type": "way", "railway": null, "highway": "unclassified", "name": null, "surface": null, "ref": null, "tunnel": null, "bridge": null, "level": null, "sac_scale": null }, "geometry": { "type": "MultiLineString", "coordinates": [ [ [ 27.0782889, -18.641543 ], [ 27.0785357, -18.6419255 ], [ 27.0790989, -18.6428557 ], [ 27.0793457, -18.6429904 ], [ 27.0823337, -18.6428607 ], [ 27.0835353, -18.6429319 ], [ 27.0846886, -18.6435571 ], [ 27.0861209, -18.6436893 ], [ 27.0874084, -18.6436842 ], [ 27.0882578, -18.6438638 ], [ 27.0886583, -18.6439485 ], [ 27.0899565, -18.6440959 ], [ 27.0917697, -18.6436283 ], [ 27.0935077, -18.6435012 ], [ 27.0942989, -18.6433378 ], [ 27.0943446, -18.6433284 ] ] ] } },
{ "type": "Feature", "properties": { "full_id": "w445243674", "osm_id": "445243674", "osm_type": "way", "railway": null, "highway": "unclassified", "name": null, "surface": null, "ref": null, "tunnel": null, "bridge": null, "level": null, "sac_scale": null }, "geometry": { "type": "MultiLineString", "coordinates": [ [ [ 27.1497083, -18.703014 ], [ 27.1543132, -18.684939 ], [ 27.1544075, -18.6847445 ], [ 27.154479, -18.6846073 ] ] ] } },
{ "type": "Feature", "properties": { "full_id": "w445243677", "osm_id": "445243677", "osm_type": "way", "railway": null, "highway": "unclassified", "name": null, "surface": null, "ref": null, "tunnel": null, "bridge": null, "level": null, "sac_scale": null }, "geometry": { "type": "MultiLineString", "coordinates": [ [ [ 27.1426231, -18.7321308 ], [ 27.1493355, -18.7047727 ] ] ] } },
{ "type": "Feature", "properties": { "full_id": "w445243680", "osm_id": "445243680", "osm_type": "way", "railway": null, "highway": "unclassified", "name": null, "surface": null, "ref": null, "tunnel": null, "bridge": null, "level": null, "sac_scale": null }, "geometry": { "type": "MultiLineString", "coordinates": [ [ [ 26.990618246686672, -18.62378232350385 ], [ 26.9905648, -18.6245111 ], [ 26.9903287, -18.6251822 ], [ 26.990554, -18.6273579 ], [ 26.9907548, -18.6277215 ], [ 26.9913158, -18.6288117 ], [ 26.991316, -18.6294201 ], [ 26.9913977, -18.6299729 ], [ 26.9915155, -18.6306272 ], [ 26.9916009, -18.630852 ], [ 26.9917153, -18.6310586 ], [ 26.9921004, -18.6313261 ], [ 26.9931012, -18.6317254 ], [ 26.9934371, -18.6318661 ], [ 26.996875, -18.632648 ] ] ] } },
{ "type": "Feature", "properties": { "full_id": "w445243691", "osm_id": "445243691", "osm_type": "way", "railway": null, "highway": "unclassified", "name": null, "surface": null, "ref": null, "tunnel": null, "bridge": null, "level": null, "sac_scale": null }, "geometry": { "type": "MultiLineString", "coordinates": [ [ [ 27.0793457, -18.6429904 ], [ 27.0779939, -18.6433563 ], [ 27.0778866, -18.643519 ], [ 27.0721091, -18.6581419 ] ] ] } },
{ "type": "Feature", "properties": { "full_id": "w445243692", "osm_id": "445243692", "osm_type": "way", "railway": null, "highway": "track", "name": null, "surface": null, "ref": null, "tunnel": null, "bridge": null, "level": null, "sac_scale": null }, "geometry": { "type": "MultiLineString", "coordinates": [ [ [ 27.0815733, -18.6928067 ], [ 27.0590074, -18.7236544 ] ] ] } },
{ "type": "Feature", "properties": { "full_id": "w445243694", "osm_id": "445243694", "osm_type": "way", "railway": null, "highway": "unclassified", "name": null, "surface": null, "ref": null, "tunnel": null, "bridge": null, "level": null, "sac_scale": null }, "geometry": { "type": "MultiLineString", "coordinates": [ [ [ 27.0742684, -18.6107385 ], [ 27.0739775, -18.611184 ], [ 27.069333, -18.6182969 ], [ 27.0689712, -18.6188511 ], [ 27.0567561, -18.6374638 ], [ 27.0565777, -18.6377357 ], [ 27.0528566, -18.6433107 ], [ 27.0527525, -18.6434733 ], [ 27.0526566, -18.6435455 ], [ 27.0525703, -18.6436343 ], [ 27.052575, -18.6437426 ], [ 27.0525817, -18.6437708 ] ] ] } },
{ "type": "Feature", "properties": { "full_id": "w445243708", "osm_id": "445243708", "osm_type": "way", "railway": null, "highway": "service", "name": null, "surface": null, "ref": null, "tunnel": null, "bridge": null, "level": null, "sac_scale": null }, "geometry": { "type": "MultiLineString", "coordinates": [ [ [ 27.1284226, -18.6232221 ], [ 27.1284011, -18.6235487 ], [ 27.1283555, -18.6241562 ], [ 27.1284708, -18.6245985 ], [ 27.1284682, -18.6248094 ], [ 27.1284091, -18.6250179 ], [ 27.128334, -18.6251627 ], [ 27.1280095, -18.6257423 ], [ 27.1275347, -18.6266319 ], [ 27.1271539, -18.6273613 ] ] ] } },
{ "type": "Feature", "properties": { "full_id": "w445243715", "osm_id": "445243715", "osm_type": "way", "railway": null, "highway": "unclassified", "name": null, "surface": null, "ref": null, "tunnel": null, "bridge": null, "level": null, "sac_scale": null }, "geometry": { "type": "MultiLineString", "coordinates": [ [ [ 26.9782915, -18.6572147 ], [ 26.9783605, -18.6571631 ], [ 26.9795943, -18.6568649 ], [ 26.9805251, -18.656809 ], [ 26.9809515, -18.6569234 ], [ 26.9813217, -18.6576502 ], [ 26.9821653, -18.6585103 ], [ 26.9825323, -18.6588845 ], [ 26.9826579, -18.6590125 ], [ 26.9828967, -18.6592627 ], [ 26.9830371, -18.6594097 ], [ 26.9832302, -18.6594266 ], [ 26.9869535, -18.6596978 ], [ 26.987755, -18.6596437 ], [ 26.98868, -18.6594951 ], [ 26.9897861, -18.6593577 ], [ 26.9900801, -18.659294 ], [ 26.9922007, -18.6586565 ], [ 26.9944002, -18.6580083 ], [ 26.9959773, -18.6575435 ], [ 26.9966283, -18.6572455 ], [ 26.9989645, -18.6561761 ], [ 27.0020176, -18.6547786 ], [ 27.0024693, -18.6545877 ], [ 27.0050311, -18.6534632 ], [ 27.0063714, -18.6528884 ], [ 27.0079101, -18.6522253 ], [ 27.0091862, -18.6516892 ], [ 27.0099604, -18.6513388 ], [ 27.0109074, -18.6509559 ], [ 27.0117339, -18.6506133 ], [ 27.0125579, -18.6503846 ], [ 27.013594, -18.6501037 ], [ 27.0140501, -18.6499416 ], [ 27.0146193, -18.6496729 ], [ 27.0152429, -18.6493737 ], [ 27.0153827, -18.6493066 ], [ 27.0154105, -18.6492954 ], [ 27.0155157, -18.6492528 ], [ 27.0158017, -18.6491371 ], [ 27.0161783, -18.6490163 ], [ 27.0162306, -18.6489996 ], [ 27.0165791, -18.6489211 ], [ 27.0169022, -18.6489144 ], [ 27.0170822, -18.6489169 ], [ 27.0175189, -18.6489119 ], [ 27.0178399, -18.6488801 ], [ 27.0229473, -18.6472133 ], [ 27.0241866, -18.6468079 ], [ 27.0249492, -18.6465071 ], [ 27.0278314, -18.6456653 ], [ 27.0280861, -18.6455952 ], [ 27.028585, -18.6454488 ], [ 27.0303756, -18.6449054 ], [ 27.031877, -18.644451 ], [ 27.0325438, -18.6442639 ], [ 27.0341408, -18.6437521 ], [ 27.0356693, -18.6432946 ], [ 27.0358824, -18.6432556 ], [ 27.036123, -18.6432279 ], [ 27.0364909, -18.6432035 ], [ 27.0369406, -18.6431701 ], [ 27.0373813, -18.6431507 ], [ 27.0378796, -18.6431164 ], [ 27.0387685, -18.6430387 ], [ 27.0391712, -18.6429928 ], [ 27.0396534, -18.6429319 ], [ 27.0398873, -18.6429182 ], [ 27.0401005, -18.6429188 ], [ 27.0404121, -18.6429446 ], [ 27.0409579, -18.6430129 ], [ 27.0413665, -18.6430726 ], [ 27.0417241, -18.6430895 ], [ 27.0420065, -18.6430803 ], [ 27.0423179, -18.643051 ], [ 27.0428955, -18.6429921 ], [ 27.0432342, -18.6429756 ], [ 27.0434194, -18.6429815 ], [ 27.0438679, -18.6430093 ], [ 27.0447998, -18.6430448 ], [ 27.0449958, -18.6430523 ], [ 27.0457744, -18.6430878 ], [ 27.0462661, -18.6431162 ], [ 27.0466256, -18.6431427 ], [ 27.0469828, -18.6431369 ], [ 27.0474895, -18.6431393 ], [ 27.0479322, -18.6431564 ], [ 27.0486187, -18.6432068 ], [ 27.049201, -18.6432834 ], [ 27.0496561, -18.6433474 ], [ 27.0501728, -18.6434689 ], [ 27.0505658, -18.643568 ], [ 27.0510904, -18.6436654 ], [ 27.0514104, -18.6437005 ], [ 27.0522891, -18.6437542 ], [ 27.0525817, -18.6437708 ], [ 27.0556108, -18.6437799 ], [ 27.057353, -18.6437527 ], [ 27.0586177, -18.6436887 ], [ 27.060208, -18.6434087 ], [ 27.0606352, -18.643322 ], [ 27.0612908, -18.643131 ], [ 27.0616401, -18.6429763 ], [ 27.0621656, -18.6428242 ], [ 27.0628199, -18.6426203 ], [ 27.0631313, -18.6425631 ], [ 27.0634446, -18.6425304 ], [ 27.0637419, -18.6425162 ], [ 27.0642058, -18.6424441 ], [ 27.0644619, -18.642395 ], [ 27.0647886, -18.6423517 ], [ 27.0652283, -18.6422945 ], [ 27.0654598, -18.6422169 ], [ 27.065571, -18.6421533 ], [ 27.0657291, -18.6420387 ], [ 27.0658753, -18.6419557 ], [ 27.0660597, -18.6419199 ], [ 27.0662027, -18.6419164 ], [ 27.0665162, -18.6419731 ], [ 27.0669195, -18.6420285 ], [ 27.0671371, -18.6420214 ], [ 27.0673929, -18.6419798 ], [ 27.0676432, -18.6419028 ], [ 27.0678587, -18.6417944 ], [ 27.0680793, -18.6416864 ], [ 27.0683676, -18.6415127 ], [ 27.06864, -18.641333 ], [ 27.0690834, -18.6410049 ], [ 27.069502, -18.6407094 ], [ 27.0697418, -18.6405855 ], [ 27.0699969, -18.6404874 ], [ 27.0702234, -18.6404132 ], [ 27.0704827, -18.6403419 ], [ 27.0707487, -18.6402775 ], [ 27.0710901, -18.6402051 ], [ 27.0714123, -18.6401738 ], [ 27.0716355, -18.6401593 ], [ 27.0719052, -18.640162 ], [ 27.0721115, -18.6401781 ], [ 27.0725103, -18.6402198 ], [ 27.0727889, -18.6402681 ], [ 27.0730374, -18.6403318 ], [ 27.0736111, -18.6405061 ], [ 27.0758534, -18.641482 ], [ 27.0769049, -18.6417463 ], [ 27.0782889, -18.641543 ], [ 27.0787292, -18.6415096 ], [ 27.0788253, -18.6415023 ], [ 27.0809818, -18.6416446 ], [ 27.0829345, -18.6414718 ], [ 27.0839752, -18.6410855 ], [ 27.084973, -18.641116 ], [ 27.0870061, -18.6415354 ], [ 27.087167, -18.6417018 ], [ 27.0873038, -18.6418746 ], [ 27.0881755, -18.6425659 ] ] ] } },
{ "type": "Feature", "properties": { "full_id": "w445243721", "osm_id": "445243721", "osm_type": "way", "railway": null, "highway": "unclassified", "name": null, "surface": null, "ref": null, "tunnel": null, "bridge": null, "level": null, "sac_scale": null }, "geometry": { "type": "MultiLineString", "coordinates": [ [ [ 27.089552, -18.6131005 ], [ 27.08946, -18.6133926 ], [ 27.0893962, -18.6134632 ], [ 27.0894391, -18.6139715 ], [ 27.0869124, -18.6202779 ], [ 27.0809964, -18.6354882 ], [ 27.0787532, -18.6412554 ], [ 27.0787292, -18.6415096 ] ] ] } },
{ "type": "Feature", "properties": { "full_id": "w445243727", "osm_id": "445243727", "osm_type": "way", "railway": null, "highway": "unclassified", "name": null, "surface": null, "ref": null, "tunnel": null, "bridge": null, "level": null, "sac_scale": null }, "geometry": { "type": "MultiLineString", "coordinates": [ [ [ 27.0689712, -18.6188511 ], [ 27.0712108, -18.619129 ], [ 27.0717687, -18.6191849 ], [ 27.0724446, -18.6191595 ], [ 27.0784474, -18.6195967 ], [ 27.0818592, -18.6198814 ], [ 27.0869124, -18.6202779 ], [ 27.0986794, -18.6211309 ], [ 27.1022032, -18.6214205 ], [ 27.1062152, -18.62174 ], [ 27.1063549, -18.6212544 ], [ 27.1067503, -18.6205609 ] ] ] } },
{ "type": "Feature", "properties": { "full_id": "w445243728", "osm_id": "445243728", "osm_type": "way", "railway": null, "highway": "unclassified", "name": null, "surface": null, "ref": null, "tunnel": null, "bridge": null, "level": null, "sac_scale": null }, "geometry": { "type": "MultiLineString", "coordinates": [ [ [ 27.1497979, -18.7320563 ], [ 27.149711, -18.7316851 ], [ 27.1500221, -18.7313853 ], [ 27.1510575, -18.7305572 ], [ 27.1519748, -18.7297596 ], [ 27.152184, -18.7293481 ], [ 27.1534393, -18.7263507 ], [ 27.1538792, -18.7250145 ], [ 27.1543083, -18.7227435 ], [ 27.1542118, -18.7198882 ], [ 27.1544746, -18.7190042 ], [ 27.1550271, -18.7182929 ], [ 27.1565238, -18.7167484 ], [ 27.1576021, -18.7149803 ], [ 27.1581224, -18.713954 ], [ 27.1587715, -18.7127346 ], [ 27.1589539, -18.7113221 ], [ 27.1582673, -18.7088832 ], [ 27.1579239, -18.7074504 ], [ 27.1572266, -18.7063834 ], [ 27.1568725, -18.705672 ], [ 27.156261, -18.7048286 ], [ 27.1557674, -18.7048591 ], [ 27.1541474, -18.7052452 ], [ 27.1522666, -18.7057113 ], [ 27.1521021, -18.7056928 ], [ 27.151954, -18.7056676 ], [ 27.1518403, -18.7056299 ], [ 27.1517432, -18.7055784 ], [ 27.1516764, -18.7054977 ], [ 27.1515998, -18.7053982 ], [ 27.1514963, -18.7053139 ], [ 27.1513799, -18.7052675 ], [ 27.1512773, -18.7052355 ], [ 27.1511566, -18.70521 ], [ 27.1509986, -18.7051956 ], [ 27.1508272, -18.7051878 ], [ 27.1504837, -18.7051569 ], [ 27.1502407, -18.7051515 ], [ 27.1501428, -18.7051499 ], [ 27.1500867, -18.7051396 ], [ 27.1499836, -18.7050889 ], [ 27.1498385, -18.7050183 ], [ 27.1496768, -18.7049229 ], [ 27.1494761, -18.7048192 ], [ 27.1493355, -18.7047727 ], [ 27.1488152, -18.7044119 ], [ 27.1477423, -18.7042697 ], [ 27.1470127, -18.703975 ], [ 27.1464226, -18.7041985 ], [ 27.1460149, -18.7045135 ], [ 27.144824, -18.7042392 ], [ 27.1440194, -18.7036599 ], [ 27.1416912, -18.7034465 ], [ 27.139119, -18.7032604 ], [ 27.1386362, -18.7033087 ], [ 27.1373943, -18.7032172 ], [ 27.1366782, -18.7033316 ], [ 27.1361471, -18.7035805 ], [ 27.1358038, -18.7038854 ], [ 27.1348194, -18.7043198 ], [ 27.1339182, -18.7047136 ], [ 27.1324188, -18.7050261 ], [ 27.1306807, -18.7052116 ], [ 27.1288997, -18.7060042 ], [ 27.1273119, -18.7062176 ], [ 27.1267433, -18.7062075 ], [ 27.1260137, -18.7057806 ], [ 27.1252841, -18.7041547 ], [ 27.1237284, -18.7026608 ], [ 27.1220118, -18.7020714 ], [ 27.1188254, -18.7015328 ], [ 27.1170873, -18.7008824 ], [ 27.1157677, -18.7006995 ], [ 27.1139974, -18.701167 ], [ 27.1126456, -18.7011467 ], [ 27.1109826, -18.7013906 ], [ 27.1083433, -18.7013702 ], [ 27.1065543, -18.7010717 ], [ 27.1063548, -18.7009823 ], [ 27.1061831, -18.7009367 ], [ 27.1060033, -18.7008965 ], [ 27.1057916, -18.7008705 ], [ 27.1055429, -18.7008011 ], [ 27.1053132, -18.7007078 ], [ 27.1050524, -18.7006219 ], [ 27.1047514, -18.7005569 ], [ 27.1044496, -18.7005057 ], [ 27.1042118, -18.7004553 ], [ 27.1040313, -18.7004307 ], [ 27.1038565, -18.7004194 ], [ 27.1036844, -18.7003916 ], [ 27.103559, -18.7003762 ], [ 27.1034363, -18.7003858 ], [ 27.1031773, -18.700387 ], [ 27.1029775, -18.70034 ], [ 27.1027696, -18.7002853 ], [ 27.1023942, -18.7002091 ], [ 27.1022171, -18.7001482 ], [ 27.102045, -18.7000557 ], [ 27.101938, -18.6999605 ], [ 27.1017612, -18.6997849 ], [ 27.1016994, -18.6997125 ], [ 27.1015868, -18.6996655 ], [ 27.101403, -18.6996499 ], [ 27.1012407, -18.6996351 ], [ 27.1011415, -18.6996401 ], [ 27.1009436, -18.6996796 ], [ 27.100766, -18.6997112 ], [ 27.1005595, -18.6997493 ], [ 27.0988322, -18.7003438 ], [ 27.0979149, -18.700481 ], [ 27.0968581, -18.7009434 ], [ 27.0954597, -18.7015058 ], [ 27.0953014, -18.7015153 ], [ 27.0951915, -18.701624 ] ] ] } },
{ "type": "Feature", "properties": { "full_id": "w445243731", "osm_id": "445243731", "osm_type": "way", "railway": null, "highway": "unclassified", "name": null, "surface": null, "ref": null, "tunnel": null, "bridge": null, "level": null, "sac_scale": null }, "geometry": { "type": "MultiLineString", "coordinates": [ [ [ 26.994798727673018, -18.729325090891049 ], [ 26.9985629, -18.724977 ], [ 27.0024329, -18.7205066 ], [ 27.0131286, -18.7081507 ], [ 27.0133794, -18.707861 ], [ 27.0237895, -18.6958924 ] ] ] } },
{ "type": "Feature", "properties": { "full_id": "w484548279", "osm_id": "484548279", "osm_type": "way", "railway": null, "highway": "unclassified", "name": null, "surface": null, "ref": null, "tunnel": null, "bridge": null, "level": null, "sac_scale": null }, "geometry": { "type": "MultiLineString", "coordinates": [ [ [ 27.027293207167229, -18.560567609033246 ], [ 27.0308384, -18.5648671 ], [ 27.0315409, -18.5656814 ], [ 27.0316927, -18.5658766 ], [ 27.0319717, -18.5661334 ], [ 27.0321648, -18.5662363 ], [ 27.0322962, -18.5662821 ], [ 27.0324518, -18.5663114 ], [ 27.0326355, -18.5663355 ], [ 27.033011, -18.5663571 ], [ 27.0335475, -18.5663775 ], [ 27.033813, -18.5664156 ], [ 27.0341802, -18.5664849 ], [ 27.0368678, -18.5670824 ], [ 27.0375185, -18.5672185 ], [ 27.0404484, -18.567873 ], [ 27.0430747, -18.5684637 ], [ 27.0433348, -18.5684662 ], [ 27.0434535, -18.5685191 ], [ 27.0437506, -18.5686124 ], [ 27.0453224, -18.5689353 ], [ 27.0466755, -18.5691883 ], [ 27.0473595, -18.5692875 ], [ 27.047566, -18.5693358 ], [ 27.0478568, -18.569447 ], [ 27.04867194616692, -18.569983907385392 ] ] ] } },
{ "type": "Feature", "properties": { "full_id": "w495929388", "osm_id": "495929388", "osm_type": "way", "railway": null, "highway": "service", "name": null, "surface": null, "ref": null, "tunnel": null, "bridge": null, "level": null, "sac_scale": null }, "geometry": { "type": "MultiLineString", "coordinates": [ [ [ 26.9781222, -18.6571741 ], [ 26.9782147, -18.6571652 ], [ 26.9782915, -18.6572147 ], [ 26.9783169, -18.6572994 ], [ 26.9782788, -18.6573797 ], [ 26.9781951, -18.6574181 ], [ 26.978105, -18.6573965 ], [ 26.9780507, -18.6573251 ], [ 26.9780575, -18.6572373 ], [ 26.9781222, -18.6571741 ] ] ] } },
{ "type": "Feature", "properties": { "full_id": "w495929389", "osm_id": "495929389", "osm_type": "way", "railway": null, "highway": "service", "name": null, "surface": null, "ref": null, "tunnel": null, "bridge": null, "level": null, "sac_scale": null }, "geometry": { "type": "MultiLineString", "coordinates": [ [ [ 26.9770607, -18.6563739 ], [ 26.9772395, -18.6560138 ], [ 26.9775507, -18.6554751 ], [ 26.9780549, -18.6551294 ], [ 26.978645, -18.6550075 ], [ 26.9788703, -18.6549668 ], [ 26.9791063, -18.6548143 ] ] ] } },
{ "type": "Feature", "properties": { "full_id": "w495929401", "osm_id": "495929401", "osm_type": "way", "railway": null, "highway": "service", "name": null, "surface": null, "ref": null, "tunnel": null, "bridge": null, "level": null, "sac_scale": null }, "geometry": { "type": "MultiLineString", "coordinates": [ [ [ 26.9998609, -18.6338375 ], [ 27.0021281, -18.6330241 ] ] ] } },
{ "type": "Feature", "properties": { "full_id": "w495929403", "osm_id": "495929403", "osm_type": "way", "railway": null, "highway": "track", "name": null, "surface": null, "ref": null, "tunnel": null, "bridge": null, "level": null, "sac_scale": null }, "geometry": { "type": "MultiLineString", "coordinates": [ [ [ 27.1442181, -18.6230455 ], [ 27.1447505, -18.6230887 ], [ 27.1448779, -18.6231332 ], [ 27.1449879, -18.6232158 ], [ 27.1450415, -18.6232666 ], [ 27.1454452, -18.6236275 ], [ 27.1486384, -18.6263929 ], [ 27.1517122, -18.6290668 ], [ 27.1518034, -18.6291456 ], [ 27.1519858, -18.6292396 ], [ 27.152372, -18.6294658 ], [ 27.1546304, -18.6306045 ], [ 27.1548599, -18.6307435 ], [ 27.1554029, -18.6310722 ], [ 27.1559635, -18.6313441 ], [ 27.1564785, -18.6315856 ], [ 27.1583855, -18.6326734 ], [ 27.158753, -18.6328717 ], [ 27.1597454, -18.6334181 ], [ 27.1609604, -18.6340713 ], [ 27.1649623, -18.6362621 ], [ 27.1671671, -18.637477 ], [ 27.167556, -18.6376854 ], [ 27.1679127, -18.6378557 ], [ 27.1680817, -18.6379904 ], [ 27.1683553, -18.6381988 ], [ 27.1686101, -18.6382801 ], [ 27.1688676, -18.6383615 ], [ 27.1690768, -18.6384987 ], [ 27.1696159, -18.6388088 ], [ 27.1701389, -18.6390629 ], [ 27.1714023, -18.6397847 ], [ 27.1774212, -18.6431179 ], [ 27.177574, -18.6431979 ], [ 27.1776733, -18.6432488 ], [ 27.1777403, -18.6432793 ], [ 27.1777832, -18.6432831 ], [ 27.1778275, -18.6432704 ], [ 27.1779428, -18.6431408 ], [ 27.1782044, -18.6429108 ], [ 27.1786174, -18.64256 ], [ 27.1798968, -18.6414824 ], [ 27.1809912, -18.6405853 ], [ 27.1818817, -18.6398864 ], [ 27.1833381, -18.6386105 ], [ 27.1844485, -18.6377007 ], [ 27.1858996, -18.6364883 ], [ 27.1864562, -18.6360182 ], [ 27.1865313, -18.6359559 ], [ 27.1867579, -18.6358047 ], [ 27.1868545, -18.6357653 ] ] ] } },
{ "type": "Feature", "properties": { "full_id": "w567715630", "osm_id": "567715630", "osm_type": "way", "railway": null, "highway": "path", "name": null, "surface": null, "ref": null, "tunnel": null, "bridge": null, "level": null, "sac_scale": null }, "geometry": { "type": "MultiLineString", "coordinates": [ [ [ 27.0594858, -18.6164342 ], [ 27.0595461, -18.6167087 ], [ 27.0595716, -18.6168777 ] ] ] } },
{ "type": "Feature", "properties": { "full_id": "w659001343", "osm_id": "659001343", "osm_type": "way", "railway": null, "highway": "service", "name": null, "surface": "ground", "ref": null, "tunnel": null, "bridge": null, "level": null, "sac_scale": null }, "geometry": { "type": "MultiLineString", "coordinates": [ [ [ 27.1067851, -18.6249251 ], [ 27.1069273, -18.6249785 ], [ 27.1070319, -18.6250242 ], [ 27.1071258, -18.6250471 ], [ 27.1072009, -18.6250725 ], [ 27.107276, -18.6251081 ], [ 27.1073457, -18.6251488 ], [ 27.1074315, -18.6251768 ], [ 27.107512, -18.6251971 ], [ 27.1076139, -18.6252123 ], [ 27.1077078, -18.6252149 ], [ 27.107807, -18.6252149 ], [ 27.1079143, -18.6252022 ], [ 27.1080216, -18.6251691 ], [ 27.1081048, -18.6251412 ], [ 27.1081996, -18.625085 ] ] ] } },
{ "type": "Feature", "properties": { "full_id": "w667187343", "osm_id": "667187343", "osm_type": "way", "railway": null, "highway": "unclassified", "name": "Access Road to Ivory Lodge", "surface": "gravel", "ref": null, "tunnel": null, "bridge": null, "level": null, "sac_scale": null }, "geometry": { "type": "MultiLineString", "coordinates": [ [ [ 27.0490259, -18.6142717 ], [ 27.0485804, -18.6144092 ], [ 27.0478965, -18.6146433 ], [ 27.0476681, -18.6147242 ], [ 27.047524, -18.6147636 ], [ 27.046967, -18.6147877 ], [ 27.046857, -18.6147878 ], [ 27.0464238, -18.6148078 ], [ 27.0459389, -18.6148896 ], [ 27.0450996, -18.6150291 ], [ 27.0442924, -18.6151664 ], [ 27.0438823, -18.6152279 ], [ 27.0434741, -18.6152587 ], [ 27.0430979, -18.6153039 ], [ 27.0427219, -18.6153924 ], [ 27.0422915, -18.615475 ], [ 27.0418897, -18.6155291 ], [ 27.0414144, -18.6155623 ], [ 27.040996, -18.6155801 ], [ 27.0406929, -18.6155776 ], [ 27.0401618, -18.6155013 ], [ 27.03951, -18.615359 ], [ 27.0391935, -18.615298 ], [ 27.0389467, -18.6152319 ], [ 27.0387322, -18.6151734 ], [ 27.0382977, -18.6151073 ], [ 27.0376253, -18.6151354 ], [ 27.0372232, -18.6151856 ], [ 27.0368551, -18.6153071 ], [ 27.0363873, -18.6155025 ], [ 27.0360321, -18.6156509 ], [ 27.0348196, -18.6162573 ], [ 27.0346189, -18.6163577 ], [ 27.033631, -18.6168654 ], [ 27.0332013, -18.6169342 ], [ 27.0327101, -18.6168707 ], [ 27.0321855, -18.6167173 ], [ 27.0310693, -18.6164317 ], [ 27.0301652, -18.6162678 ], [ 27.0289875, -18.6160932 ], [ 27.0280722, -18.6161038 ], [ 27.0269281, -18.6161831 ], [ 27.0259235, -18.6163524 ], [ 27.0249412, -18.6164476 ], [ 27.024545, -18.6164846 ], [ 27.0243016, -18.6164488 ], [ 27.0242213, -18.616437 ], [ 27.0230046, -18.6159398 ], [ 27.022378, -18.6156009 ], [ 27.0204758, -18.6148903 ], [ 27.0195365, -18.6145387 ], [ 27.0180843, -18.6142171 ], [ 27.0167819, -18.6140301 ], [ 27.0164196, -18.6140351 ], [ 27.0164053, -18.6140353 ], [ 27.0151718, -18.6140525 ], [ 27.0140194, -18.6140974 ], [ 27.0128276, -18.6144115 ], [ 27.0121646, -18.6145836 ], [ 27.0110122, -18.6147033 ], [ 27.0096152, -18.6148454 ], [ 27.008889, -18.6150324 ], [ 27.007713, -18.6152717 ], [ 27.0070075, -18.6153078 ], [ 27.0067361, -18.6152598 ] ] ] } },
{ "type": "Feature", "properties": { "full_id": "w667187347", "osm_id": "667187347", "osm_type": "way", "railway": null, "highway": "unclassified", "name": null, "surface": "ground", "ref": null, "tunnel": null, "bridge": null, "level": null, "sac_scale": null }, "geometry": { "type": "MultiLineString", "coordinates": [ [ [ 27.0534736, -18.6154638 ], [ 27.0534371, -18.6153866 ], [ 27.0534511, -18.6153014 ], [ 27.0535157, -18.6152402 ], [ 27.0536141, -18.6152295 ], [ 27.0537011, -18.6152561 ], [ 27.0537011, -18.6152934 ], [ 27.0536506, -18.6153493 ], [ 27.0535972, -18.6153919 ], [ 27.0535214, -18.6154159 ], [ 27.0534736, -18.6154638 ] ] ] } },
{ "type": "Feature", "properties": { "full_id": "w667187349", "osm_id": "667187349", "osm_type": "way", "railway": null, "highway": "unclassified", "name": "Khulu's Retreat Road", "surface": "ground", "ref": null, "tunnel": null, "bridge": null, "level": null, "sac_scale": null }, "geometry": { "type": "MultiLineString", "coordinates": [ [ [ 27.0507076, -18.6165266 ], [ 27.0508151, -18.6165105 ], [ 27.050876, -18.6164781 ], [ 27.0509251, -18.6164344 ], [ 27.0510787, -18.6163246 ], [ 27.0511488, -18.6162678 ], [ 27.05124, -18.6161991 ], [ 27.0512944, -18.616153 ], [ 27.0513128, -18.6161057 ], [ 27.0513345, -18.6160441 ], [ 27.051386, -18.6160093 ], [ 27.0514768, -18.6159452 ], [ 27.0515412, -18.6158473 ], [ 27.0515975, -18.6157482 ], [ 27.0516404, -18.6156364 ], [ 27.0516726, -18.6155347 ], [ 27.0516708, -18.6154766 ], [ 27.0516699, -18.6154483 ], [ 27.0516592, -18.6153669 ], [ 27.0516431, -18.6153237 ], [ 27.0516538, -18.6152907 ], [ 27.051678, -18.6152703 ], [ 27.0517102, -18.6152602 ], [ 27.0517477, -18.6152602 ], [ 27.0517745, -18.615278 ], [ 27.0517853, -18.6153161 ], [ 27.0517745, -18.6153568 ], [ 27.0517504, -18.6153949 ], [ 27.0517209, -18.6154228 ], [ 27.0516941, -18.6154508 ], [ 27.0516708, -18.6154766 ] ] ] } },
{ "type": "Feature", "properties": { "full_id": "w667187372", "osm_id": "667187372", "osm_type": "way", "railway": null, "highway": "unclassified", "name": null, "surface": null, "ref": null, "tunnel": null, "bridge": null, "level": null, "sac_scale": null }, "geometry": { "type": "MultiLineString", "coordinates": [ [ [ 27.0450555, -18.6195638 ], [ 27.04501, -18.6194408 ], [ 27.0449897, -18.6193522 ], [ 27.0450305, -18.6192865 ], [ 27.0450954, -18.6192751 ], [ 27.0452012, -18.6193173 ], [ 27.0453603, -18.6193862 ], [ 27.0457087, -18.6193441 ], [ 27.045983, -18.6192317 ], [ 27.0464055, -18.6190139 ], [ 27.0465316, -18.6188172 ], [ 27.0467169, -18.6186837 ], [ 27.0470357, -18.6185573 ], [ 27.0474508, -18.6186556 ], [ 27.0478808, -18.6187259 ], [ 27.0481328, -18.6186486 ], [ 27.0485257, -18.6185151 ], [ 27.0487926, -18.6185854 ], [ 27.0490965, -18.6187188 ], [ 27.0491336, -18.6188383 ], [ 27.0492448, -18.6188242 ], [ 27.0495487, -18.6187118 ], [ 27.0497044, -18.6186978 ], [ 27.0498823, -18.6186837 ], [ 27.0500552, -18.618671 ], [ 27.050241, -18.6187351 ], [ 27.0503868, -18.6188314 ], [ 27.0505088, -18.6189123 ], [ 27.0509316, -18.6188968 ], [ 27.0511389, -18.6188429 ], [ 27.0514641, -18.6187697 ], [ 27.0516024, -18.6187119 ], [ 27.0517528, -18.6186079 ], [ 27.0518463, -18.6184962 ], [ 27.0518666, -18.6183613 ], [ 27.0519032, -18.6182573 ], [ 27.0519195, -18.6181494 ], [ 27.0519886, -18.6180916 ], [ 27.0521471, -18.6180107 ], [ 27.0522325, -18.6179106 ], [ 27.0522813, -18.6177642 ], [ 27.0523382, -18.6176987 ], [ 27.052509, -18.617637 ], [ 27.0528017, -18.61756 ], [ 27.0529991, -18.6175203 ] ] ] } },
{ "type": "Feature", "properties": { "full_id": "w667187373", "osm_id": "667187373", "osm_type": "way", "railway": null, "highway": "unclassified", "name": null, "surface": null, "ref": null, "tunnel": null, "bridge": null, "level": null, "sac_scale": null }, "geometry": { "type": "MultiLineString", "coordinates": [ [ [ 27.046857, -18.6147878 ], [ 27.050241, -18.6187351 ], [ 27.051793, -18.6205203 ], [ 27.0527372, -18.6215458 ], [ 27.0529586, -18.621765 ], [ 27.0532396, -18.6218895 ], [ 27.0537239, -18.6220547 ], [ 27.0541099, -18.6221835 ], [ 27.0544185, -18.6223184 ], [ 27.0546266, -18.6224713 ], [ 27.0547394, -18.6225782 ], [ 27.0548754, -18.6227573 ], [ 27.0549111, -18.6229065 ], [ 27.0548926, -18.6231062 ], [ 27.0549585, -18.6234806 ], [ 27.0548981, -18.62435 ], [ 27.054859, -18.6248738 ], [ 27.0547968, -18.6252296 ], [ 27.0546683, -18.6256174 ], [ 27.0543253, -18.6264614 ], [ 27.0541121, -18.6270123 ], [ 27.0539915, -18.6273587 ], [ 27.053919, -18.6276835 ], [ 27.053872, -18.6281158 ], [ 27.0538347, -18.6290408 ], [ 27.0538466, -18.6297845 ], [ 27.0538573, -18.6302763 ], [ 27.0538759, -18.6307923 ], [ 27.0540544, -18.6313956 ], [ 27.0543174, -18.632048 ], [ 27.0545294, -18.6326541 ], [ 27.0546609, -18.6331295 ], [ 27.0548832, -18.6340799 ], [ 27.0550596, -18.6348473 ], [ 27.0553815, -18.6358131 ], [ 27.0556712, -18.636479 ], [ 27.0560413, -18.636967 ], [ 27.0563364, -18.6373584 ], [ 27.0564919, -18.6375718 ], [ 27.0565777, -18.6377357 ], [ 27.0569694, -18.6384106 ], [ 27.0571678, -18.6390154 ], [ 27.0573717, -18.6395187 ], [ 27.0575112, -18.6400778 ], [ 27.0575434, -18.6404184 ], [ 27.0576077, -18.6410639 ], [ 27.0577687, -18.6416027 ], [ 27.0579242, -18.6419941 ], [ 27.0579457, -18.6421415 ], [ 27.058112, -18.642355 ], [ 27.0583158, -18.6426905 ], [ 27.0584714, -18.6431886 ], [ 27.0585787, -18.6435139 ], [ 27.0586177, -18.6436887 ] ] ] } },
{ "type": "Feature", "properties": { "full_id": "w667187375", "osm_id": "667187375", "osm_type": "way", "railway": null, "highway": "unclassified", "name": null, "surface": null, "ref": null, "tunnel": null, "bridge": null, "level": null, "sac_scale": null }, "geometry": { "type": "MultiLineString", "coordinates": [ [ [ 27.0549679, -18.6171268 ], [ 27.0550031, -18.6178444 ], [ 27.0549888, -18.6188588 ], [ 27.0549665, -18.6203001 ], [ 27.0549787, -18.6207731 ], [ 27.0550316, -18.6218452 ], [ 27.0550256, -18.6223755 ], [ 27.0549846, -18.6226143 ], [ 27.0548754, -18.6227573 ] ] ] } },
{ "type": "Feature", "properties": { "full_id": "w667187380", "osm_id": "667187380", "osm_type": "way", "railway": null, "highway": "track", "name": null, "surface": null, "ref": null, "tunnel": null, "bridge": null, "level": null, "sac_scale": null }, "geometry": { "type": "MultiLineString", "coordinates": [ [ [ 27.070739, -18.601119 ], [ 27.0705174, -18.6012729 ], [ 27.0701836, -18.6013906 ], [ 27.0695897, -18.6015966 ], [ 27.0688172, -18.6018174 ], [ 27.0665438, -18.6025632 ], [ 27.064843, -18.6031211 ], [ 27.0641165, -18.603346 ], [ 27.0631084, -18.6036691 ], [ 27.0610549, -18.6043225 ], [ 27.0591333, -18.6049524 ], [ 27.0589101, -18.6050255 ], [ 27.0567034, -18.6057488 ], [ 27.0548501, -18.606353 ], [ 27.0522549, -18.6071661 ], [ 27.0521369, -18.6072031 ], [ 27.046362, -18.6090649 ], [ 27.0421662, -18.6104559 ], [ 27.0367323, -18.6122685 ], [ 27.0354067, -18.6127077 ], [ 27.0330851, -18.6134769 ], [ 27.0269692, -18.6155775 ], [ 27.0243016, -18.6164488 ], [ 27.0189778, -18.6182892 ], [ 27.0181624, -18.6185632 ], [ 27.0124542, -18.6204811 ], [ 27.0057453, -18.6227712 ], [ 27.0038147, -18.6232861 ] ] ] } },
{ "type": "Feature", "properties": { "full_id": "w667192519", "osm_id": "667192519", "osm_type": "way", "railway": null, "highway": "track", "name": null, "surface": "ground", "ref": null, "tunnel": null, "bridge": null, "level": null, "sac_scale": null }, "geometry": { "type": "MultiLineString", "coordinates": [ [ [ 27.0013121, -18.6277422 ], [ 27.0152464, -18.622403 ], [ 27.0273536, -18.6177637 ], [ 27.0276957, -18.6176326 ], [ 27.0279173, -18.6177548 ], [ 27.0282349, -18.618512 ], [ 27.0304858, -18.6237111 ], [ 27.0306641, -18.624123 ] ] ] } },
{ "type": "Feature", "properties": { "full_id": "w667192520", "osm_id": "667192520", "osm_type": "way", "railway": null, "highway": "track", "name": null, "surface": null, "ref": null, "tunnel": null, "bridge": null, "level": null, "sac_scale": null }, "geometry": { "type": "MultiLineString", "coordinates": [ [ [ 27.0368165, -18.6143126 ], [ 27.0368588, -18.6142431 ], [ 27.0370357, -18.6140727 ], [ 27.0370357, -18.6139236 ], [ 27.0369486, -18.6137399 ], [ 27.0368335, -18.6136574 ], [ 27.0366846, -18.6136494 ], [ 27.0365189, -18.6137639 ], [ 27.0365161, -18.6139662 ], [ 27.0365975, -18.6141073 ], [ 27.0367717, -18.6141978 ], [ 27.0368165, -18.6143126 ] ] ] } },
{ "type": "Feature", "properties": { "full_id": "w667192522", "osm_id": "667192522", "osm_type": "way", "railway": null, "highway": "track", "name": null, "surface": null, "ref": null, "tunnel": null, "bridge": null, "level": null, "sac_scale": null }, "geometry": { "type": "MultiLineString", "coordinates": [ [ [ 27.0364874, -18.6148764 ], [ 27.0363672, -18.6147249 ], [ 27.0361537, -18.6144454 ], [ 27.0360301, -18.6142537 ], [ 27.0359683, -18.6141552 ], [ 27.0359121, -18.6139449 ], [ 27.0358138, -18.6137426 ], [ 27.0358166, -18.6135057 ], [ 27.035707, -18.6132261 ], [ 27.0355638, -18.6130158 ], [ 27.0354374, -18.6128614 ], [ 27.0354067, -18.6127077 ] ] ] } },
{ "type": "Feature", "properties": { "full_id": "w667192523", "osm_id": "667192523", "osm_type": "way", "railway": null, "highway": "track", "name": null, "surface": null, "ref": null, "tunnel": null, "bridge": null, "level": null, "sac_scale": null }, "geometry": { "type": "MultiLineString", "coordinates": [ [ [ 27.0370357, -18.6140727 ], [ 27.0372895, -18.6140029 ], [ 27.0376505, -18.6139845 ], [ 27.0380814, -18.6141023 ], [ 27.0383182, -18.6142494 ], [ 27.0385239, -18.6144444 ], [ 27.0386404, -18.6147166 ], [ 27.038815, -18.6150072 ], [ 27.0389467, -18.6152319 ], [ 27.0390363, -18.6154781 ], [ 27.0395371, -18.6166149 ], [ 27.0398593, -18.6174426 ], [ 27.0402707, -18.6183145 ], [ 27.040461, -18.6188515 ], [ 27.0407133, -18.6194291 ], [ 27.0408841, -18.6198264 ], [ 27.0409345, -18.6199441 ], [ 27.0410005, -18.6199846 ], [ 27.0411053, -18.6201869 ], [ 27.0412063, -18.620404 ], [ 27.0412766, -18.6205745 ] ] ] } },
{ "type": "Feature", "properties": { "full_id": "w667210571", "osm_id": "667210571", "osm_type": "way", "railway": null, "highway": "track", "name": null, "surface": null, "ref": null, "tunnel": null, "bridge": null, "level": null, "sac_scale": null }, "geometry": { "type": "MultiLineString", "coordinates": [ [ [ 27.1062152, -18.62174 ], [ 27.1066664, -18.6219217 ], [ 27.1066664, -18.6222012 ], [ 27.1069149, -18.6224808 ], [ 27.1072875, -18.6228045 ], [ 27.1076602, -18.6230105 ], [ 27.1080484, -18.6231923 ], [ 27.1085763, -18.6235108 ], [ 27.1088714, -18.623658 ], [ 27.1090913, -18.6238215 ] ] ] } },
{ "type": "Feature", "properties": { "full_id": "w667225063", "osm_id": "667225063", "osm_type": "way", "railway": null, "highway": "track", "name": null, "surface": null, "ref": null, "tunnel": null, "bridge": null, "level": null, "sac_scale": null }, "geometry": { "type": "MultiLineString", "coordinates": [ [ [ 27.03644, -18.569652 ], [ 27.0364287, -18.570042 ], [ 27.038623, -18.5727826 ], [ 27.0404085, -18.574862 ], [ 27.0411563, -18.5756301 ], [ 27.0431578, -18.5780095 ], [ 27.0448649, -18.5802311 ], [ 27.0474663, -18.5833254 ], [ 27.0511619, -18.5877334 ], [ 27.0542208, -18.5913686 ], [ 27.0545236, -18.5916776 ], [ 27.0555795, -18.5922811 ], [ 27.0563714, -18.5925092 ], [ 27.0573874, -18.593038 ], [ 27.057862, -18.5932745 ], [ 27.0582347, -18.5934216 ], [ 27.0590033, -18.5938043 ], [ 27.0788791, -18.602918 ], [ 27.0792557, -18.603104 ] ] ] } },
{ "type": "Feature", "properties": { "full_id": "w667229997", "osm_id": "667229997", "osm_type": "way", "railway": null, "highway": "unclassified", "name": null, "surface": "ground", "ref": null, "tunnel": null, "bridge": null, "level": null, "sac_scale": null }, "geometry": { "type": "MultiLineString", "coordinates": [ [ [ 27.070838077800158, -18.591542749892124 ], [ 27.0726576, -18.5948016 ], [ 27.0727654, -18.5949566 ], [ 27.0728936, -18.5951015 ], [ 27.0732696, -18.5954002 ], [ 27.0742057, -18.5959544 ], [ 27.0751842, -18.5965506 ], [ 27.0753604, -18.5967005 ], [ 27.0755329, -18.5968709 ], [ 27.0756675, -18.5970653 ], [ 27.0757909, -18.5973081 ], [ 27.0765951, -18.5988538 ], [ 27.0770006, -18.5995083 ], [ 27.0771883, -18.5998185 ], [ 27.077533, -18.6001883 ], [ 27.0776966, -18.6003154 ], [ 27.0781526, -18.6005569 ], [ 27.0788044, -18.6008773 ], [ 27.0795044, -18.6012255 ], [ 27.0799416, -18.6014263 ], [ 27.0802233, -18.6015992 ], [ 27.0803922, -18.6016983 ], [ 27.0805827, -18.6018483 ], [ 27.0807704, -18.6020593 ], [ 27.080926, -18.6022729 ], [ 27.0811701, -18.6026338 ], [ 27.0814329, -18.6030253 ], [ 27.0816663, -18.6033736 ], [ 27.0818219, -18.6035871 ], [ 27.081964, -18.6037574 ], [ 27.0821169, -18.6038769 ], [ 27.082243, -18.6039379 ], [ 27.0823726, -18.6039736 ], [ 27.0826909, -18.6040167 ], [ 27.0828652, -18.6040218 ], [ 27.0831522, -18.6040116 ], [ 27.0833749, -18.6039964 ], [ 27.0835599, -18.6039633 ], [ 27.0836806, -18.6038998 ], [ 27.0837423, -18.6038616 ], [ 27.083914, -18.6037218 ], [ 27.0840132, -18.6036252 ], [ 27.0842573, -18.6033863 ], [ 27.0843968, -18.6032312 ], [ 27.0845291, -18.6031296 ], [ 27.0847079, -18.6029973 ], [ 27.0848769, -18.6029287 ], [ 27.084922618875613, -18.602919862409127 ] ], [ [ 27.110735110645553, -18.615052854239703 ], [ 27.1108356, -18.6152108 ], [ 27.1110544, -18.6155425 ], [ 27.1112857, -18.6158031 ], [ 27.1115407, -18.616105 ], [ 27.111767, -18.6163718 ], [ 27.1118841, -18.616485 ], [ 27.1119733, -18.6166088 ], [ 27.1121921, -18.6168339 ], [ 27.1124484, -18.6170412 ], [ 27.1126981, -18.6171637 ], [ 27.1129489, -18.6172247 ], [ 27.1132024, -18.6172501 ], [ 27.1132855, -18.6172565 ], [ 27.1133459, -18.617259 ] ] ] } },
{ "type": "Feature", "properties": { "full_id": "w669689196", "osm_id": "669689196", "osm_type": "way", "railway": null, "highway": "trunk", "name": null, "surface": "asphalt", "ref": "A8", "tunnel": null, "bridge": null, "level": null, "sac_scale": null }, "geometry": { "type": "MultiLineString", "coordinates": [ [ [ 27.022005725438259, -18.565209970195948 ], [ 27.0298453, -18.5693978 ], [ 27.0304534, -18.5697226 ], [ 27.0337473, -18.5714893 ] ] ] } },
{ "type": "Feature", "properties": { "full_id": "w669689197", "osm_id": "669689197", "osm_type": "way", "railway": null, "highway": "trunk", "name": null, "surface": "asphalt", "ref": "A8", "tunnel": null, "bridge": null, "level": null, "sac_scale": null }, "geometry": { "type": "MultiLineString", "coordinates": [ [ [ 27.0774255, -18.6058685 ], [ 27.0772028, -18.6055804 ], [ 27.0761625, -18.6041168 ], [ 27.0756125, -18.6035275 ], [ 27.0750533, -18.6031295 ], [ 27.0748144, -18.6029836 ], [ 27.0739254, -18.6025538 ], [ 27.0724811, -18.6019043 ], [ 27.0714846, -18.6014492 ], [ 27.070739, -18.601119 ], [ 27.0704013, -18.6009645 ], [ 27.068958, -18.6003349 ], [ 27.0652787, -18.5986844 ], [ 27.061494, -18.5969804 ], [ 27.0585947, -18.595675 ], [ 27.0566014, -18.5948087 ], [ 27.0565383, -18.5947813 ], [ 27.0558209, -18.5943801 ], [ 27.0552762, -18.5940133 ], [ 27.0552331, -18.5939843 ] ] ] } },
{ "type": "Feature", "properties": { "full_id": "w669689198", "osm_id": "669689198", "osm_type": "way", "railway": null, "highway": "track", "name": null, "surface": "sand", "ref": null, "tunnel": null, "bridge": null, "level": null, "sac_scale": null }, "geometry": { "type": "MultiLineString", "coordinates": [ [ [ 27.0742684, -18.6107385 ], [ 27.0741239, -18.6107581 ], [ 27.0739067, -18.6108242 ], [ 27.0737162, -18.610875 ], [ 27.0735204, -18.6110047 ], [ 27.0733488, -18.6111648 ], [ 27.0732066, -18.6112538 ], [ 27.0729437, -18.6113072 ], [ 27.0726165, -18.6113631 ], [ 27.0720935, -18.6114775 ], [ 27.0717663, -18.6115309 ], [ 27.0713961, -18.6115944 ], [ 27.0710313, -18.6116224 ], [ 27.070798, -18.6116198 ], [ 27.0706497, -18.6116198 ], [ 27.0704198, -18.6116198 ], [ 27.0701462, -18.6116859 ], [ 27.069599, -18.6118308 ], [ 27.0690197, -18.6119655 ], [ 27.0685872, -18.6121163 ], [ 27.0682702, -18.6123079 ] ] ] } },
{ "type": "Feature", "properties": { "full_id": "w669689199", "osm_id": "669689199", "osm_type": "way", "railway": null, "highway": "unclassified", "name": null, "surface": null, "ref": null, "tunnel": null, "bridge": null, "level": null, "sac_scale": null }, "geometry": { "type": "MultiLineString", "coordinates": [ [ [ 27.0384523, -18.6649581 ], [ 27.0721091, -18.6581419 ], [ 27.0942429, -18.6535323 ], [ 27.0999575, -18.6523411 ], [ 27.1168359, -18.6488537 ], [ 27.1283181, -18.6464583 ], [ 27.133508, -18.6453277 ], [ 27.1337691, -18.6453028 ], [ 27.1655309, -18.6573406 ], [ 27.1664911, -18.6576964 ], [ 27.1672904, -18.6579048 ], [ 27.1715283, -18.6585909 ], [ 27.1765763, -18.659399 ], [ 27.1791925, -18.6598766 ], [ 27.1831423, -18.6604663 ], [ 27.1835419, -18.6605477 ], [ 27.1838048, -18.6605502 ], [ 27.1840244, -18.6604927 ], [ 27.1842361, -18.6603971 ], [ 27.1844917, -18.6602766 ], [ 27.1867419, -18.6591958 ], [ 27.1903869, -18.6574042 ], [ 27.1906898, -18.657257 ], [ 27.191524, -18.6568352 ], [ 27.1922213, -18.656487 ], [ 27.1929482, -18.6561312 ], [ 27.1954066, -18.6549407 ], [ 27.1984066, -18.6534925 ], [ 27.2047274, -18.6504327 ], [ 27.2066049, -18.6494721 ], [ 27.2068857, -18.6492016 ] ] ] } },
{ "type": "Feature", "properties": { "full_id": "w669689200", "osm_id": "669689200", "osm_type": "way", "railway": null, "highway": "unclassified", "name": null, "surface": null, "ref": null, "tunnel": null, "bridge": null, "level": null, "sac_scale": null }, "geometry": { "type": "MultiLineString", "coordinates": [ [ [ 27.0384523, -18.6649581 ], [ 27.0427148, -18.6586387 ], [ 27.0517715, -18.6448733 ], [ 27.0518485, -18.6447972 ], [ 27.0519483, -18.6447603 ], [ 27.0521275, -18.6447531 ], [ 27.052299, -18.6447728 ], [ 27.0524196, -18.6447633 ], [ 27.0524706, -18.6447351 ], [ 27.0525359, -18.6446964 ], [ 27.0526085, -18.6445524 ], [ 27.0526544, -18.6442963 ], [ 27.0526637, -18.6441627 ], [ 27.0526405, -18.6439749 ], [ 27.0526205, -18.643859 ], [ 27.0525817, -18.6437708 ] ] ] } },
{ "type": "Feature", "properties": { "full_id": "w669689232", "osm_id": "669689232", "osm_type": "way", "railway": null, "highway": "unclassified", "name": null, "surface": null, "ref": null, "tunnel": null, "bridge": null, "level": null, "sac_scale": null }, "geometry": { "type": "MultiLineString", "coordinates": [ [ [ 27.0237895, -18.6958924 ], [ 27.0276038, -18.6878459 ], [ 27.0384523, -18.6649581 ] ] ] } },
{ "type": "Feature", "properties": { "full_id": "w669689233", "osm_id": "669689233", "osm_type": "way", "railway": null, "highway": "unclassified", "name": null, "surface": null, "ref": null, "tunnel": null, "bridge": null, "level": null, "sac_scale": null }, "geometry": { "type": "MultiLineString", "coordinates": [ [ [ 27.0237895, -18.6958924 ], [ 27.0590074, -18.7236544 ] ] ] } },
{ "type": "Feature", "properties": { "full_id": "w669689234", "osm_id": "669689234", "osm_type": "way", "railway": null, "highway": "unclassified", "name": null, "surface": null, "ref": null, "tunnel": null, "bridge": null, "level": null, "sac_scale": null }, "geometry": { "type": "MultiLineString", "coordinates": [ [ [ 26.9884336, -18.6682412 ], [ 26.9885474, -18.6679788 ], [ 26.9885743, -18.6647465 ], [ 26.9886043, -18.6635967 ], [ 26.9886806, -18.660673 ], [ 26.9886815, -18.66064 ], [ 26.98868, -18.6594951 ] ] ] } },
{ "type": "Feature", "properties": { "full_id": "w669689238", "osm_id": "669689238", "osm_type": "way", "railway": null, "highway": "tertiary", "name": "Hwange Main Camp Road", "surface": "asphalt", "ref": null, "tunnel": null, "bridge": null, "level": null, "sac_scale": null }, "geometry": { "type": "MultiLineString", "coordinates": [ [ [ 27.0013121, -18.6277422 ], [ 27.0023802, -18.6260396 ], [ 27.0029622, -18.6250001 ], [ 27.0034423, -18.6240698 ], [ 27.0036134, -18.6237077 ], [ 27.0038147, -18.6232861 ] ] ] } },
{ "type": "Feature", "properties": { "full_id": "w669689239", "osm_id": "669689239", "osm_type": "way", "railway": null, "highway": "tertiary", "name": "Hwange Main Camp Road", "surface": "asphalt", "ref": null, "tunnel": null, "bridge": null, "level": null, "sac_scale": null }, "geometry": { "type": "MultiLineString", "coordinates": [ [ [ 27.0038147, -18.6232861 ], [ 27.0041598, -18.622471 ], [ 27.004416, -18.6218476 ], [ 27.0047835, -18.6208278 ], [ 27.0050959, -18.6199292 ], [ 27.0053695, -18.6191616 ], [ 27.0056029, -18.6184499 ], [ 27.0058268, -18.6177814 ], [ 27.0060682, -18.6171383 ], [ 27.0062359, -18.6166655 ], [ 27.0064035, -18.6161673 ], [ 27.0066489, -18.6154861 ], [ 27.0067361, -18.6152598 ], [ 27.0068809, -18.6148697 ], [ 27.0070177, -18.6144388 ], [ 27.0071773, -18.6140092 ], [ 27.0072672, -18.6137271 ], [ 27.007345, -18.6134945 ] ] ] } },
{ "type": "Feature", "properties": { "full_id": "w669689241", "osm_id": "669689241", "osm_type": "way", "railway": null, "highway": "track", "name": null, "surface": null, "ref": null, "tunnel": null, "bridge": null, "level": null, "sac_scale": null }, "geometry": { "type": "MultiLineString", "coordinates": [ [ [ 26.959362486312656, -18.658953645991954 ], [ 26.964156, -18.6590255 ], [ 26.9663098, -18.6590661 ], [ 26.9678172, -18.6590928 ], [ 26.9704659, -18.6591665 ], [ 26.9708924, -18.6591208 ], [ 26.971233, -18.6590572 ], [ 26.9716796, -18.6589149 ], [ 26.9722483, -18.6587002 ], [ 26.9725218, -18.6586214 ], [ 26.9728035, -18.6585808 ], [ 26.9731518, -18.6586161 ], [ 26.9733399, -18.658657 ] ] ] } },
{ "type": "Feature", "properties": { "full_id": "w669705312", "osm_id": "669705312", "osm_type": "way", "railway": "rail", "highway": null, "name": null, "surface": null, "ref": null, "tunnel": null, "bridge": null, "level": null, "sac_scale": null }, "geometry": { "type": "MultiLineString", "coordinates": [ [ [ 27.108958914099535, -18.820107843013435 ], [ 27.1053254, -18.81724 ], [ 27.0937433, -18.808135 ], [ 27.071845, -18.7909283 ], [ 27.0627567, -18.783775 ], [ 27.0558016, -18.7782594 ], [ 27.047496, -18.7717268 ], [ 27.041986, -18.7674019 ], [ 27.038498345012904, -18.7646477847792 ] ] ] } },
{ "type": "Feature", "properties": { "full_id": "w669901298", "osm_id": "669901298", "osm_type": "way", "railway": null, "highway": "trunk", "name": null, "surface": "asphalt", "ref": "A8", "tunnel": null, "bridge": null, "level": null, "sac_scale": null }, "geometry": { "type": "MultiLineString", "coordinates": [ [ [ 27.0552331, -18.5939843 ], [ 27.0551659, -18.5939394 ], [ 27.0545214, -18.5934007 ], [ 27.053865, -18.5927285 ], [ 27.0532704, -18.5920289 ], [ 27.051676, -18.5901511 ], [ 27.0493645, -18.5873957 ], [ 27.0481346, -18.5859308 ], [ 27.0473997, -18.5850429 ], [ 27.0469121, -18.5844699 ], [ 27.0463719, -18.5838202 ], [ 27.0460508, -18.5834502 ], [ 27.0455029, -18.5827874 ], [ 27.0451847, -18.5824006 ], [ 27.0445896, -18.5816912 ], [ 27.0436046, -18.5804909 ], [ 27.0429601, -18.5797356 ], [ 27.0424393, -18.5791256 ], [ 27.0421006, -18.5787272 ], [ 27.0419853, -18.5785926 ], [ 27.0418393, -18.5784195 ], [ 27.0416652, -18.5782038 ], [ 27.0413803, -18.5778618 ], [ 27.0410729, -18.5774839 ], [ 27.0403293, -18.5766093 ], [ 27.039146, -18.575187 ], [ 27.0386533, -18.574602 ], [ 27.038147, -18.5741036 ], [ 27.0375534, -18.5736177 ], [ 27.0370556, -18.5732536 ], [ 27.0366127, -18.5730048 ], [ 27.0355669, -18.5724511 ], [ 27.0346922, -18.5719624 ], [ 27.0343851, -18.5718162 ], [ 27.0342735, -18.5717617 ] ] ] } },
{ "type": "Feature", "properties": { "full_id": "w669970786", "osm_id": "669970786", "osm_type": "way", "railway": null, "highway": "footway", "name": null, "surface": "wood", "ref": null, "tunnel": null, "bridge": null, "level": null, "sac_scale": null }, "geometry": { "type": "MultiLineString", "coordinates": [ [ [ 26.9965376, -18.6317522 ], [ 26.9966155, -18.6316353 ], [ 26.9966272, -18.6315648 ], [ 26.996694, -18.6314706 ], [ 26.9967613, -18.631351 ], [ 26.996795, -18.6312448 ], [ 26.9968454, -18.6311146 ], [ 26.9968454, -18.6310375 ], [ 26.9968062, -18.6309445 ], [ 26.9967866, -18.6308621 ], [ 26.9967557, -18.6307452 ], [ 26.9967361, -18.6306443 ], [ 26.9967136, -18.6305885 ], [ 26.996666, -18.63053 ], [ 26.9966015, -18.630522 ], [ 26.9965594, -18.6304636 ], [ 26.9965314, -18.6304078 ], [ 26.9964837, -18.6303467 ], [ 26.9964389, -18.6302829 ], [ 26.9963968, -18.6302271 ], [ 26.9963211, -18.6302138 ], [ 26.9962594, -18.6301979 ], [ 26.9961865, -18.6301713 ], [ 26.996108, -18.6301553 ], [ 26.9960407, -18.6301447 ], [ 26.9959173, -18.6301181 ], [ 26.9958192, -18.6300889 ], [ 26.9957182, -18.630057 ], [ 26.9956481, -18.6300384 ], [ 26.995592, -18.6299959 ], [ 26.9955331, -18.6299534 ], [ 26.9954715, -18.6299056 ], [ 26.995421, -18.6298551 ], [ 26.9953929, -18.6298019 ], [ 26.9953789, -18.6297594 ], [ 26.9954014, -18.6296824 ], [ 26.9954098, -18.6296213 ], [ 26.995421, -18.6295628 ], [ 26.9954294, -18.6295203 ], [ 26.995463, -18.6294751 ], [ 26.9955023, -18.6294406 ], [ 26.9955612, -18.6294273 ], [ 26.9956425, -18.6294087 ], [ 26.9957014, -18.6293874 ], [ 26.9957715, -18.629337 ], [ 26.9958248, -18.6292998 ], [ 26.9959369, -18.6292174 ], [ 26.9960211, -18.6292014 ], [ 26.9961136, -18.6291802 ], [ 26.9961725, -18.629143 ], [ 26.9961725, -18.6290819 ], [ 26.9961725, -18.629034 ], [ 26.9961809, -18.6289836 ], [ 26.9962033, -18.628941 ], [ 26.9962538, -18.6288985 ], [ 26.9963239, -18.6288454 ], [ 26.9963884, -18.6287763 ], [ 26.996422, -18.6287338 ], [ 26.9964501, -18.6286647 ], [ 26.9964809, -18.6285876 ], [ 26.9964977, -18.6285292 ], [ 26.9965314, -18.6284787 ], [ 26.9965819, -18.6284309 ], [ 26.9966323, -18.6283644 ], [ 26.9966744, -18.6283193 ], [ 26.9967389, -18.6282954 ], [ 26.9968174, -18.6282661 ], [ 26.9968763, -18.6282342 ], [ 26.9969071, -18.628205 ], [ 26.9969632, -18.6281519 ], [ 26.9969912, -18.6280828 ], [ 26.9969969, -18.628035 ], [ 26.9969744, -18.6279792 ], [ 26.9969941, -18.6279287 ], [ 26.9970137, -18.6278808 ], [ 26.9970109, -18.6278304 ], [ 26.9969884, -18.6277772 ], [ 26.9969716, -18.6277374 ], [ 26.9969464, -18.6276869 ], [ 26.9969043, -18.6276444 ], [ 26.9968595, -18.6276045 ], [ 26.996837, -18.627562 ], [ 26.9968342, -18.6275009 ], [ 26.9968426, -18.6274371 ], [ 26.9968623, -18.6273866 ], [ 26.9969043, -18.6273414 ], [ 26.9969576, -18.6272936 ], [ 26.9970109, -18.6272724 ], [ 26.9970698, -18.6272989 ], [ 26.9971399, -18.6272989 ], [ 26.9972072, -18.6272963 ], [ 26.9972632, -18.6273175 ], [ 26.9973502, -18.6273175 ], [ 26.9974567, -18.6272856 ], [ 26.9974906, -18.6272683 ] ] ] } },
{ "type": "Feature", "properties": { "full_id": "w669970787", "osm_id": "669970787", "osm_type": "way", "railway": null, "highway": "footway", "name": null, "surface": "wood", "ref": null, "tunnel": null, "bridge": null, "level": null, "sac_scale": null }, "geometry": { "type": "MultiLineString", "coordinates": [ [ [ 26.9974906, -18.6272683 ], [ 26.997538, -18.6272511 ] ] ] } },
{ "type": "Feature", "properties": { "full_id": "w669970789", "osm_id": "669970789", "osm_type": "way", "railway": null, "highway": "footway", "name": null, "surface": "wood", "ref": null, "tunnel": null, "bridge": null, "level": null, "sac_scale": null }, "geometry": { "type": "MultiLineString", "coordinates": [ [ [ 26.9968426, -18.6274371 ], [ 26.9967751, -18.6274611 ], [ 26.9967248, -18.6274738 ], [ 26.9966811, -18.6274993 ], [ 26.9966476, -18.6275311 ], [ 26.9966073, -18.6275406 ], [ 26.9965502, -18.627547 ], [ 26.9964898, -18.6275438 ], [ 26.9964193, -18.6275183 ], [ 26.9964025, -18.627477 ], [ 26.9964025, -18.6274324 ], [ 26.9963823, -18.6273656 ], [ 26.9963588, -18.6273116 ], [ 26.9963085, -18.6272797 ], [ 26.9962648, -18.6272416 ], [ 26.9962514, -18.6271748 ], [ 26.9962145, -18.6271111 ], [ 26.9961977, -18.627057 ], [ 26.9961809, -18.6270061 ], [ 26.9961473, -18.6269457 ], [ 26.9961104, -18.626898 ], [ 26.9960735, -18.6268343 ], [ 26.9960231, -18.6267771 ], [ 26.9960075, -18.6267527 ], [ 26.995956, -18.6266975 ] ] ] } },
{ "type": "Feature", "properties": { "full_id": "w669970794", "osm_id": "669970794", "osm_type": "way", "railway": null, "highway": "service", "name": null, "surface": "ground", "ref": null, "tunnel": null, "bridge": null, "level": null, "sac_scale": null }, "geometry": { "type": "MultiLineString", "coordinates": [ [ [ 26.9972864, -18.6322885 ], [ 26.9968918, -18.6321344 ] ] ] } },
{ "type": "Feature", "properties": { "full_id": "w669970795", "osm_id": "669970795", "osm_type": "way", "railway": null, "highway": "footway", "name": null, "surface": null, "ref": null, "tunnel": null, "bridge": null, "level": null, "sac_scale": null }, "geometry": { "type": "MultiLineString", "coordinates": [ [ [ 26.9968918, -18.6321344 ], [ 26.9967233, -18.632066 ], [ 26.9966463, -18.6320067 ], [ 26.9965789, -18.6319428 ], [ 26.996526, -18.631879 ], [ 26.9965376, -18.6317522 ] ] ] } },
{ "type": "Feature", "properties": { "full_id": "w669978321", "osm_id": "669978321", "osm_type": "way", "railway": null, "highway": "unclassified", "name": null, "surface": "ground", "ref": null, "tunnel": null, "bridge": null, "level": null, "sac_scale": null }, "geometry": { "type": "MultiLineString", "coordinates": [ [ [ 27.1134416, -18.6174823 ], [ 27.1129172, -18.6182378 ], [ 27.1118858, -18.6197543 ], [ 27.1102506, -18.6220872 ] ] ] } },
{ "type": "Feature", "properties": { "full_id": "w669978323", "osm_id": "669978323", "osm_type": "way", "railway": null, "highway": "track", "name": null, "surface": "ground", "ref": null, "tunnel": null, "bridge": null, "level": null, "sac_scale": null }, "geometry": { "type": "MultiLineString", "coordinates": [ [ [ 27.1136503, -18.617259 ], [ 27.1139173, -18.6172308 ], [ 27.1141498, -18.6172219 ], [ 27.1144683, -18.6171675 ], [ 27.1148181, -18.6171477 ], [ 27.1151417, -18.6171477 ], [ 27.1154132, -18.6171774 ], [ 27.115716, -18.6172467 ], [ 27.1159823, -18.6173258 ], [ 27.116306, -18.6174248 ], [ 27.1163988, -18.6174447 ], [ 27.1165827, -18.6174842 ], [ 27.1168646, -18.617504 ], [ 27.1171413, -18.6174842 ], [ 27.1174859, -18.6174248 ], [ 27.1178044, -18.6173209 ], [ 27.1180445, -18.6172219 ], [ 27.1183212, -18.6171279 ], [ 27.1186449, -18.6170339 ], [ 27.1190417, -18.6169647 ], [ 27.1192297, -18.61693 ], [ 27.119522, -18.6168608 ], [ 27.119688406072537, -18.616843513325101 ] ] ] } },
{ "type": "Feature", "properties": { "full_id": "w669978327", "osm_id": "669978327", "osm_type": "way", "railway": null, "highway": "track", "name": null, "surface": "ground", "ref": null, "tunnel": null, "bridge": null, "level": null, "sac_scale": null }, "geometry": { "type": "MultiLineString", "coordinates": [ [ [ 27.130344974390493, -18.61713559748728 ], [ 27.1300681, -18.6174495 ], [ 27.129687, -18.6179047 ], [ 27.1294051, -18.6182362 ], [ 27.1291493, -18.6185825 ], [ 27.1287264, -18.6190526 ], [ 27.1282722, -18.6195077 ], [ 27.1276457, -18.6202301 ], [ 27.1271497, -18.6208436 ], [ 27.1266485, -18.6213928 ], [ 27.1262204, -18.6219271 ], [ 27.1252806, -18.6230304 ], [ 27.1251449, -18.6231837 ], [ 27.1251301, -18.6232742 ] ] ] } },
{ "type": "Feature", "properties": { "full_id": "w669978329", "osm_id": "669978329", "osm_type": "way", "railway": null, "highway": "track", "name": null, "surface": "ground", "ref": null, "tunnel": null, "bridge": null, "level": null, "sac_scale": null }, "geometry": { "type": "MultiLineString", "coordinates": [ [ [ 27.117529418651426, -18.616411715840876 ], [ 27.1175016, -18.6164353 ], [ 27.1173763, -18.6164847 ], [ 27.1172666, -18.6165441 ], [ 27.1171779, -18.6166332 ], [ 27.1170839, -18.6167321 ], [ 27.1170056, -18.6168261 ], [ 27.1169012, -18.6169053 ], [ 27.1167654, -18.6169943 ], [ 27.1166453, -18.6171131 ], [ 27.1165148, -18.6172467 ], [ 27.116447, -18.6173357 ], [ 27.1163988, -18.6174447 ] ] ] } },
{ "type": "Feature", "properties": { "full_id": "w669979736", "osm_id": "669979736", "osm_type": "way", "railway": null, "highway": "track", "name": null, "surface": "ground", "ref": null, "tunnel": null, "bridge": null, "level": null, "sac_scale": null }, "geometry": { "type": "MultiLineString", "coordinates": [ [ [ 27.1643239, -18.6125807 ], [ 27.1642134, -18.612465 ], [ 27.1640413, -18.6124011 ], [ 27.1638766, -18.6123373 ], [ 27.1636596, -18.6122593 ], [ 27.1635099, -18.6122025 ], [ 27.1633677, -18.6121458 ], [ 27.1633153, -18.6120394 ], [ 27.1633153, -18.6119117 ], [ 27.1633527, -18.6117486 ], [ 27.1634051, -18.6116351 ], [ 27.1634874, -18.6115358 ], [ 27.1635773, -18.6114436 ], [ 27.163697, -18.6113585 ], [ 27.1638392, -18.611245 ], [ 27.163944, -18.6111315 ], [ 27.1640712, -18.6109897 ], [ 27.1641466, -18.6109281 ], [ 27.1642197, -18.6108341 ], [ 27.1642666, -18.6107451 ], [ 27.1643032, -18.6106511 ], [ 27.1643189, -18.6105521 ], [ 27.1643867, -18.6102899 ], [ 27.1644128, -18.6101266 ], [ 27.1644389, -18.6099831 ], [ 27.1644755, -18.6098891 ], [ 27.1645225, -18.6097604 ], [ 27.1644807, -18.6096516 ], [ 27.1644128, -18.6095576 ], [ 27.1643241, -18.6094487 ], [ 27.1642405, -18.60933 ], [ 27.1641205, -18.6091964 ], [ 27.1640004, -18.6091172 ], [ 27.1639169, -18.6090084 ], [ 27.1638177, -18.6089193 ], [ 27.163708, -18.6088352 ], [ 27.163541, -18.6087659 ], [ 27.1634365, -18.6087164 ], [ 27.1632851, -18.608667 ], [ 27.1630345, -18.6086175 ], [ 27.1628309, -18.6085631 ], [ 27.1626377, -18.6085334 ], [ 27.1624446, -18.6084888 ], [ 27.162331114905864, -18.608469008748706 ] ] ] } },
{ "type": "Feature", "properties": { "full_id": "w669979745", "osm_id": "669979745", "osm_type": "way", "railway": null, "highway": "track", "name": null, "surface": "ground", "ref": null, "tunnel": null, "bridge": null, "level": null, "sac_scale": null }, "geometry": { "type": "MultiLineString", "coordinates": [ [ [ 27.1633677, -18.6121458 ], [ 27.1632403, -18.6121718 ], [ 27.1631278, -18.6121421 ], [ 27.1629965, -18.6121184 ], [ 27.162859, -18.6121244 ], [ 27.1626465, -18.6121244 ], [ 27.1624152, -18.6121066 ], [ 27.1621276, -18.6121007 ], [ 27.1619464, -18.6121125 ], [ 27.1618401, -18.6121184 ], [ 27.1615776, -18.6121125 ], [ 27.1612775, -18.6121421 ], [ 27.1609525, -18.6121718 ], [ 27.1606899, -18.6121777 ], [ 27.1603149, -18.6121599 ], [ 27.1600648, -18.6121658 ], [ 27.1598523, -18.6121658 ], [ 27.1596398, -18.6121777 ], [ 27.1593272, -18.6121777 ], [ 27.1590522, -18.6122073 ], [ 27.1587897, -18.6121954 ], [ 27.1585396, -18.6121954 ], [ 27.1582646, -18.6122191 ], [ 27.1579583, -18.612231 ], [ 27.1577082, -18.6122191 ], [ 27.1575082, -18.6121954 ], [ 27.1572394, -18.6121303 ], [ 27.1570644, -18.6120651 ], [ 27.1569144, -18.6120118 ], [ 27.1568019, -18.6119526 ], [ 27.1566706, -18.6118933 ], [ 27.1565018, -18.6118163 ], [ 27.155858, -18.6114313 ], [ 27.1556017, -18.6112654 ], [ 27.1553829, -18.6111173 ], [ 27.1552079, -18.6109988 ], [ 27.155203408301947, -18.610997053433245 ] ] ] } },
{ "type": "Feature", "properties": { "full_id": "w669982490", "osm_id": "669982490", "osm_type": "way", "railway": null, "highway": "track", "name": null, "surface": "ground", "ref": null, "tunnel": null, "bridge": null, "level": null, "sac_scale": null }, "geometry": { "type": "MultiLineString", "coordinates": [ [ [ 27.1154132, -18.6171774 ], [ 27.1154841, -18.6171177 ], [ 27.115574, -18.6170468 ], [ 27.1156413, -18.6169688 ], [ 27.1157162, -18.6168908 ], [ 27.115776, -18.6168056 ], [ 27.1158284, -18.616678 ], [ 27.1159033, -18.6165858 ], [ 27.1159717, -18.6164927 ], [ 27.1160979, -18.6164368 ], [ 27.1162251, -18.6163375 ], [ 27.1163224, -18.616217 ], [ 27.116372839099139, -18.616180399930421 ] ] ] } },
{ "type": "Feature", "properties": { "full_id": "w669984325", "osm_id": "669984325", "osm_type": "way", "railway": null, "highway": "track", "name": null, "surface": "ground", "ref": null, "tunnel": null, "bridge": null, "level": null, "sac_scale": null }, "geometry": { "type": "MultiLineString", "coordinates": [ [ [ 27.1118841, -18.616485 ], [ 27.1120268, -18.6163892 ], [ 27.1121706, -18.6163004 ], [ 27.1123081, -18.6162352 ], [ 27.1124456, -18.6161523 ], [ 27.1125831, -18.6161049 ], [ 27.1126581, -18.6159805 ], [ 27.1126956, -18.6158857 ], [ 27.1127519, -18.6157732 ], [ 27.1128144, -18.6156665 ], [ 27.1128957, -18.6155717 ], [ 27.112951223616779, -18.615496076833949 ] ] ] } },
{ "type": "Feature", "properties": { "full_id": "w670214127", "osm_id": "670214127", "osm_type": "way", "railway": null, "highway": "track", "name": null, "surface": "ground", "ref": null, "tunnel": null, "bridge": null, "level": null, "sac_scale": null }, "geometry": { "type": "MultiLineString", "coordinates": [ [ [ 27.0945597, -18.6415867 ], [ 27.0945247, -18.6417848 ], [ 27.0944993, -18.6419003 ], [ 27.0944789, -18.6420255 ], [ 27.0944637, -18.6421459 ], [ 27.0944535, -18.642247 ], [ 27.0944485, -18.6423288 ], [ 27.0944231, -18.6425407 ], [ 27.0944027, -18.642637 ], [ 27.0943824, -18.6427477 ], [ 27.0943519, -18.6428632 ], [ 27.0943468, -18.6429836 ], [ 27.0943316, -18.6430991 ], [ 27.0943214, -18.6432099 ], [ 27.0942989, -18.6433378 ], [ 27.0942655, -18.6434217 ], [ 27.09423, -18.6435036 ], [ 27.0942096, -18.6435854 ], [ 27.0941842, -18.6436913 ], [ 27.0941436, -18.643855 ], [ 27.0940928, -18.6439995 ], [ 27.0940826, -18.6441824 ], [ 27.0940725, -18.6443028 ], [ 27.094042, -18.644452 ], [ 27.0940471, -18.6446783 ], [ 27.0940551, -18.6450569 ], [ 27.0940612, -18.645714 ], [ 27.0940856, -18.6466075 ], [ 27.0940916, -18.64723 ], [ 27.0940977, -18.6477546 ], [ 27.0940916, -18.6485327 ], [ 27.0941038, -18.6507116 ], [ 27.0940856, -18.6522564 ], [ 27.0942011, -18.6531959 ], [ 27.0942429, -18.6535323 ] ] ] } },
{ "type": "Feature", "properties": { "full_id": "w670214128", "osm_id": "670214128", "osm_type": "way", "railway": null, "highway": "track", "name": null, "surface": "ground", "ref": null, "tunnel": null, "bridge": null, "level": null, "sac_scale": null }, "geometry": { "type": "MultiLineString", "coordinates": [ [ [ 27.1337691, -18.6453028 ], [ 27.1310313, -18.6440136 ], [ 27.1299484, -18.6434659 ], [ 27.1295226, -18.643293 ], [ 27.1287439, -18.6430913 ], [ 27.1282937, -18.6429817 ], [ 27.1279104, -18.6428895 ], [ 27.1277218, -18.6428146 ], [ 27.1274967, -18.6427223 ], [ 27.1272899, -18.6426301 ], [ 27.1270648, -18.6425552 ], [ 27.1268823, -18.6424629 ], [ 27.1267302, -18.6423995 ], [ 27.1265355, -18.6423246 ], [ 27.1263165, -18.6422785 ], [ 27.1260488, -18.6422093 ], [ 27.1257994, -18.6421459 ], [ 27.1255621, -18.6420652 ], [ 27.1254161, -18.6420018 ], [ 27.125191, -18.6419211 ], [ 27.1250207, -18.6418231 ], [ 27.1249355, -18.6416674 ], [ 27.1248139, -18.6413562 ], [ 27.1243028, -18.6398343 ], [ 27.1242481, -18.6397133 ], [ 27.1242663, -18.6396268 ], [ 27.124315, -18.6394654 ], [ 27.1243576, -18.6393271 ], [ 27.1243272, -18.6392406 ], [ 27.1242785, -18.6391311 ], [ 27.1242298, -18.6390561 ], [ 27.1241568, -18.6389293 ], [ 27.1240656, -18.638791 ], [ 27.1239804, -18.6386699 ], [ 27.123877, -18.6385431 ], [ 27.1237249, -18.638399 ], [ 27.1236336, -18.638301 ], [ 27.1235059, -18.6382318 ], [ 27.123462, -18.6382033 ], [ 27.1233903, -18.6381569 ], [ 27.1232321, -18.6380877 ], [ 27.1230374, -18.6379839 ], [ 27.122861, -18.6378975 ], [ 27.1225568, -18.6377879 ], [ 27.1216139, -18.6373383 ], [ 27.1199409, -18.6365428 ], [ 27.1188337, -18.6360413 ], [ 27.1183531, -18.6358337 ], [ 27.117836, -18.6354879 ], [ 27.1173188, -18.6352227 ], [ 27.1170877, -18.635067 ], [ 27.1169173, -18.6348941 ], [ 27.1167531, -18.6347442 ], [ 27.1164976, -18.6345079 ], [ 27.1163029, -18.6342657 ], [ 27.1161204, -18.6340294 ], [ 27.116023, -18.6339026 ], [ 27.1159379, -18.6337527 ], [ 27.1157858, -18.6337066 ], [ 27.1155911, -18.6336374 ], [ 27.1153782, -18.6335913 ], [ 27.1151227, -18.6335221 ], [ 27.1148367, -18.6334817 ], [ 27.1146177, -18.6334472 ], [ 27.1143501, -18.6333895 ], [ 27.1141371, -18.6333434 ], [ 27.1139181, -18.6333088 ], [ 27.1137356, -18.6332454 ], [ 27.1135348, -18.633182 ], [ 27.1132489, -18.6330955 ], [ 27.1129447, -18.6330148 ], [ 27.112598, -18.6328937 ], [ 27.112239, -18.6327727 ], [ 27.1118314, -18.6326459 ], [ 27.111509, -18.6325479 ], [ 27.111071, -18.6324037 ], [ 27.1109067, -18.6323346 ], [ 27.110706, -18.6322596 ], [ 27.1105721, -18.6321962 ], [ 27.1104565, -18.6321155 ], [ 27.1103349, -18.6320348 ], [ 27.1102375, -18.6319656 ], [ 27.1100794, -18.6318676 ], [ 27.109909, -18.6317869 ], [ 27.1097387, -18.6317062 ], [ 27.1095197, -18.6315909 ], [ 27.1091972, -18.6314237 ], [ 27.109033, -18.6313257 ], [ 27.1088991, -18.6312566 ], [ 27.1087653, -18.6311874 ], [ 27.1086254, -18.6310894 ], [ 27.108449, -18.6309683 ], [ 27.1083273, -18.6308876 ], [ 27.1081813, -18.6307781 ], [ 27.1080961, -18.6307089 ], [ 27.1079379, -18.6306512 ], [ 27.1078467, -18.6305821 ], [ 27.1076277, -18.630461 ], [ 27.1074391, -18.6303399 ], [ 27.1072566, -18.6302247 ], [ 27.1071227, -18.6301382 ], [ 27.1070071, -18.6300517 ], [ 27.1068672, -18.629971 ], [ 27.1067334, -18.6299134 ], [ 27.1065387, -18.6297923 ], [ 27.1064292, -18.6297116 ], [ 27.1063075, -18.6296251 ], [ 27.1060946, -18.6295329 ], [ 27.1058999, -18.629504 ], [ 27.1057174, -18.629504 ], [ 27.1055227, -18.629504 ], [ 27.1053889, -18.6294695 ], [ 27.1052364, -18.6293611 ], [ 27.1051334, -18.629285 ], [ 27.1050239, -18.6291582 ], [ 27.1049509, -18.6290717 ], [ 27.1048475, -18.6289737 ], [ 27.1047136, -18.628893 ], [ 27.1045919, -18.6288065 ], [ 27.1044642, -18.6287546 ], [ 27.104233, -18.6286278 ], [ 27.1040262, -18.628501 ], [ 27.103868, -18.628426 ], [ 27.1037098, -18.6283914 ], [ 27.1035577, -18.628328 ], [ 27.10343, -18.6282761 ], [ 27.1033691, -18.6282358 ], [ 27.1032353, -18.6281378 ], [ 27.1030406, -18.6280513 ], [ 27.102919, -18.6279764 ], [ 27.1027729, -18.6279014 ], [ 27.1025965, -18.6278207 ], [ 27.1005463, -18.6267484 ], [ 27.1004125, -18.6267427 ], [ 27.100303, -18.6267657 ], [ 27.1001752, -18.6267657 ], [ 27.1000901, -18.6267081 ], [ 27.1000292, -18.6266447 ], [ 27.0999745, -18.6265294 ], [ 27.0998711, -18.6264429 ], [ 27.0997007, -18.6263737 ], [ 27.0995, -18.6262872 ], [ 27.099354, -18.6262296 ], [ 27.0992323, -18.6261892 ], [ 27.0991228, -18.6261431 ], [ 27.0990133, -18.6260624 ], [ 27.098922, -18.6260047 ], [ 27.0987943, -18.6259125 ], [ 27.0986604, -18.6258145 ], [ 27.0985144, -18.6257569 ], [ 27.0983319, -18.6256761 ], [ 27.0981616, -18.6255839 ], [ 27.0980095, -18.6254974 ], [ 27.0978574, -18.6253937 ], [ 27.097754, -18.6252841 ], [ 27.0976992, -18.6251688 ], [ 27.0976506, -18.6250593 ], [ 27.0975715, -18.6249382 ], [ 27.0974924, -18.624846 ], [ 27.0974072, -18.6247365 ], [ 27.0973342, -18.6246557 ], [ 27.0973342, -18.6245462 ], [ 27.0973403, -18.6244424 ], [ 27.097395, -18.6243617 ], [ 27.097468, -18.6242695 ], [ 27.0975471, -18.6241888 ], [ 27.0976384, -18.6241138 ], [ 27.0977296, -18.6240274 ], [ 27.0978209, -18.6239582 ], [ 27.0979121, -18.6238486 ], [ 27.0979852, -18.6237449 ], [ 27.0980095, -18.6235489 ], [ 27.0979912, -18.6234047 ], [ 27.097973, -18.6232721 ], [ 27.0979426, -18.6231972 ], [ 27.0978513, -18.6229839 ], [ 27.0978452, -18.6229147 ], [ 27.0978148, -18.6227879 ], [ 27.0978635, -18.6226668 ], [ 27.0979486, -18.6226207 ], [ 27.0980764, -18.622563 ], [ 27.098119, -18.6224996 ], [ 27.0981798, -18.6224016 ], [ 27.0982042, -18.6222921 ], [ 27.0982893, -18.6221768 ], [ 27.0983806, -18.6220961 ], [ 27.0984414, -18.6220096 ], [ 27.0985266, -18.6219519 ], [ 27.0985631, -18.6218597 ], [ 27.0985692, -18.6217501 ], [ 27.0985692, -18.6216464 ], [ 27.0986057, -18.6215541 ], [ 27.0986543, -18.6214734 ], [ 27.0986726, -18.6214042 ], [ 27.0986969, -18.6213062 ], [ 27.0986794, -18.6211309 ] ] ] } },
{ "type": "Feature", "properties": { "full_id": "w670214130", "osm_id": "670214130", "osm_type": "way", "railway": null, "highway": "track", "name": null, "surface": "ground", "ref": null, "tunnel": null, "bridge": null, "level": null, "sac_scale": null }, "geometry": { "type": "MultiLineString", "coordinates": [ [ [ 27.1050671, -18.6422719 ], [ 27.1051265, -18.6423081 ], [ 27.1051944, -18.6423161 ], [ 27.1052665, -18.6423322 ], [ 27.1053387, -18.6423483 ], [ 27.1054278, -18.6423684 ], [ 27.1055254, -18.6423764 ], [ 27.1056485, -18.6423925 ], [ 27.1057758, -18.6424006 ], [ 27.1059243, -18.6424046 ], [ 27.1060601, -18.6424528 ], [ 27.1062214, -18.6425091 ], [ 27.106319, -18.6425534 ], [ 27.1064123, -18.6426137 ], [ 27.1065184, -18.6426499 ], [ 27.1066076, -18.6427142 ], [ 27.1067009, -18.6427544 ], [ 27.1067603, -18.6427946 ], [ 27.1068749, -18.642859 ], [ 27.107015, -18.6429153 ], [ 27.1071762, -18.6429876 ], [ 27.1073163, -18.6430399 ], [ 27.1074351, -18.6430882 ], [ 27.1075242, -18.6431203 ], [ 27.1076091, -18.6431605 ], [ 27.1077067, -18.6432048 ], [ 27.1077789, -18.6432369 ], [ 27.1078928, -18.6432807 ], [ 27.1079783, -18.6432852 ], [ 27.1081099, -18.6433053 ], [ 27.1081947, -18.6433455 ], [ 27.1083305, -18.6433455 ], [ 27.1084494, -18.6433455 ], [ 27.1085809, -18.6433455 ], [ 27.1087167, -18.6433455 ], [ 27.108844, -18.6433375 ], [ 27.1089374, -18.6433375 ], [ 27.1090732, -18.6433214 ], [ 27.109209, -18.6433214 ], [ 27.1093406, -18.6433133 ], [ 27.1094339, -18.6433133 ], [ 27.1096291, -18.6433093 ], [ 27.1098328, -18.6432892 ], [ 27.1099941, -18.6432892 ], [ 27.1101596, -18.6432731 ], [ 27.1102954, -18.643253 ], [ 27.1104737, -18.643241 ], [ 27.1106434, -18.6432329 ], [ 27.1108132, -18.6432209 ], [ 27.1109829, -18.6431967 ], [ 27.1111612, -18.6431726 ], [ 27.1112885, -18.6431485 ], [ 27.1114412, -18.6431284 ], [ 27.1115898, -18.6431043 ], [ 27.1117765, -18.6430962 ], [ 27.1118996, -18.6430962 ], [ 27.1120693, -18.6430801 ], [ 27.1122391, -18.643056 ], [ 27.1124131, -18.6430238 ], [ 27.112621, -18.6429876 ], [ 27.1127823, -18.6429635 ], [ 27.1129436, -18.6429193 ], [ 27.1131218, -18.6428952 ], [ 27.1132958, -18.6428509 ], [ 27.1134613, -18.6428268 ], [ 27.1136013, -18.6427866 ], [ 27.1136862, -18.6427383 ], [ 27.1138305, -18.642682 ], [ 27.1140045, -18.6426619 ], [ 27.11417, -18.6426338 ], [ 27.1142846, -18.6425775 ], [ 27.114361, -18.6425333 ], [ 27.1144586, -18.6424689 ], [ 27.1145477, -18.6424086 ], [ 27.1146368, -18.6423443 ], [ 27.114726, -18.6422759 ], [ 27.1148278, -18.6421995 ], [ 27.1149254, -18.6421352 ], [ 27.1150188, -18.6420708 ], [ 27.1151164, -18.6419984 ], [ 27.115231, -18.6419301 ], [ 27.1153625, -18.6418738 ], [ 27.1155195, -18.6418054 ], [ 27.1156511, -18.6417451 ], [ 27.1157572, -18.6416969 ], [ 27.115859, -18.6416285 ], [ 27.1159439, -18.6415521 ], [ 27.1160246, -18.6414516 ], [ 27.1161264, -18.6413711 ], [ 27.1162665, -18.6413068 ], [ 27.1164235, -18.6412706 ], [ 27.1165932, -18.6412465 ], [ 27.1167672, -18.6412304 ], [ 27.1168988, -18.6411942 ], [ 27.1170218, -18.6411379 ], [ 27.1171364, -18.6410816 ], [ 27.1172255, -18.6410173 ], [ 27.1173614, -18.6409369 ], [ 27.1174717, -18.6408765 ], [ 27.1175608, -18.6408202 ], [ 27.1176499, -18.640768 ], [ 27.1177051, -18.6407278 ], [ 27.1178027, -18.6406956 ], [ 27.1179003, -18.6406473 ], [ 27.1180022, -18.6406111 ], [ 27.1180828, -18.6405629 ], [ 27.1181931, -18.6404865 ], [ 27.118295, -18.6404101 ], [ 27.1184011, -18.6403216 ], [ 27.118486, -18.6402412 ], [ 27.1185878, -18.6401728 ], [ 27.1187151, -18.6400763 ], [ 27.1188424, -18.6399758 ], [ 27.1189443, -18.6398913 ], [ 27.1190758, -18.6398029 ], [ 27.1191947, -18.6397184 ], [ 27.1193177, -18.639642 ], [ 27.1194451, -18.6395495 ], [ 27.1196021, -18.6394611 ], [ 27.1196997, -18.6393967 ], [ 27.1197803, -18.6393445 ], [ 27.119844, -18.6393163 ], [ 27.119984, -18.6392841 ], [ 27.1201495, -18.63926 ], [ 27.1203065, -18.6392359 ], [ 27.1204763, -18.6392238 ], [ 27.1206376, -18.6391917 ], [ 27.1208285, -18.6391153 ], [ 27.1210237, -18.6390187 ], [ 27.121185, -18.6389343 ], [ 27.1213208, -18.6388539 ], [ 27.1214736, -18.6387775 ], [ 27.121707, -18.6386448 ], [ 27.1218089, -18.6385885 ], [ 27.1219489, -18.6385684 ], [ 27.1221356, -18.6385684 ], [ 27.1222842, -18.6385764 ], [ 27.1224242, -18.6385804 ], [ 27.1225642, -18.6385885 ], [ 27.1227298, -18.6385523 ], [ 27.1228783, -18.638496 ], [ 27.1229886, -18.6384357 ], [ 27.1231202, -18.6383713 ], [ 27.1233196, -18.6382788 ], [ 27.1234257, -18.6382306 ], [ 27.123462, -18.6382033 ], [ 27.1235743, -18.638126 ], [ 27.1237058, -18.6380617 ], [ 27.1238586, -18.6379531 ], [ 27.1240071, -18.6378687 ], [ 27.1241514, -18.6377882 ], [ 27.124266, -18.6377118 ], [ 27.1243806, -18.6376194 ], [ 27.1244782, -18.637551 ], [ 27.1245928, -18.6374706 ], [ 27.1247371, -18.6374102 ], [ 27.1248814, -18.6373982 ], [ 27.1250172, -18.6373861 ], [ 27.1251869, -18.63737 ], [ 27.1253142, -18.63737 ], [ 27.1255519, -18.637366 ], [ 27.1256877, -18.6373821 ], [ 27.1258617, -18.6373982 ], [ 27.1259635, -18.6374304 ], [ 27.1260654, -18.6374706 ], [ 27.1261715, -18.6375349 ], [ 27.1262861, -18.6375711 ], [ 27.1263837, -18.6375872 ], [ 27.126528, -18.6375992 ], [ 27.1266383, -18.6375992 ], [ 27.1267486, -18.6375992 ], [ 27.1268887, -18.6375992 ], [ 27.1269736, -18.6375992 ], [ 27.1270881, -18.6376354 ], [ 27.127207, -18.6376354 ], [ 27.1273428, -18.6376354 ], [ 27.1274701, -18.6376153 ], [ 27.1276229, -18.6375912 ], [ 27.1277926, -18.6375631 ], [ 27.1279454, -18.6375429 ], [ 27.1280812, -18.6374867 ], [ 27.128183, -18.6374344 ], [ 27.1283188, -18.6373901 ], [ 27.1284462, -18.6373419 ], [ 27.128582, -18.6373258 ], [ 27.1287178, -18.6373379 ], [ 27.1288026, -18.6373741 ], [ 27.1288875, -18.6374223 ], [ 27.1289724, -18.6374505 ], [ 27.1290955, -18.6374665 ], [ 27.1291973, -18.6374505 ], [ 27.1292822, -18.6374143 ], [ 27.1293543, -18.6373821 ], [ 27.1294265, -18.6373499 ], [ 27.1295368, -18.6373097 ], [ 27.1296344, -18.6372896 ], [ 27.129766, -18.6372735 ], [ 27.1298763, -18.6372735 ], [ 27.1300206, -18.6372896 ], [ 27.1301394, -18.6373178 ], [ 27.1302498, -18.6373982 ], [ 27.1303431, -18.6374706 ], [ 27.130428, -18.6375309 ], [ 27.1305171, -18.6375912 ], [ 27.1305978, -18.6376475 ], [ 27.1306954, -18.6376877 ], [ 27.1307718, -18.6377601 ], [ 27.1308481, -18.6378164 ], [ 27.1309542, -18.6378486 ], [ 27.1310731, -18.6378445 ], [ 27.1312216, -18.6378365 ], [ 27.1313744, -18.6378325 ], [ 27.1315314, -18.6378285 ], [ 27.1316714, -18.6378486 ], [ 27.1317775, -18.6378928 ], [ 27.1318751, -18.6379692 ], [ 27.13196, -18.6380456 ], [ 27.1320873, -18.6381461 ], [ 27.1322104, -18.6381703 ], [ 27.1323335, -18.6381944 ], [ 27.1324778, -18.6381944 ], [ 27.1326433, -18.6381703 ], [ 27.1327833, -18.638118 ], [ 27.1328809, -18.6380697 ], [ 27.133021, -18.6380014 ], [ 27.1331865, -18.637925 ], [ 27.1333265, -18.6378445 ], [ 27.1334284, -18.6377681 ], [ 27.133509, -18.6377118 ], [ 27.1336788, -18.6376676 ], [ 27.1337514, -18.6376539 ], [ 27.1338061, -18.6376435 ], [ 27.1339376, -18.6376073 ], [ 27.1340819, -18.6375832 ], [ 27.1342135, -18.6375711 ], [ 27.1343323, -18.6375711 ], [ 27.1344596, -18.6376113 ], [ 27.1345997, -18.6376274 ], [ 27.1347779, -18.6376194 ], [ 27.1349477, -18.6375912 ], [ 27.1351174, -18.6375269 ], [ 27.1353254, -18.6374907 ], [ 27.1354739, -18.6374263 ], [ 27.1356224, -18.637362 ], [ 27.1357073, -18.6373057 ], [ 27.1358134, -18.6372373 ], [ 27.1359959, -18.637165 ], [ 27.1361189, -18.6371167 ], [ 27.1362123, -18.6370644 ], [ 27.1362845, -18.636984 ], [ 27.1364033, -18.6369197 ], [ 27.1365348, -18.6368794 ], [ 27.1366664, -18.6368593 ], [ 27.1368022, -18.6368553 ], [ 27.1368871, -18.6368352 ], [ 27.1370017, -18.6368151 ], [ 27.137112, -18.6367467 ], [ 27.1372223, -18.6366864 ], [ 27.1373539, -18.6366382 ], [ 27.1374897, -18.6365497 ], [ 27.1376085, -18.6365336 ], [ 27.1377443, -18.6365095 ], [ 27.1378504, -18.6364733 ], [ 27.137948, -18.6364451 ], [ 27.1380541, -18.6364291 ], [ 27.1382111, -18.6364009 ], [ 27.1383597, -18.6363647 ], [ 27.1384658, -18.6363245 ], [ 27.1385337, -18.6362883 ], [ 27.1386355, -18.6362481 ], [ 27.1387416, -18.6362039 ], [ 27.1388307, -18.6361797 ], [ 27.1389538, -18.6361275 ], [ 27.1390854, -18.6360832 ], [ 27.1392169, -18.636035 ], [ 27.139306, -18.6359948 ], [ 27.1394461, -18.6359545 ], [ 27.1395989, -18.6359264 ], [ 27.1397983, -18.6358822 ], [ 27.139985, -18.6358098 ], [ 27.1401081, -18.6357374 ], [ 27.1402948, -18.6356489 ], [ 27.1403882, -18.6355806 ], [ 27.140558, -18.6355042 ], [ 27.1406556, -18.6354479 ], [ 27.1407829, -18.6353956 ], [ 27.1409144, -18.6353433 ], [ 27.1410502, -18.6353071 ], [ 27.1411733, -18.6352669 ], [ 27.1412921, -18.6352468 ], [ 27.141394, -18.6352428 ], [ 27.1415255, -18.6352428 ], [ 27.1416486, -18.6352508 ], [ 27.141725, -18.6352951 ], [ 27.1417717, -18.6353514 ], [ 27.1418141, -18.6354479 ], [ 27.1418566, -18.6355323 ], [ 27.1418693, -18.6355926 ], [ 27.1418735, -18.635665 ], [ 27.1418651, -18.6357454 ], [ 27.1418651, -18.6358098 ], [ 27.1418778, -18.6358741 ], [ 27.1418778, -18.6359465 ], [ 27.1418778, -18.6360149 ], [ 27.141899, -18.6360712 ], [ 27.1419075, -18.6361476 ], [ 27.1419414, -18.6362119 ], [ 27.1419754, -18.6362602 ], [ 27.1420221, -18.6362682 ], [ 27.1421069, -18.6362602 ], [ 27.1421833, -18.636232 ], [ 27.1422427, -18.6361838 ], [ 27.1422979, -18.6361395 ], [ 27.1423743, -18.6360913 ], [ 27.1424634, -18.6360712 ], [ 27.1425483, -18.6360712 ], [ 27.1426841, -18.6360671 ], [ 27.1427393, -18.6360229 ], [ 27.1427817, -18.6359907 ], [ 27.1428284, -18.6359545 ], [ 27.142909, -18.6359184 ], [ 27.1429812, -18.6358781 ], [ 27.1430491, -18.635846 ], [ 27.1431764, -18.6358098 ], [ 27.1432995, -18.6357937 ], [ 27.1434353, -18.6357736 ], [ 27.1435753, -18.6357736 ], [ 27.1436687, -18.6357495 ], [ 27.143762, -18.6356851 ], [ 27.1438342, -18.6356489 ], [ 27.143987, -18.6355645 ], [ 27.1441652, -18.6355042 ], [ 27.1442883, -18.6355001 ], [ 27.1443944, -18.6355082 ], [ 27.1445217, -18.6355564 ], [ 27.1446065, -18.6355605 ], [ 27.1447339, -18.6355645 ], [ 27.1448357, -18.6355283 ], [ 27.1449291, -18.6354841 ], [ 27.1449673, -18.6354157 ], [ 27.1449885, -18.6353312 ], [ 27.1450182, -18.635283 ], [ 27.1450521, -18.6352307 ], [ 27.1450861, -18.6351784 ], [ 27.1451455, -18.6351342 ], [ 27.1452431, -18.63509 ], [ 27.1453619, -18.6350699 ], [ 27.145502, -18.6350578 ], [ 27.145659, -18.6350578 ], [ 27.1458033, -18.635102 ], [ 27.1459476, -18.6351583 ], [ 27.1461216, -18.6352347 ], [ 27.1462828, -18.6353111 ], [ 27.1464271, -18.6353272 ], [ 27.1465587, -18.6353433 ], [ 27.1466521, -18.6353473 ], [ 27.1467794, -18.6353473 ], [ 27.1469491, -18.6353232 ], [ 27.1470722, -18.6353071 ], [ 27.147208, -18.6352548 ], [ 27.1472759, -18.6352187 ], [ 27.147365, -18.6351583 ], [ 27.1474499, -18.635098 ], [ 27.1475687, -18.6350055 ], [ 27.1476196, -18.6349331 ], [ 27.147713, -18.6348768 ], [ 27.1477682, -18.6348447 ], [ 27.1478828, -18.6348205 ], [ 27.1480101, -18.6348045 ], [ 27.1481034, -18.6347884 ], [ 27.148201, -18.6347763 ], [ 27.1483284, -18.6347562 ], [ 27.1484429, -18.634712 ], [ 27.1484981, -18.6346597 ], [ 27.1485575, -18.6346114 ], [ 27.1486382, -18.6345833 ], [ 27.1487061, -18.634531 ], [ 27.1487782, -18.6344988 ], [ 27.1488885, -18.6344506 ], [ 27.1489904, -18.6344104 ], [ 27.149071, -18.6343581 ], [ 27.1491474, -18.6343259 ], [ 27.1492832, -18.6342978 ], [ 27.1493808, -18.6342093 ], [ 27.149419, -18.6341731 ], [ 27.1494912, -18.6341047 ], [ 27.1495421, -18.6340444 ], [ 27.149627, -18.633956 ], [ 27.1497076, -18.6338796 ], [ 27.1497585, -18.6338233 ], [ 27.1498689, -18.6337428 ], [ 27.149941, -18.6336825 ], [ 27.1500598, -18.6336262 ], [ 27.1501914, -18.6335659 ], [ 27.1502805, -18.6335136 ], [ 27.1504163, -18.6334292 ], [ 27.1504757, -18.6333528 ], [ 27.1505266, -18.6332522 ], [ 27.1505606, -18.6331718 ], [ 27.15062, -18.6331115 ], [ 27.15062, -18.6330109 ], [ 27.150637, -18.6329064 ], [ 27.15062, -18.6327214 ], [ 27.1506285, -18.632637 ], [ 27.1505945, -18.6325565 ], [ 27.1505606, -18.6325163 ], [ 27.1505436, -18.6324721 ], [ 27.1505436, -18.6324037 ], [ 27.1505606, -18.6323112 ], [ 27.1506285, -18.6322348 ], [ 27.1507431, -18.6321745 ], [ 27.1508364, -18.6321624 ], [ 27.1509638, -18.6321463 ], [ 27.1511378, -18.6321182 ], [ 27.1513372, -18.632086 ], [ 27.1515239, -18.6320498 ], [ 27.1517446, -18.6320136 ], [ 27.1519186, -18.6319815 ], [ 27.1520587, -18.6319211 ], [ 27.1521605, -18.6318769 ], [ 27.1522369, -18.6318206 ], [ 27.152326, -18.6317683 ], [ 27.1524062, -18.6316845 ], [ 27.1525129, -18.6316219 ], [ 27.1525687, -18.6315737 ], [ 27.1526805, -18.6315208 ], [ 27.1527872, -18.6314774 ], [ 27.1529092, -18.6314389 ], [ 27.153026, -18.6314197 ], [ 27.153209, -18.6313908 ], [ 27.1533258, -18.6313715 ], [ 27.1534325, -18.6313667 ], [ 27.1535748, -18.6313523 ], [ 27.1537272, -18.6313282 ], [ 27.1539051, -18.6312704 ], [ 27.1540778, -18.6311934 ], [ 27.1542201, -18.631126 ], [ 27.1543573, -18.6310393 ], [ 27.1545046, -18.630943 ], [ 27.1546672, -18.6308563 ], [ 27.1547587, -18.630813 ], [ 27.1548599, -18.6307435 ], [ 27.1550026, -18.6306734 ], [ 27.1550941, -18.63063 ], [ 27.1551754, -18.6305915 ], [ 27.1552516, -18.6305578 ], [ 27.1553379, -18.6305145 ], [ 27.1554396, -18.6304663 ], [ 27.1554955, -18.6303941 ], [ 27.1555615, -18.6303363 ], [ 27.1556682, -18.6302256 ], [ 27.1557343, -18.6300908 ], [ 27.1558054, -18.6300185 ], [ 27.1559426, -18.6299271 ], [ 27.1560239, -18.62985 ], [ 27.1561103, -18.6297537 ], [ 27.1562322, -18.6296622 ], [ 27.1563338, -18.6295563 ], [ 27.1564202, -18.6294889 ], [ 27.1565117, -18.6294263 ], [ 27.1566387, -18.6293204 ], [ 27.1567353, -18.6292337 ], [ 27.1568775, -18.629123 ], [ 27.1569791, -18.6290267 ], [ 27.1570858, -18.6289496 ], [ 27.1572383, -18.6288389 ], [ 27.1573755, -18.6287233 ], [ 27.157472, -18.6286463 ], [ 27.1575889, -18.6285693 ], [ 27.1576651, -18.6285067 ], [ 27.157782, -18.6284007 ], [ 27.1578582, -18.6283333 ], [ 27.1579598, -18.6282948 ], [ 27.1580208, -18.6282178 ], [ 27.1581326, -18.6281407 ], [ 27.1582596, -18.62803 ], [ 27.158351, -18.627953 ], [ 27.1584323, -18.6278759 ], [ 27.1585136, -18.6278085 ], [ 27.1586457, -18.627717 ], [ 27.1588033, -18.6276352 ], [ 27.1589506, -18.6275967 ], [ 27.159286, -18.6274763 ], [ 27.1594232, -18.6274185 ], [ 27.1595654, -18.6273559 ], [ 27.1596569, -18.6272933 ], [ 27.1597941, -18.6271537 ], [ 27.1598246, -18.6270815 ], [ 27.159855, -18.6269948 ], [ 27.1598906, -18.6268985 ], [ 27.1599008, -18.626807 ], [ 27.159916, -18.6267396 ], [ 27.1599719, -18.6266 ], [ 27.1600075, -18.6265277 ], [ 27.1600532, -18.6264651 ], [ 27.1601853, -18.6263977 ], [ 27.1603073, -18.6263544 ], [ 27.1604191, -18.626287 ], [ 27.1605105, -18.6261811 ], [ 27.1605715, -18.6260799 ], [ 27.1606172, -18.6259692 ], [ 27.1606477, -18.6258488 ], [ 27.1606629, -18.6257285 ], [ 27.1607036, -18.6256129 ], [ 27.1607493, -18.6254877 ], [ 27.1608001, -18.625377 ], [ 27.1608052, -18.6252758 ], [ 27.1608408, -18.6251603 ], [ 27.1608306, -18.6250688 ], [ 27.1607849, -18.6249725 ], [ 27.1607188, -18.6248858 ], [ 27.1605664, -18.6248329 ], [ 27.1604597, -18.6247847 ], [ 27.1603581, -18.6247703 ], [ 27.160226, -18.6247799 ], [ 27.1600888, -18.624804 ], [ 27.1599567, -18.624828 ], [ 27.1598246, -18.6248762 ], [ 27.1596772, -18.6249484 ], [ 27.1595807, -18.6249966 ], [ 27.1594638, -18.6250206 ], [ 27.159352, -18.6250351 ], [ 27.159286, -18.6250303 ], [ 27.1591894, -18.6249966 ], [ 27.1591285, -18.6249484 ], [ 27.1590675, -18.6248762 ], [ 27.1590065, -18.6247895 ], [ 27.158976, -18.6247077 ], [ 27.1589303, -18.6246162 ], [ 27.1588846, -18.6245199 ], [ 27.1588033, -18.6244284 ], [ 27.1587372, -18.6243514 ], [ 27.1586915, -18.6242599 ], [ 27.1586457, -18.6241684 ], [ 27.1586, -18.6240865 ], [ 27.1585238, -18.623971 ], [ 27.158473, -18.6238795 ], [ 27.1583917, -18.6238121 ], [ 27.1583053, -18.6237399 ], [ 27.1582393, -18.6236532 ], [ 27.1581783, -18.6235713 ], [ 27.1580716, -18.6234847 ], [ 27.15797, -18.6234221 ], [ 27.1578988, -18.6233739 ], [ 27.1578124, -18.6233065 ], [ 27.1577261, -18.6232006 ], [ 27.1576295, -18.6231332 ], [ 27.1575381, -18.6230898 ], [ 27.1574466, -18.6230224 ], [ 27.1574009, -18.6229213 ], [ 27.1573297, -18.6228491 ], [ 27.157284, -18.6227961 ], [ 27.1572027, -18.622695 ], [ 27.1571163, -18.6225842 ], [ 27.157035, -18.6224879 ], [ 27.1569537, -18.6223916 ], [ 27.1568775, -18.622329 ], [ 27.156781, -18.6222472 ], [ 27.1567454, -18.6221846 ], [ 27.15672, -18.6221075 ], [ 27.1567048, -18.6220016 ], [ 27.1567251, -18.6219246 ], [ 27.1567505, -18.6218523 ], [ 27.1567962, -18.6217898 ], [ 27.1568369, -18.621732 ], [ 27.1569182, -18.6216983 ], [ 27.157035, -18.621679 ], [ 27.157157, -18.6216501 ], [ 27.157223, -18.6215731 ], [ 27.1573145, -18.6215105 ], [ 27.157411, -18.6214671 ], [ 27.1574568, -18.6214094 ], [ 27.157472, -18.6213564 ], [ 27.1575076, -18.6212794 ], [ 27.1575431, -18.6212168 ], [ 27.157594, -18.6211542 ], [ 27.1576499, -18.6210771 ], [ 27.1576905, -18.6209808 ], [ 27.1577159, -18.620923 ], [ 27.1577616, -18.6208075 ], [ 27.1578175, -18.6207401 ], [ 27.1578734, -18.6206775 ], [ 27.1579547, -18.6206149 ], [ 27.1580259, -18.6205667 ], [ 27.1580868, -18.6205041 ], [ 27.158163, -18.6204415 ], [ 27.1582647, -18.6203837 ], [ 27.1583714, -18.620326 ], [ 27.1584222, -18.6202826 ], [ 27.1584984, -18.6202248 ], [ 27.1586051, -18.6201719 ], [ 27.1587677, -18.6201093 ], [ 27.1588998, -18.6200948 ], [ 27.1590472, -18.6200659 ], [ 27.1592148, -18.6200467 ], [ 27.1593876, -18.6199841 ], [ 27.1594638, -18.6199311 ], [ 27.1595603, -18.6198685 ], [ 27.1596162, -18.6197578 ], [ 27.1596366, -18.6196615 ], [ 27.1596213, -18.6195892 ], [ 27.1595858, -18.619517 ], [ 27.1595654, -18.6194207 ], [ 27.1595603, -18.6193533 ], [ 27.1595349, -18.6192859 ], [ 27.1594943, -18.6191848 ], [ 27.159413, -18.619074 ], [ 27.1593622, -18.6190018 ], [ 27.1592961, -18.618944 ], [ 27.1592453, -18.618867 ], [ 27.1591843, -18.6187947 ], [ 27.1591335, -18.6187321 ], [ 27.1590929, -18.618684 ], [ 27.1590675, -18.6186166 ], [ 27.1590624, -18.618554 ], [ 27.1590675, -18.6184818 ], [ 27.1590776, -18.6184047 ], [ 27.1590573, -18.618294 ], [ 27.1590522, -18.6182073 ], [ 27.1590573, -18.6181399 ], [ 27.1590827, -18.6180628 ], [ 27.1591132, -18.6179858 ], [ 27.1591539, -18.6179184 ], [ 27.1591996, -18.6178124 ], [ 27.159225, -18.6177498 ], [ 27.1592555, -18.6176921 ], [ 27.159286, -18.6176295 ], [ 27.1593012, -18.6175717 ], [ 27.1593622, -18.6174417 ], [ 27.1593825, -18.6173213 ], [ 27.1594028, -18.6172298 ], [ 27.1594181, -18.6171576 ], [ 27.1594435, -18.6170805 ], [ 27.1595197, -18.6168687 ], [ 27.1596315, -18.6167868 ], [ 27.1597331, -18.6167675 ], [ 27.1597941, -18.6167001 ], [ 27.1598703, -18.616599 ], [ 27.1599262, -18.6165316 ], [ 27.1599973, -18.6164642 ], [ 27.1600481, -18.6163919 ], [ 27.1601294, -18.616286 ], [ 27.1602006, -18.6161993 ], [ 27.1602311, -18.6161319 ], [ 27.1602768, -18.6160741 ], [ 27.1603479, -18.6159971 ], [ 27.1604343, -18.6159008 ], [ 27.1605156, -18.6157949 ], [ 27.1605918, -18.6156889 ], [ 27.1607087, -18.6155396 ], [ 27.16079, -18.6154433 ], [ 27.1608611, -18.6153615 ], [ 27.1609373, -18.61527 ], [ 27.1610034, -18.6152122 ], [ 27.1610948, -18.6151592 ], [ 27.1612117, -18.61514 ], [ 27.1613692, -18.61514 ], [ 27.1614962, -18.6151544 ], [ 27.161608, -18.6152122 ], [ 27.1616995, -18.6152796 ], [ 27.1618164, -18.615347 ], [ 27.161918, -18.6153711 ], [ 27.1620501, -18.6153711 ], [ 27.1621873, -18.6153567 ], [ 27.1623295, -18.6152989 ], [ 27.1624515, -18.6152267 ], [ 27.1625582, -18.6151833 ], [ 27.1626954, -18.6151448 ], [ 27.162797, -18.6150774 ], [ 27.1629139, -18.615034 ], [ 27.163046, -18.6149811 ], [ 27.163173, -18.6149377 ], [ 27.1633254, -18.6148751 ], [ 27.1634728, -18.6148125 ], [ 27.16361, -18.6147307 ], [ 27.1637472, -18.614644 ], [ 27.1638539, -18.6145718 ], [ 27.1639555, -18.6144899 ], [ 27.1640165, -18.614384 ], [ 27.1640673, -18.6143166 ], [ 27.1641638, -18.6142106 ], [ 27.1642451, -18.6141721 ], [ 27.1643315, -18.6141625 ], [ 27.1644484, -18.6141288 ], [ 27.1645551, -18.6140421 ], [ 27.164616, -18.6139265 ], [ 27.1646567, -18.6138206 ], [ 27.1647329, -18.6137147 ], [ 27.164804, -18.613628 ], [ 27.1649006, -18.6135509 ], [ 27.164987, -18.6134787 ], [ 27.1651038, -18.6134209 ], [ 27.1651953, -18.6134017 ], [ 27.1652867, -18.6133535 ], [ 27.1653935, -18.613315 ], [ 27.1654414, -18.6132711 ] ] ] } },
{ "type": "Feature", "properties": { "full_id": "w671759147", "osm_id": "671759147", "osm_type": "way", "railway": null, "highway": "unclassified", "name": null, "surface": null, "ref": null, "tunnel": null, "bridge": null, "level": null, "sac_scale": null }, "geometry": { "type": "MultiLineString", "coordinates": [ [ [ 27.0340197, -18.570971 ], [ 27.0340263, -18.5710634 ], [ 27.0339699, -18.5712478 ], [ 27.0338868, -18.5713762 ], [ 27.0337473, -18.5714893 ] ] ] } },
{ "type": "Feature", "properties": { "full_id": "w671759148", "osm_id": "671759148", "osm_type": "way", "railway": null, "highway": "unclassified", "name": null, "surface": null, "ref": null, "tunnel": null, "bridge": null, "level": null, "sac_scale": null }, "geometry": { "type": "MultiLineString", "coordinates": [ [ [ 27.0337473, -18.5714893 ], [ 27.0337949, -18.5712446 ], [ 27.0338485, -18.5711315 ], [ 27.0339578, -18.5710017 ], [ 27.0340197, -18.570971 ] ] ] } },
{ "type": "Feature", "properties": { "full_id": "w680489927", "osm_id": "680489927", "osm_type": "way", "railway": null, "highway": "tertiary", "name": null, "surface": "asphalt", "ref": null, "tunnel": null, "bridge": null, "level": null, "sac_scale": null }, "geometry": { "type": "MultiLineString", "coordinates": [ [ [ 26.938654757800219, -18.68394354335808 ], [ 26.9386616, -18.6839353 ], [ 26.9391476, -18.6833796 ], [ 26.9404104, -18.6819357 ], [ 26.9429733, -18.6789985 ], [ 26.9457503, -18.6757896 ], [ 26.9466495, -18.674915 ], [ 26.9469536, -18.6746192 ], [ 26.9477355, -18.6739596 ], [ 26.9486544, -18.6732664 ], [ 26.9501425, -18.6723354 ], [ 26.9513779, -18.671716 ], [ 26.9518414, -18.6715252 ], [ 26.9525131, -18.6712486 ], [ 26.9541897, -18.6706938 ], [ 26.9560469, -18.6701428 ], [ 26.958113, -18.6695077 ], [ 26.959945, -18.6689284 ], [ 26.9616465, -18.6683871 ], [ 26.9629822, -18.6679767 ], [ 26.9637242, -18.6677031 ], [ 26.9641668, -18.6675308 ], [ 26.9650198, -18.6671483 ], [ 26.9662972, -18.6664958 ], [ 26.9672741, -18.6658144 ], [ 26.9685093, -18.6648905 ], [ 26.9693166, -18.6641511 ], [ 26.9698894, -18.6635951 ], [ 26.9707489, -18.6626416 ], [ 26.9713202, -18.6619021 ], [ 26.9717655, -18.6612617 ], [ 26.972613, -18.6598742 ], [ 26.9733399, -18.658657 ], [ 26.9745764, -18.6564512 ], [ 26.97496, -18.6557955 ], [ 26.9753408, -18.6551704 ], [ 26.9754602, -18.6549836 ], [ 26.9766954, -18.652779 ], [ 26.9784066, -18.6498183 ], [ 26.978825, -18.6491398 ], [ 26.9796109, -18.6480318 ], [ 26.9802305, -18.6472185 ], [ 26.9808367, -18.6464891 ], [ 26.981526, -18.6456911 ], [ 26.9821, -18.6450837 ], [ 26.9828135, -18.6443848 ], [ 26.9836664, -18.6436173 ], [ 26.9845703, -18.6428345 ], [ 26.9876146, -18.6403227 ], [ 26.9881926, -18.6398449 ], [ 26.9932799, -18.6356393 ], [ 26.9959835, -18.6334378 ], [ 26.996875, -18.632648 ], [ 26.9972864, -18.6322885 ], [ 26.9976614, -18.6319306 ], [ 26.9980493, -18.6315595 ], [ 26.9985902, -18.6310137 ], [ 27.0004034, -18.6289067 ], [ 27.0008942, -18.6282916 ], [ 27.0012767, -18.6277887 ], [ 27.0013121, -18.6277422 ] ] ] } },
{ "type": "Feature", "properties": { "full_id": "w684038852", "osm_id": "684038852", "osm_type": "way", "railway": null, "highway": "unclassified", "name": null, "surface": "ground", "ref": null, "tunnel": null, "bridge": null, "level": null, "sac_scale": null }, "geometry": { "type": "MultiLineString", "coordinates": [ [ [ 27.1133459, -18.617259 ], [ 27.1133955, -18.6172972 ], [ 27.1134183, -18.6173467 ], [ 27.1134317, -18.6174115 ], [ 27.1134416, -18.6174823 ] ] ] } },
{ "type": "Feature", "properties": { "full_id": "w684050299", "osm_id": "684050299", "osm_type": "way", "railway": null, "highway": "track", "name": null, "surface": "ground", "ref": null, "tunnel": null, "bridge": null, "level": null, "sac_scale": null }, "geometry": { "type": "MultiLineString", "coordinates": [ [ [ 27.1136503, -18.617259 ], [ 27.113551, -18.6172616 ], [ 27.1134464, -18.6172616 ], [ 27.1133459, -18.617259 ] ] ] } },
{ "type": "Feature", "properties": { "full_id": "w684050300", "osm_id": "684050300", "osm_type": "way", "railway": null, "highway": "track", "name": null, "surface": "ground", "ref": null, "tunnel": null, "bridge": null, "level": null, "sac_scale": null }, "geometry": { "type": "MultiLineString", "coordinates": [ [ [ 27.1134416, -18.6174823 ], [ 27.113547, -18.617348 ], [ 27.1136503, -18.617259 ] ] ] } },
{ "type": "Feature", "properties": { "full_id": "w684285598", "osm_id": "684285598", "osm_type": "way", "railway": null, "highway": "track", "name": null, "surface": null, "ref": null, "tunnel": null, "bridge": null, "level": null, "sac_scale": null }, "geometry": { "type": "MultiLineString", "coordinates": [ [ [ 27.040795661639681, -18.565968590822227 ], [ 27.0408095, -18.5662872 ], [ 27.0408109, -18.5665084 ], [ 27.0407774, -18.5669635 ], [ 27.0407492, -18.5670919 ], [ 27.0404484, -18.567873 ] ] ] } },
{ "type": "Feature", "properties": { "full_id": "w684285599", "osm_id": "684285599", "osm_type": "way", "railway": null, "highway": "track", "name": null, "surface": null, "ref": null, "tunnel": null, "bridge": null, "level": null, "sac_scale": null }, "geometry": { "type": "MultiLineString", "coordinates": [ [ [ 27.040268676964242, -18.565757796952049 ], [ 27.0401014, -18.5658499 ], [ 27.0400022, -18.5658689 ], [ 27.0398171, -18.565902 ], [ 27.0391653, -18.5660685 ], [ 27.0383406, -18.5662643 ], [ 27.0382816, -18.5662986 ], [ 27.0382373, -18.5663482 ], [ 27.0382145, -18.566408 ], [ 27.0381609, -18.5666012 ], [ 27.0380978, -18.566666 ], [ 27.038063, -18.5666966 ], [ 27.0375185, -18.5672185 ] ] ] } },
{ "type": "Feature", "properties": { "full_id": "w684296475", "osm_id": "684296475", "osm_type": "way", "railway": null, "highway": "unclassified", "name": "Khulu Bush Camp Road", "surface": "ground", "ref": null, "tunnel": null, "bridge": null, "level": null, "sac_scale": null }, "geometry": { "type": "MultiLineString", "coordinates": [ [ [ 27.054338, -18.6172724 ], [ 27.0542424, -18.6172552 ], [ 27.0541824, -18.6172427 ], [ 27.054117, -18.6172112 ], [ 27.0540804, -18.6171831 ], [ 27.0539526, -18.6170851 ], [ 27.0537968, -18.616963 ], [ 27.0537522, -18.616903 ], [ 27.0536924, -18.6167579 ], [ 27.0536571, -18.6164143 ], [ 27.0536027, -18.6160813 ], [ 27.0535678, -18.6158429 ], [ 27.0534942, -18.6156379 ], [ 27.0534736, -18.6154638 ] ] ] } },
{ "type": "Feature", "properties": { "full_id": "w684296476", "osm_id": "684296476", "osm_type": "way", "railway": null, "highway": "track", "name": null, "surface": null, "ref": null, "tunnel": null, "bridge": null, "level": null, "sac_scale": null }, "geometry": { "type": "MultiLineString", "coordinates": [ [ [ 27.0882578, -18.6438638 ], [ 27.0885057, -18.6432721 ], [ 27.0883555, -18.642896 ], [ 27.0883877, -18.6426926 ], [ 27.0883287, -18.6426574 ] ] ] } },
{ "type": "Feature", "properties": { "full_id": "w684298819", "osm_id": "684298819", "osm_type": "way", "railway": null, "highway": "track", "name": null, "surface": null, "ref": null, "tunnel": null, "bridge": null, "level": null, "sac_scale": null }, "geometry": { "type": "MultiLineString", "coordinates": [ [ [ 27.0233795, -18.6264375 ], [ 27.0243742, -18.6260393 ], [ 27.0274436, -18.6248617 ], [ 27.0294003, -18.6241315 ], [ 27.0304858, -18.6237111 ], [ 27.0312992, -18.6233932 ], [ 27.0317266, -18.6232405 ], [ 27.0324154, -18.6229794 ], [ 27.0331065, -18.6227006 ], [ 27.0334895, -18.6225723 ], [ 27.0338408, -18.6224277 ], [ 27.0341607, -18.622306 ], [ 27.0345203, -18.6221577 ], [ 27.0347397, -18.6219917 ], [ 27.0348892, -18.6218191 ], [ 27.0349686, -18.6216731 ], [ 27.0350456, -18.6214209 ], [ 27.035139, -18.6209872 ], [ 27.0351787, -18.6206752 ], [ 27.0352838, -18.6199715 ], [ 27.0354169, -18.6192391 ], [ 27.0354309, -18.6190974 ], [ 27.0354753, -18.6188385 ], [ 27.0355243, -18.618604 ], [ 27.0356014, -18.6183805 ], [ 27.0357415, -18.618115 ], [ 27.0358816, -18.6178339 ], [ 27.0359563, -18.6176857 ], [ 27.036101, -18.6173869 ], [ 27.0362061, -18.6171126 ], [ 27.0363019, -18.6168802 ], [ 27.0364139, -18.6164399 ], [ 27.0364163, -18.6162451 ], [ 27.0363929, -18.6159862 ], [ 27.0363789, -18.6156941 ], [ 27.0363873, -18.6155025 ], [ 27.0364318, -18.6150949 ], [ 27.0364874, -18.6148764 ], [ 27.0365273, -18.6147196 ], [ 27.0367408, -18.6144374 ], [ 27.0368165, -18.6143126 ] ] ] } },
{ "type": "Feature", "properties": { "full_id": "w722581441", "osm_id": "722581441", "osm_type": "way", "railway": null, "highway": "track", "name": null, "surface": null, "ref": null, "tunnel": null, "bridge": null, "level": null, "sac_scale": null }, "geometry": { "type": "MultiLineString", "coordinates": [ [ [ 27.0589101, -18.6050255 ], [ 27.0590249, -18.6051667 ], [ 27.059165, -18.6053084 ], [ 27.0593145, -18.6054412 ], [ 27.0594826, -18.6055474 ], [ 27.0597254, -18.6056359 ], [ 27.0599496, -18.6057067 ], [ 27.0602672, -18.605866 ], [ 27.0605193, -18.6059634 ], [ 27.0607528, -18.6060696 ], [ 27.061033, -18.6061847 ], [ 27.0612292, -18.6062467 ], [ 27.0614627, -18.6062555 ], [ 27.0616682, -18.6062201 ], [ 27.0618269, -18.6061759 ], [ 27.0619297, -18.6061759 ], [ 27.0620698, -18.6063086 ], [ 27.0622659, -18.6066007 ], [ 27.0623313, -18.6067424 ], [ 27.062378, -18.6069725 ], [ 27.0624621, -18.6072115 ], [ 27.0625835, -18.6074328 ], [ 27.0626956, -18.6076807 ], [ 27.0627703, -18.6078311 ], [ 27.0628076, -18.6079639 ], [ 27.0629571, -18.6080524 ], [ 27.0630318, -18.6081852 ], [ 27.0630878, -18.6084065 ], [ 27.0631999, -18.6086721 ], [ 27.0632933, -18.6088933 ], [ 27.0633774, -18.60915 ], [ 27.0634241, -18.6093005 ], [ 27.0634241, -18.6094864 ], [ 27.0634334, -18.6096634 ], [ 27.0634428, -18.6097874 ], [ 27.0635455, -18.6100345 ], [ 27.0636856, -18.6101938 ], [ 27.0638817, -18.6104328 ], [ 27.0639658, -18.610601 ], [ 27.0640685, -18.6107603 ], [ 27.0641993, -18.6109196 ], [ 27.0643768, -18.6110613 ], [ 27.0645355, -18.6112295 ], [ 27.0646196, -18.6113445 ], [ 27.0646196, -18.6115039 ], [ 27.0646663, -18.6115924 ], [ 27.064769, -18.6116986 ], [ 27.0649558, -18.6117694 ], [ 27.0650305, -18.6119199 ], [ 27.0651239, -18.6120969 ], [ 27.065208, -18.6122474 ], [ 27.0652454, -18.6123536 ], [ 27.065208, -18.6124775 ], [ 27.0651146, -18.6125749 ], [ 27.0650836, -18.6126252 ], [ 27.0650867, -18.6127011 ], [ 27.0650959, -18.6128383 ], [ 27.0650959, -18.6129668 ], [ 27.0651021, -18.6130661 ], [ 27.0651113, -18.6131566 ], [ 27.0651452, -18.6132588 ], [ 27.0651586, -18.613328 ] ] ] } },
{ "type": "Feature", "properties": { "full_id": "w722581442", "osm_id": "722581442", "osm_type": "way", "railway": null, "highway": "track", "name": null, "surface": null, "ref": null, "tunnel": null, "bridge": null, "level": null, "sac_scale": null }, "geometry": { "type": "MultiLineString", "coordinates": [ [ [ 27.0522549, -18.6071661 ], [ 27.052253, -18.6074158 ], [ 27.052253, -18.6075697 ], [ 27.0522808, -18.6077501 ], [ 27.0522762, -18.6079524 ], [ 27.0522808, -18.6081328 ], [ 27.0522994, -18.6083131 ], [ 27.0523365, -18.6085111 ], [ 27.0523411, -18.6087046 ], [ 27.0523551, -18.6088937 ], [ 27.0523644, -18.6090741 ], [ 27.0523968, -18.6093336 ], [ 27.052434, -18.6094216 ], [ 27.0524247, -18.6094964 ], [ 27.0523783, -18.6095931 ], [ 27.0523179, -18.6097207 ], [ 27.0522808, -18.6097867 ], [ 27.0522622, -18.609857 ], [ 27.0522762, -18.6099098 ], [ 27.0523226, -18.6099846 ], [ 27.0523504, -18.6100594 ], [ 27.052369, -18.610143 ], [ 27.0523829, -18.6103321 ], [ 27.0524061, -18.6105036 ], [ 27.05242, -18.6107192 ], [ 27.0524433, -18.6108379 ], [ 27.0524665, -18.6109171 ], [ 27.052499, -18.6110007 ], [ 27.052499, -18.6110667 ], [ 27.0525129, -18.6111634 ], [ 27.0525361, -18.6112866 ], [ 27.0525964, -18.6113878 ], [ 27.052666, -18.6114537 ], [ 27.0527125, -18.6115417 ], [ 27.0527496, -18.6116737 ], [ 27.0527914, -18.6118584 ], [ 27.0528146, -18.612008 ], [ 27.0528517, -18.6121443 ], [ 27.0529027, -18.6123027 ], [ 27.0529584, -18.6124786 ], [ 27.0529909, -18.6125974 ], [ 27.0530095, -18.6127205 ], [ 27.0529677, -18.6128173 ], [ 27.0529352, -18.6129097 ], [ 27.0529352, -18.613002 ], [ 27.0529909, -18.6131164 ], [ 27.0530513, -18.6131912 ], [ 27.0530745, -18.6132923 ], [ 27.0530884, -18.6133627 ], [ 27.0531302, -18.6134419 ], [ 27.0531859, -18.6135079 ], [ 27.0532369, -18.6135738 ], [ 27.0533158, -18.6136794 ], [ 27.0533762, -18.6137498 ] ] ] } },
{ "type": "Feature", "properties": { "full_id": "w722581443", "osm_id": "722581443", "osm_type": "way", "railway": null, "highway": "track", "name": null, "surface": null, "ref": null, "tunnel": null, "bridge": null, "level": null, "sac_scale": null }, "geometry": { "type": "MultiLineString", "coordinates": [ [ [ 27.0522549, -18.6071661 ], [ 27.052257, -18.6070305 ], [ 27.0523051, -18.6069008 ], [ 27.0523902, -18.6067815 ], [ 27.0524161, -18.6066096 ], [ 27.0524235, -18.6064343 ], [ 27.0524124, -18.606287 ], [ 27.0524161, -18.6061221 ], [ 27.0524346, -18.6058801 ], [ 27.0524716, -18.6056276 ], [ 27.0525679, -18.6054066 ], [ 27.0526567, -18.6052207 ], [ 27.0527307, -18.6050944 ], [ 27.052727, -18.6050208 ], [ 27.0527344, -18.6049296 ], [ 27.0527566, -18.6048033 ], [ 27.0527936, -18.6046981 ], [ 27.052838, -18.6045999 ], [ 27.0528158, -18.6045017 ], [ 27.0528121, -18.6044175 ], [ 27.0528195, -18.6043228 ], [ 27.0528528, -18.6042421 ], [ 27.0529046, -18.604172 ], [ 27.0529787, -18.6040632 ], [ 27.0530231, -18.6039229 ], [ 27.0530712, -18.6038072 ], [ 27.0531082, -18.6036704 ], [ 27.0531267, -18.6034915 ], [ 27.0531304, -18.6032775 ], [ 27.053123, -18.6030601 ], [ 27.0531341, -18.6029408 ], [ 27.0531489, -18.602797 ], [ 27.0531341, -18.6025901 ], [ 27.0530934, -18.6023621 ], [ 27.0530527, -18.6021411 ], [ 27.0530416, -18.6019833 ], [ 27.0530342, -18.6017868 ], [ 27.0530194, -18.6015799 ], [ 27.0530009, -18.6014186 ], [ 27.0529861, -18.6013379 ], [ 27.0529639, -18.6012011 ], [ 27.0529379, -18.6011169 ], [ 27.0528935, -18.6009941 ], [ 27.0528676, -18.600931 ], [ 27.0528195, -18.6009205 ], [ 27.0527455, -18.6008994 ], [ 27.052653, -18.6008363 ], [ 27.052542, -18.6007732 ], [ 27.0524531, -18.6007065 ], [ 27.0523902, -18.6006258 ], [ 27.0523236, -18.6005838 ], [ 27.0522311, -18.6005732 ], [ 27.0521682, -18.6006048 ], [ 27.0520904, -18.6006469 ], [ 27.0520053, -18.6006785 ], [ 27.051935, -18.6006785 ], [ 27.051861, -18.6006504 ], [ 27.0517278, -18.6005767 ], [ 27.0515945, -18.6004961 ], [ 27.0515464, -18.6004364 ], [ 27.0514946, -18.6003628 ], [ 27.0514132, -18.6002751 ], [ 27.0513429, -18.6002084 ], [ 27.0512689, -18.6001243 ], [ 27.0512133, -18.6000646 ], [ 27.0510764, -18.6000155 ], [ 27.0509173, -18.5999769 ], [ 27.050747, -18.5999454 ], [ 27.0506101, -18.5999173 ], [ 27.0505287, -18.5999173 ], [ 27.0504102, -18.5999489 ], [ 27.0503325, -18.5999875 ], [ 27.0502733, -18.600019 ], [ 27.0502141, -18.6000541 ], [ 27.0501327, -18.6000717 ], [ 27.0500402, -18.6000576 ], [ 27.0499402, -18.600012 ], [ 27.049844, -18.5999559 ], [ 27.0498144, -18.5998998 ], [ 27.049733, -18.599791 ], [ 27.0496516, -18.5996963 ], [ 27.0495479, -18.5996472 ], [ 27.0494443, -18.5996262 ], [ 27.0493592, -18.5995771 ], [ 27.0492889, -18.599535 ], [ 27.0491964, -18.5994543 ], [ 27.0491223, -18.5994122 ], [ 27.0490335, -18.5993736 ], [ 27.0489114, -18.5993456 ], [ 27.0487967, -18.599328 ], [ 27.0487115, -18.5993245 ], [ 27.0486042, -18.5992895 ], [ 27.0484932, -18.5992509 ], [ 27.0484192, -18.5992263 ], [ 27.04836, -18.5991492 ], [ 27.0483304, -18.5989913 ], [ 27.0483156, -18.5988756 ], [ 27.0482896, -18.5988054 ], [ 27.0482008, -18.5987107 ], [ 27.0481009, -18.5985985 ], [ 27.0480269, -18.5985213 ], [ 27.0479455, -18.5984511 ], [ 27.0478937, -18.598395 ], [ 27.0478643, -18.5983413 ], [ 27.0478418, -18.5983003 ], [ 27.0478344, -18.5982126 ], [ 27.0478307, -18.5981284 ], [ 27.0477826, -18.5980828 ], [ 27.0477234, -18.5980372 ], [ 27.0476531, -18.5979811 ], [ 27.0475828, -18.5979601 ], [ 27.0475125, -18.597925 ], [ 27.047494, -18.5978619 ], [ 27.0475088, -18.5977952 ], [ 27.047531, -18.5977216 ], [ 27.0475162, -18.5976444 ], [ 27.0474829, -18.5975813 ], [ 27.0474236, -18.5975392 ], [ 27.0473718, -18.5974866 ], [ 27.0473681, -18.5974304 ], [ 27.0473755, -18.5973462 ], [ 27.0474199, -18.5972515 ], [ 27.0474347, -18.5971533 ], [ 27.0474496, -18.5970727 ], [ 27.0474533, -18.5969359 ], [ 27.0474607, -18.5968657 ], [ 27.0474162, -18.5968411 ], [ 27.0473533, -18.5968376 ], [ 27.047283, -18.5968236 ], [ 27.0471905, -18.5968201 ], [ 27.0471091, -18.596785 ], [ 27.0470536, -18.5967219 ], [ 27.0470054, -18.5966798 ], [ 27.0469018, -18.5966728 ], [ 27.046812, -18.5966188 ], [ 27.0466004, -18.5965027 ], [ 27.0464164, -18.5963886 ], [ 27.0462536, -18.5962813 ], [ 27.0461757, -18.5961605 ], [ 27.0460625, -18.5960867 ], [ 27.0459492, -18.5959928 ], [ 27.0458147, -18.5958385 ], [ 27.0456873, -18.5957312 ], [ 27.0456024, -18.5956372 ], [ 27.0455033, -18.5954829 ], [ 27.0454254, -18.5953488 ], [ 27.045383, -18.595228 ], [ 27.0452839, -18.5950737 ], [ 27.0452414, -18.5949194 ], [ 27.0451352, -18.5947852 ], [ 27.0449795, -18.5946779 ], [ 27.0448733, -18.5945974 ], [ 27.0447317, -18.5944498 ], [ 27.0446751, -18.5943693 ], [ 27.0446326, -18.5942686 ] ] ] } },
{ "type": "Feature", "properties": { "full_id": "w732670992", "osm_id": "732670992", "osm_type": "way", "railway": null, "highway": "unclassified", "name": null, "surface": "sand", "ref": null, "tunnel": null, "bridge": null, "level": null, "sac_scale": null }, "geometry": { "type": "MultiLineString", "coordinates": [ [ [ 27.0588806, -18.6171746 ], [ 27.0589327, -18.6171717 ], [ 27.059005, -18.6171703 ], [ 27.0592199, -18.6171338 ], [ 27.0593045, -18.6171338 ], [ 27.0594936, -18.617137 ], [ 27.0597817, -18.6171247 ], [ 27.0599361, -18.6171201 ], [ 27.060052, -18.6171265 ], [ 27.0602595, -18.6171899 ], [ 27.0604389, -18.6172361 ], [ 27.0606732, -18.6173233 ], [ 27.0607661, -18.617348 ], [ 27.0608558, -18.6173585 ], [ 27.0609403, -18.617358 ], [ 27.0609613, -18.6173505 ], [ 27.0610364, -18.6173233 ], [ 27.0611477, -18.6172741 ] ] ] } },
{ "type": "Feature", "properties": { "full_id": "w732670993", "osm_id": "732670993", "osm_type": "way", "railway": null, "highway": "unclassified", "name": null, "surface": null, "ref": null, "tunnel": null, "bridge": null, "level": null, "sac_scale": null }, "geometry": { "type": "MultiLineString", "coordinates": [ [ [ 27.0609403, -18.617358 ], [ 27.0607311, -18.6174446 ], [ 27.0605546, -18.6175091 ], [ 27.0603982, -18.6175808 ], [ 27.060262, -18.6176119 ], [ 27.0601208, -18.6176453 ], [ 27.0600376, -18.6176764 ], [ 27.0599846, -18.6177003 ], [ 27.0599619, -18.6177409 ], [ 27.0599619, -18.6177863 ], [ 27.0599821, -18.6178533 ], [ 27.0600124, -18.6179178 ], [ 27.0600679, -18.6180206 ], [ 27.0601385, -18.6180923 ], [ 27.0602066, -18.6181424 ], [ 27.0602822, -18.6181902 ], [ 27.0604035, -18.6182544 ] ] ] } },
{ "type": "Feature", "properties": { "full_id": "w732670994", "osm_id": "732670994", "osm_type": "way", "railway": null, "highway": "unclassified", "name": null, "surface": null, "ref": null, "tunnel": null, "bridge": null, "level": null, "sac_scale": null }, "geometry": { "type": "MultiLineString", "coordinates": [ [ [ 27.061051, -18.6174175 ], [ 27.0610523, -18.6173979 ], [ 27.0610474, -18.6173846 ], [ 27.0610425, -18.6173747 ], [ 27.0610333, -18.617366 ], [ 27.0610192, -18.6173567 ], [ 27.0610051, -18.6173515 ], [ 27.0609911, -18.6173509 ], [ 27.0609739, -18.6173509 ], [ 27.0609613, -18.6173505 ] ] ] } },
{ "type": "Feature", "properties": { "full_id": "w732670995", "osm_id": "732670995", "osm_type": "way", "railway": null, "highway": "trunk", "name": null, "surface": "asphalt", "ref": "A8", "tunnel": null, "bridge": "yes", "level": null, "sac_scale": null }, "geometry": { "type": "MultiLineString", "coordinates": [ [ [ 27.0800503, -18.6088936 ], [ 27.0799239, -18.6088081 ] ] ] } },
{ "type": "Feature", "properties": { "full_id": "w732670996", "osm_id": "732670996", "osm_type": "way", "railway": null, "highway": "trunk", "name": null, "surface": "asphalt", "ref": "A8", "tunnel": null, "bridge": null, "level": null, "sac_scale": null }, "geometry": { "type": "MultiLineString", "coordinates": [ [ [ 27.0799239, -18.6088081 ], [ 27.079652, -18.6086241 ], [ 27.0791356, -18.608178 ], [ 27.0787306, -18.6077357 ], [ 27.0782733, -18.6071027 ], [ 27.0776296, -18.6061647 ], [ 27.0774255, -18.6058685 ] ] ] } },
{ "type": "Feature", "properties": { "full_id": "w732675774", "osm_id": "732675774", "osm_type": "way", "railway": null, "highway": "unclassified", "name": null, "surface": null, "ref": null, "tunnel": null, "bridge": null, "level": null, "sac_scale": null }, "geometry": { "type": "MultiLineString", "coordinates": [ [ [ 27.050876, -18.6164781 ], [ 27.0508819, -18.6165181 ], [ 27.0508789, -18.6165606 ], [ 27.0508849, -18.6166117 ], [ 27.0508999, -18.6166542 ], [ 27.0509018, -18.6166956 ] ] ] } },
{ "type": "Feature", "properties": { "full_id": "w732675775", "osm_id": "732675775", "osm_type": "way", "railway": null, "highway": "unclassified", "name": null, "surface": null, "ref": null, "tunnel": null, "bridge": null, "level": null, "sac_scale": null }, "geometry": { "type": "MultiLineString", "coordinates": [ [ [ 27.0540705, -18.6173151 ], [ 27.0540903, -18.6173019 ], [ 27.0541022, -18.6172808 ], [ 27.0541078, -18.617262 ], [ 27.054107, -18.6172387 ], [ 27.0541006, -18.6172183 ], [ 27.0540903, -18.6171988 ], [ 27.0540804, -18.6171831 ] ] ] } },
{ "type": "Feature", "properties": { "full_id": "w735433850", "osm_id": "735433850", "osm_type": "way", "railway": null, "highway": "track", "name": null, "surface": null, "ref": null, "tunnel": null, "bridge": null, "level": null, "sac_scale": null }, "geometry": { "type": "MultiLineString", "coordinates": [ [ [ 26.9644439, -18.6907876 ], [ 26.9653314, -18.6910759 ], [ 26.9659685, -18.6912368 ], [ 26.966195, -18.6913977 ], [ 26.9666622, -18.6916927 ], [ 26.9670869, -18.6919878 ], [ 26.9674776, -18.6922828 ] ] ] } },
{ "type": "Feature", "properties": { "full_id": "w735433851", "osm_id": "735433851", "osm_type": "way", "railway": null, "highway": "track", "name": "Access Road to Kakori Pan", "surface": null, "ref": null, "tunnel": null, "bridge": null, "level": null, "sac_scale": null }, "geometry": { "type": "MultiLineString", "coordinates": [ [ [ 26.9674776, -18.6922828 ], [ 26.9679646, -18.6925644 ], [ 26.9686158, -18.6928192 ], [ 26.9696351, -18.6931678 ], [ 26.9750147, -18.6948709 ], [ 26.9779168, -18.6958364 ], [ 26.9803801, -18.6965337 ], [ 26.9816967, -18.6969628 ], [ 26.9824187, -18.697164 ], [ 26.9830416, -18.6975126 ], [ 26.9842024, -18.6980222 ], [ 26.98525, -18.6985183 ], [ 26.9863401, -18.6989474 ], [ 26.9871329, -18.699229 ], [ 26.9880106, -18.699457 ], [ 26.9886477, -18.6996447 ], [ 26.9892139, -18.6998995 ], [ 26.9902615, -18.7003689 ], [ 26.991479, -18.7008382 ], [ 26.9919179, -18.7009991 ], [ 26.9923284, -18.7011868 ], [ 26.9929089, -18.7012673 ], [ 26.9933619, -18.7012136 ], [ 26.99373, -18.7010259 ], [ 26.9940414, -18.7007175 ], [ 26.9942113, -18.7003823 ], [ 26.994367, -18.6997922 ], [ 26.9945369, -18.6992156 ], [ 26.994636, -18.6988402 ], [ 26.99482, -18.6983842 ], [ 26.9948483, -18.6980892 ], [ 26.9948483, -18.6977272 ], [ 26.9948342, -18.6974322 ] ] ] } },
{ "type": "Feature", "properties": { "full_id": "w778029167", "osm_id": "778029167", "osm_type": "way", "railway": null, "highway": "tertiary", "name": "Hwange Main Camp Road", "surface": "asphalt", "ref": null, "tunnel": null, "bridge": null, "level": null, "sac_scale": null }, "geometry": { "type": "MultiLineString", "coordinates": [ [ [ 27.023288, -18.5833409 ], [ 27.0233591, -18.5831808 ], [ 27.0234168, -18.5830664 ], [ 27.0239465, -18.5819198 ], [ 27.0242657, -18.5812371 ], [ 27.0244105, -18.5809829 ], [ 27.0245299, -18.5807846 ], [ 27.0250529, -18.5800536 ], [ 27.0253372, -18.5797257 ], [ 27.0257114, -18.5793163 ], [ 27.0265268, -18.5786057 ], [ 27.0275018, -18.5778125 ], [ 27.0286269, -18.5768997 ], [ 27.0292345, -18.5763951 ], [ 27.0299144, -18.5758446 ], [ 27.0308974, -18.5750221 ], [ 27.0317048, -18.5743433 ], [ 27.0319529, -18.5741284 ], [ 27.032233, -18.5738418 ], [ 27.0327844, -18.5730758 ], [ 27.0334641, -18.5719475 ] ] ] } },
{ "type": "Feature", "properties": { "full_id": "w778029168", "osm_id": "778029168", "osm_type": "way", "railway": null, "highway": "tertiary", "name": "Hwange Main Camp Road", "surface": "asphalt", "ref": null, "tunnel": null, "bridge": "yes", "level": null, "sac_scale": null }, "geometry": { "type": "MultiLineString", "coordinates": [ [ [ 27.0232515, -18.5834175 ], [ 27.023288, -18.5833409 ] ] ] } },
{ "type": "Feature", "properties": { "full_id": "w792250545", "osm_id": "792250545", "osm_type": "way", "railway": null, "highway": "tertiary", "name": "Hwange Main Camp Road", "surface": "asphalt", "ref": null, "tunnel": null, "bridge": null, "level": null, "sac_scale": null }, "geometry": { "type": "MultiLineString", "coordinates": [ [ [ 27.0334641, -18.5719475 ], [ 27.0337473, -18.5714893 ] ] ] } },
{ "type": "Feature", "properties": { "full_id": "w792250546", "osm_id": "792250546", "osm_type": "way", "railway": null, "highway": "trunk", "name": null, "surface": "asphalt", "ref": "A8", "tunnel": null, "bridge": null, "level": null, "sac_scale": null }, "geometry": { "type": "MultiLineString", "coordinates": [ [ [ 27.0342735, -18.5717617 ], [ 27.0337473, -18.5714893 ] ] ] } },
{ "type": "Feature", "properties": { "full_id": "w862490206", "osm_id": "862490206", "osm_type": "way", "railway": null, "highway": "unclassified", "name": null, "surface": null, "ref": null, "tunnel": null, "bridge": null, "level": null, "sac_scale": null }, "geometry": { "type": "MultiLineString", "coordinates": [ [ [ 27.0393547, -18.5701583 ], [ 27.0394149, -18.5700886 ], [ 27.0394712, -18.5699736 ], [ 27.0394842, -18.5698792 ], [ 27.0395059, -18.5697518 ], [ 27.0395102, -18.5696081 ], [ 27.0395059, -18.5694643 ], [ 27.0394799, -18.5693452 ], [ 27.0394929, -18.5692877 ], [ 27.0394979, -18.5691483 ] ] ] } },
{ "type": "Feature", "properties": { "full_id": "w1005800301", "osm_id": "1005800301", "osm_type": "way", "railway": null, "highway": "service", "name": null, "surface": null, "ref": null, "tunnel": null, "bridge": null, "level": null, "sac_scale": null }, "geometry": { "type": "MultiLineString", "coordinates": [ [ [ 27.023001, -18.626919 ], [ 27.0271588, -18.6253817 ], [ 27.0309488, -18.6241246 ], [ 27.0342049, -18.6230626 ], [ 27.0388841, -18.6214815 ], [ 27.0413142, -18.6206662 ] ] ] } },
{ "type": "Feature", "properties": { "full_id": "w1005800302", "osm_id": "1005800302", "osm_type": "way", "railway": null, "highway": "service", "name": null, "surface": null, "ref": null, "tunnel": null, "bridge": null, "level": null, "sac_scale": null }, "geometry": { "type": "MultiLineString", "coordinates": [ [ [ 27.0185661, -18.6286042 ], [ 27.0187948, -18.6285258 ], [ 27.023001, -18.626919 ] ] ] } },
{ "type": "Feature", "properties": { "full_id": "w1005800303", "osm_id": "1005800303", "osm_type": "way", "railway": null, "highway": "service", "name": null, "surface": null, "ref": null, "tunnel": null, "bridge": null, "level": null, "sac_scale": null }, "geometry": { "type": "MultiLineString", "coordinates": [ [ [ 27.0159292, -18.6291736 ], [ 27.0162661, -18.6292104 ], [ 27.0171248, -18.6290981 ], [ 27.0185661, -18.6286042 ] ] ] } },
{ "type": "Feature", "properties": { "full_id": "w1005800304", "osm_id": "1005800304", "osm_type": "way", "railway": null, "highway": "unclassified", "name": null, "surface": null, "ref": null, "tunnel": null, "bridge": null, "level": null, "sac_scale": null }, "geometry": { "type": "MultiLineString", "coordinates": [ [ [ 26.9998898, -18.6356115 ], [ 26.9998147, -18.635614 ], [ 26.9997315, -18.6355772 ], [ 26.9996514, -18.6355072 ], [ 26.9995746, -18.6352951 ], [ 26.9995679, -18.6352366 ], [ 26.9996014, -18.6351909 ], [ 26.9999005, -18.6350676 ] ] ] } },
{ "type": "Feature", "properties": { "full_id": "w1005800305", "osm_id": "1005800305", "osm_type": "way", "railway": null, "highway": "track", "name": null, "surface": null, "ref": null, "tunnel": null, "bridge": null, "level": null, "sac_scale": null }, "geometry": { "type": "MultiLineString", "coordinates": [ [ [ 27.0412766, -18.6205745 ], [ 27.0413142, -18.6206662 ] ] ] } },
{ "type": "Feature", "properties": { "full_id": "w1005800306", "osm_id": "1005800306", "osm_type": "way", "railway": null, "highway": "service", "name": null, "surface": null, "ref": null, "tunnel": null, "bridge": null, "level": null, "sac_scale": null }, "geometry": { "type": "MultiLineString", "coordinates": [ [ [ 27.0059838, -18.6321288 ], [ 27.0072412, -18.6305628 ], [ 27.0078393, -18.6300858 ], [ 27.009071, -18.6292833 ], [ 27.0106877, -18.6288456 ], [ 27.0120675, -18.6287053 ], [ 27.0132933, -18.6288063 ], [ 27.0150048, -18.629042 ], [ 27.0159292, -18.6291736 ] ] ] } },
{ "type": "Feature", "properties": { "full_id": "w1005800307", "osm_id": "1005800307", "osm_type": "way", "railway": null, "highway": "service", "name": null, "surface": null, "ref": null, "tunnel": null, "bridge": null, "level": null, "sac_scale": null }, "geometry": { "type": "MultiLineString", "coordinates": [ [ [ 27.0012767, -18.6277887 ], [ 27.0014301, -18.6278566 ], [ 27.0015795, -18.6279465 ], [ 27.0018781, -18.6281096 ], [ 27.0026284, -18.6285917 ], [ 27.0029245, -18.6288274 ], [ 27.003647, -18.6298599 ], [ 27.0044524, -18.6309093 ], [ 27.0052518, -18.6315658 ], [ 27.0059838, -18.6321288 ], [ 27.0057161, -18.6324757 ], [ 27.0050189, -18.6333069 ] ] ] } },
{ "type": "Feature", "properties": { "full_id": "w1005800308", "osm_id": "1005800308", "osm_type": "way", "railway": null, "highway": "service", "name": null, "surface": null, "ref": null, "tunnel": null, "bridge": null, "level": null, "sac_scale": null }, "geometry": { "type": "MultiLineString", "coordinates": [ [ [ 26.9999005, -18.6350676 ], [ 27.0001204, -18.634962 ] ] ] } },
{ "type": "Feature", "properties": { "full_id": "w1005800309", "osm_id": "1005800309", "osm_type": "way", "railway": null, "highway": "service", "name": null, "surface": "paved", "ref": null, "tunnel": null, "bridge": null, "level": null, "sac_scale": null }, "geometry": { "type": "MultiLineString", "coordinates": [ [ [ 27.0001878, -18.6346299 ], [ 27.0002718, -18.6348126 ] ] ] } },
{ "type": "Feature", "properties": { "full_id": "w1005800310", "osm_id": "1005800310", "osm_type": "way", "railway": null, "highway": "service", "name": null, "surface": null, "ref": null, "tunnel": null, "bridge": null, "level": null, "sac_scale": null }, "geometry": { "type": "MultiLineString", "coordinates": [ [ [ 27.0001204, -18.634962 ], [ 27.0002582, -18.6348952 ], [ 27.0002732, -18.6348716 ], [ 27.0002718, -18.6348126 ] ] ] } },
{ "type": "Feature", "properties": { "full_id": "w1005800311", "osm_id": "1005800311", "osm_type": "way", "railway": null, "highway": "service", "name": null, "surface": null, "ref": null, "tunnel": null, "bridge": null, "level": null, "sac_scale": null }, "geometry": { "type": "MultiLineString", "coordinates": [ [ [ 27.0001204, -18.634962 ], [ 27.0000575, -18.6349347 ], [ 27.0000106, -18.6349 ], [ 26.99998, -18.6348516 ], [ 26.9999698, -18.6347961 ], [ 26.9999813, -18.6347407 ], [ 27.0000129, -18.634693 ], [ 27.0000605, -18.6346592 ], [ 27.0001178, -18.6346438 ], [ 27.0001878, -18.6346299 ] ] ] } },
{ "type": "Feature", "properties": { "full_id": "w1085701389", "osm_id": "1085701389", "osm_type": "way", "railway": null, "highway": "unclassified", "name": null, "surface": null, "ref": null, "tunnel": null, "bridge": null, "level": null, "sac_scale": null }, "geometry": { "type": "MultiLineString", "coordinates": [ [ [ 26.9881926, -18.6398449 ], [ 26.9884758, -18.6397903 ], [ 26.9887519, -18.6397568 ], [ 26.9889855, -18.6397031 ], [ 26.9891625, -18.6396629 ], [ 26.9892686, -18.6397501 ], [ 26.9893111, -18.6400318 ], [ 26.9892403, -18.6402263 ], [ 26.9891766, -18.6404208 ], [ 26.9890987, -18.6406086 ], [ 26.9890987, -18.6407628 ], [ 26.9892191, -18.641011 ], [ 26.9894173, -18.6414604 ], [ 26.9896579, -18.6420573 ], [ 26.9899128, -18.642728 ], [ 26.990682, -18.6444143 ], [ 26.9908402, -18.6447495 ], [ 26.9909326, -18.6448516 ], [ 26.9910281, -18.6449363 ], [ 26.9910897, -18.645021 ], [ 26.991099, -18.6451523 ], [ 26.9910589, -18.6452428 ], [ 26.9909819, -18.6453362 ], [ 26.9909449, -18.6454501 ], [ 26.9909018, -18.6455873 ], [ 26.9908679, -18.6457187 ], [ 26.990781, -18.6462042 ], [ 26.9906713, -18.6465766 ], [ 26.9905538, -18.6470495 ], [ 26.9904768, -18.647343 ], [ 26.9904315, -18.6476509 ], [ 26.9903971, -18.6479441 ], [ 26.9904057, -18.6482417 ], [ 26.9904119, -18.6485337 ], [ 26.9904211, -18.6487205 ], [ 26.9904643, -18.6490037 ], [ 26.9905321, -18.6493306 ], [ 26.9906214, -18.6495613 ], [ 26.9907876, -18.6501142 ], [ 26.9908525, -18.6505013 ], [ 26.9909098, -18.6507185 ], [ 26.9909027, -18.6508726 ], [ 26.9908449, -18.6510257 ], [ 26.9907576, -18.6512605 ], [ 26.9906396, -18.6514903 ], [ 26.9905219, -18.6516853 ], [ 26.9902887, -18.6520048 ], [ 26.9901027, -18.6522729 ], [ 26.9897878, -18.6527756 ], [ 26.989466, -18.6532441 ], [ 26.9892847, -18.6536557 ], [ 26.9891662, -18.654092 ], [ 26.9891223, -18.6544399 ], [ 26.9890979, -18.6547169 ], [ 26.9890761, -18.6550144 ], [ 26.9890013, -18.6552274 ], [ 26.9889241, -18.655492 ], [ 26.9888103, -18.6557586 ], [ 26.9886686, -18.6561265 ], [ 26.9884543, -18.6564899 ], [ 26.9883989, -18.6568671 ] ] ] } },
{ "type": "Feature", "properties": { "full_id": "w1085701390", "osm_id": "1085701390", "osm_type": "way", "railway": null, "highway": "unclassified", "name": null, "surface": null, "ref": null, "tunnel": null, "bridge": null, "level": null, "sac_scale": null }, "geometry": { "type": "MultiLineString", "coordinates": [ [ [ 26.9813217, -18.6576502 ], [ 26.9816175, -18.657658 ], [ 26.9820097, -18.657658 ], [ 26.9823647, -18.6575784 ], [ 26.9826916, -18.6574014 ], [ 26.9829531, -18.6571979 ], [ 26.9832333, -18.6570032 ], [ 26.9834014, -18.6568616 ], [ 26.983803, -18.6568085 ], [ 26.9840739, -18.6567466 ], [ 26.9844101, -18.6567289 ], [ 26.9847744, -18.6567112 ], [ 26.9850639, -18.6566935 ], [ 26.9853628, -18.6567466 ], [ 26.985615, -18.6569147 ], [ 26.9858391, -18.6569412 ], [ 26.9861754, -18.6569236 ], [ 26.9863715, -18.6567908 ], [ 26.9867078, -18.6566669 ], [ 26.9869693, -18.6566492 ], [ 26.9872215, -18.6567908 ], [ 26.9875297, -18.6567731 ], [ 26.9878472, -18.6567908 ], [ 26.9880527, -18.6568616 ], [ 26.9883989, -18.6568671 ] ] ] } },
{ "type": "Feature", "properties": { "full_id": "w1085701391", "osm_id": "1085701391", "osm_type": "way", "railway": null, "highway": "unclassified", "name": null, "surface": null, "ref": null, "tunnel": null, "bridge": null, "level": null, "sac_scale": null }, "geometry": { "type": "MultiLineString", "coordinates": [ [ [ 26.9883989, -18.6568671 ], [ 26.988774, -18.6568815 ], [ 26.9891968, -18.6569277 ], [ 26.9897822, -18.6569046 ], [ 26.9902457, -18.6567736 ], [ 26.9906604, -18.6566889 ], [ 26.9911401, -18.6566426 ], [ 26.9918312, -18.6565425 ], [ 26.9924437, -18.6563901 ], [ 26.9924817, -18.6563807 ], [ 26.9933517, -18.6561573 ], [ 26.993855, -18.6560892 ], [ 26.9939209, -18.6560803 ], [ 26.9943681, -18.6560418 ], [ 26.9948722, -18.6559493 ], [ 26.9955064, -18.6558184 ], [ 26.9960655, -18.6557182 ], [ 26.9965453, -18.6555487 ], [ 26.9971226, -18.6553022 ], [ 26.9975372, -18.6551327 ], [ 26.9979519, -18.6549864 ], [ 26.998269, -18.6549555 ], [ 26.9986268, -18.6550018 ], [ 26.9990333, -18.6549632 ], [ 26.9995049, -18.6549401 ], [ 26.9999115, -18.6547783 ], [ 27.0001717, -18.6546859 ], [ 27.0004481, -18.654632 ], [ 27.0007164, -18.654632 ], [ 27.0009441, -18.6547167 ], [ 27.0013344, -18.6547244 ], [ 27.0017247, -18.6547321 ], [ 27.0020176, -18.6547786 ] ] ] } },
{ "type": "Feature", "properties": { "full_id": "w1085750711", "osm_id": "1085750711", "osm_type": "way", "railway": null, "highway": "track", "name": null, "surface": null, "ref": null, "tunnel": null, "bridge": null, "level": null, "sac_scale": null }, "geometry": { "type": "MultiLineString", "coordinates": [ [ [ 27.0491687, -18.6142972 ], [ 27.0491353, -18.6142439 ], [ 27.0491575, -18.6141931 ] ] ] } },
{ "type": "Feature", "properties": { "full_id": "w1085750841", "osm_id": "1085750841", "osm_type": "way", "railway": null, "highway": "track", "name": null, "surface": null, "ref": null, "tunnel": null, "bridge": null, "level": null, "sac_scale": null }, "geometry": { "type": "MultiLineString", "coordinates": [ [ [ 27.0635982, -18.6161538 ], [ 27.0637122, -18.6162419 ], [ 27.0638463, -18.6163652 ], [ 27.0639683, -18.6164538 ], [ 27.0642082, -18.6165386 ], [ 27.0643017, -18.6165925 ], [ 27.0643748, -18.6166503 ], [ 27.0644846, -18.6166234 ], [ 27.0646106, -18.616581 ], [ 27.064879, -18.6166272 ], [ 27.0651026, -18.6166503 ], [ 27.0652814, -18.6166234 ], [ 27.0654847, -18.6166426 ], [ 27.0656555, -18.6166503 ], [ 27.0657408, -18.616712 ], [ 27.0659563, -18.6168584 ], [ 27.0661149, -18.616947 ], [ 27.0662246, -18.6170741 ], [ 27.0663466, -18.6172167 ], [ 27.0666596, -18.6172013 ], [ 27.0668466, -18.6172282 ], [ 27.0670296, -18.6172937 ], [ 27.0672085, -18.617417 ], [ 27.0676123, -18.6176752 ], [ 27.0678725, -18.6178293 ], [ 27.0680351, -18.6179025 ], [ 27.0681896, -18.6178524 ], [ 27.068397, -18.6177792 ], [ 27.0686084, -18.6177291 ], [ 27.0687507, -18.6177715 ], [ 27.068893, -18.6178948 ], [ 27.069084, -18.6180527 ], [ 27.0691735, -18.618149 ], [ 27.069333, -18.6182969 ] ] ] } },
{ "type": "Feature", "properties": { "full_id": "w1111498780", "osm_id": "1111498780", "osm_type": "way", "railway": null, "highway": "track", "name": null, "surface": null, "ref": null, "tunnel": null, "bridge": null, "level": null, "sac_scale": null }, "geometry": { "type": "MultiLineString", "coordinates": [ [ [ 27.0556712, -18.636479 ], [ 27.0552295, -18.6367299 ], [ 27.0549584, -18.6369868 ], [ 27.0547735, -18.6372437 ], [ 27.054564, -18.6374072 ], [ 27.0542435, -18.6376407 ], [ 27.0540094, -18.6378159 ], [ 27.0535041, -18.6381195 ], [ 27.0532206, -18.6383297 ], [ 27.0529249, -18.6384699 ], [ 27.0526414, -18.6385516 ], [ 27.0524689, -18.6387969 ], [ 27.0522594, -18.6390187 ], [ 27.0518034, -18.6390538 ], [ 27.0507804, -18.638937 ], [ 27.0496466, -18.6388319 ], [ 27.0486114, -18.6387385 ], [ 27.047724, -18.6386684 ], [ 27.0468983, -18.6385633 ], [ 27.0460726, -18.6385049 ], [ 27.0451976, -18.6384699 ], [ 27.0446179, -18.6385516 ], [ 27.0441003, -18.6386334 ], [ 27.043706, -18.638645 ], [ 27.0433979, -18.6386217 ], [ 27.0431637, -18.6386217 ], [ 27.0426707, -18.6387852 ], [ 27.0417834, -18.638972 ], [ 27.0401936, -18.6394275 ], [ 27.0393432, -18.6397311 ], [ 27.0383203, -18.6399763 ], [ 27.0372974, -18.6402799 ], [ 27.0366195, -18.6404668 ], [ 27.0359417, -18.6406186 ], [ 27.0351776, -18.6406886 ], [ 27.0343889, -18.640747 ], [ 27.0336124, -18.6408872 ], [ 27.032799, -18.6410974 ], [ 27.0320978, -18.6412899 ], [ 27.0313461, -18.6414885 ], [ 27.0307915, -18.641722 ], [ 27.0301753, -18.6419556 ], [ 27.029633, -18.6423059 ], [ 27.0291277, -18.6426679 ], [ 27.0288812, -18.6428547 ], [ 27.0286224, -18.6429131 ], [ 27.0284129, -18.6428781 ], [ 27.0282773, -18.6427496 ], [ 27.0280801, -18.6426912 ], [ 27.0277104, -18.6426912 ], [ 27.0274023, -18.6427613 ], [ 27.0272544, -18.6428898 ], [ 27.0271928, -18.6430649 ], [ 27.0270326, -18.6432401 ], [ 27.02686, -18.6432751 ], [ 27.0266752, -18.6432051 ], [ 27.026441, -18.6432518 ], [ 27.0261699, -18.6433685 ], [ 27.0259357, -18.643462 ], [ 27.02564, -18.6436021 ], [ 27.025529, -18.6437539 ], [ 27.0255044, -18.6438823 ] ] ] } },
{ "type": "Feature", "properties": { "full_id": "w1111498781", "osm_id": "1111498781", "osm_type": "way", "railway": null, "highway": "track", "name": null, "surface": null, "ref": null, "tunnel": null, "bridge": null, "level": null, "sac_scale": null }, "geometry": { "type": "MultiLineString", "coordinates": [ [ [ 27.0278314, -18.6456653 ], [ 27.0275064, -18.6452486 ], [ 27.0272262, -18.644753 ], [ 27.027181, -18.6443972 ], [ 27.0270947, -18.6442746 ], [ 27.0268975, -18.6441228 ], [ 27.0266572, -18.6440002 ], [ 27.0264847, -18.6440294 ], [ 27.0263244, -18.6440235 ], [ 27.0260964, -18.6439301 ], [ 27.0259177, -18.64386 ], [ 27.0257329, -18.6438484 ], [ 27.0255044, -18.6438823 ], [ 27.0253077, -18.6439535 ], [ 27.0251352, -18.6440702 ], [ 27.0248702, -18.6440936 ], [ 27.0246422, -18.6441053 ], [ 27.0243341, -18.644006 ], [ 27.0239767, -18.6439593 ], [ 27.0236747, -18.643971 ], [ 27.0235084, -18.6440118 ], [ 27.0233235, -18.6441111 ], [ 27.0231571, -18.6442279 ], [ 27.022923, -18.6443155 ], [ 27.0228799, -18.64433 ], [ 27.0228367, -18.6443447 ], [ 27.0226993, -18.6443833 ], [ 27.0226081, -18.6443858 ], [ 27.0224767, -18.6443604 ], [ 27.0223694, -18.6443146 ], [ 27.0222595, -18.6442943 ], [ 27.0221092, -18.6442791 ], [ 27.0218839, -18.6442638 ], [ 27.0217096, -18.6442816 ], [ 27.0215513, -18.6443019 ], [ 27.0214306, -18.644335 ], [ 27.0213555, -18.6444061 ], [ 27.0212456, -18.6445205 ], [ 27.0211195, -18.644645 ], [ 27.0210283, -18.6447365 ], [ 27.0209505, -18.6448407 ], [ 27.0209076, -18.6449043 ], [ 27.0208915, -18.6449754 ], [ 27.0208942, -18.6451203 ], [ 27.0209023, -18.645227 ], [ 27.0208781, -18.6453719 ], [ 27.0208325, -18.6455625 ], [ 27.0208137, -18.6457582 ], [ 27.0207858, -18.6459318 ], [ 27.020759, -18.6461021 ], [ 27.0207241, -18.6462571 ], [ 27.0206731, -18.646374 ], [ 27.0205712, -18.6465011 ], [ 27.0205336, -18.6465621 ], [ 27.0205149, -18.6466586 ], [ 27.0205444, -18.6467832 ], [ 27.0205953, -18.6469001 ], [ 27.0206356, -18.6470043 ], [ 27.0206597, -18.6470754 ], [ 27.0206597, -18.6471288 ], [ 27.0206222, -18.6472 ], [ 27.0205712, -18.6472559 ], [ 27.0204299, -18.6474091 ], [ 27.0203146, -18.6475005 ], [ 27.0201831, -18.6476073 ], [ 27.0200061, -18.6477064 ], [ 27.0198103, -18.6478208 ], [ 27.019652, -18.6479326 ], [ 27.0195206, -18.6480698 ], [ 27.0193463, -18.6481588 ], [ 27.0191505, -18.6482325 ], [ 27.0188501, -18.648324 ], [ 27.0186248, -18.6484104 ], [ 27.0183565, -18.6484968 ], [ 27.0180803, -18.6485832 ], [ 27.0176023, -18.6487263 ], [ 27.0173662, -18.648767 ], [ 27.0171329, -18.6488255 ], [ 27.0169022, -18.6489144 ] ] ] } },
{ "type": "Feature", "properties": { "full_id": "w1111498782", "osm_id": "1111498782", "osm_type": "way", "railway": null, "highway": "track", "name": null, "surface": null, "ref": null, "tunnel": null, "bridge": null, "level": null, "sac_scale": null }, "geometry": { "type": "MultiLineString", "coordinates": [ [ [ 27.0280861, -18.6455952 ], [ 27.0281232, -18.645749 ], [ 27.0282099, -18.6459318 ], [ 27.028302, -18.6462151 ], [ 27.028371, -18.646408 ], [ 27.0284644, -18.6466614 ], [ 27.0285263, -18.6468089 ], [ 27.028613, -18.6470051 ], [ 27.028698, -18.6472013 ], [ 27.0287556, -18.6473371 ], [ 27.0287935, -18.6473623 ], [ 27.0288555, -18.6473824 ], [ 27.0287086, -18.6474344 ], [ 27.0287369, -18.6473841 ], [ 27.0287556, -18.6473371 ] ] ] } },
{ "type": "Feature", "properties": { "full_id": "w1111498783", "osm_id": "1111498783", "osm_type": "way", "railway": null, "highway": "track", "name": null, "surface": null, "ref": null, "tunnel": null, "bridge": null, "level": null, "sac_scale": null }, "geometry": { "type": "MultiLineString", "coordinates": [ [ [ 27.0447998, -18.6430448 ], [ 27.0448944, -18.6429242 ], [ 27.0450001, -18.6427701 ], [ 27.0450245, -18.6426391 ], [ 27.0450652, -18.6424465 ], [ 27.0450814, -18.6422539 ], [ 27.0451302, -18.6420844 ], [ 27.0451627, -18.6419149 ], [ 27.0452196, -18.6417685 ], [ 27.0452928, -18.6415913 ], [ 27.0453741, -18.6412292 ], [ 27.0454392, -18.641052 ], [ 27.045488, -18.6407361 ], [ 27.0455449, -18.6402893 ], [ 27.0455367, -18.6400427 ], [ 27.0455774, -18.6399195 ], [ 27.045675, -18.6397962 ], [ 27.0457969, -18.639696 ], [ 27.0458864, -18.6395805 ], [ 27.0459596, -18.6394264 ], [ 27.0459596, -18.6392723 ], [ 27.0459026, -18.6391105 ], [ 27.0459026, -18.6389564 ], [ 27.045927, -18.6387942 ], [ 27.0459839, -18.6386247 ], [ 27.0460726, -18.6385049 ] ] ] } },
{ "type": "Feature", "properties": { "full_id": "w1111498784", "osm_id": "1111498784", "osm_type": "way", "railway": null, "highway": "track", "name": null, "surface": null, "ref": null, "tunnel": null, "bridge": null, "level": null, "sac_scale": null }, "geometry": { "type": "MultiLineString", "coordinates": [ [ [ 27.0285519, -18.6313543 ], [ 27.0284648, -18.6315069 ], [ 27.0283796, -18.6316661 ], [ 27.0282985, -18.6318223 ], [ 27.0280766, -18.6318923 ], [ 27.027861, -18.6319682 ], [ 27.0275898, -18.6321434 ], [ 27.0273926, -18.632266 ], [ 27.027334, -18.6323408 ], [ 27.0272324, -18.6324704 ], [ 27.027066, -18.6327857 ], [ 27.0269921, -18.6330426 ], [ 27.0268935, -18.6332412 ], [ 27.0267333, -18.6334047 ], [ 27.0265053, -18.6336149 ], [ 27.0263512, -18.6337608 ], [ 27.0262342, -18.6339594 ], [ 27.0260142, -18.6342956 ], [ 27.0258293, -18.6345526 ], [ 27.0256506, -18.6347161 ], [ 27.025324, -18.6349438 ], [ 27.0250591, -18.6351832 ], [ 27.024868, -18.6354518 ], [ 27.0247202, -18.6357963 ], [ 27.0246462, -18.6360707 ], [ 27.0246154, -18.6364269 ], [ 27.0245908, -18.6369582 ], [ 27.0244798, -18.6372911 ], [ 27.0243689, -18.6375772 ], [ 27.0242395, -18.6379427 ], [ 27.0240362, -18.638655 ], [ 27.0238944, -18.6392389 ], [ 27.0236788, -18.6401556 ], [ 27.0235432, -18.6410081 ], [ 27.0234569, -18.6415104 ], [ 27.023383, -18.6420884 ], [ 27.0233214, -18.6423103 ], [ 27.0231796, -18.6427541 ], [ 27.0230317, -18.6432504 ], [ 27.0229516, -18.6436649 ], [ 27.0228839, -18.6440678 ], [ 27.0228799, -18.64433 ], [ 27.0228716, -18.6445735 ], [ 27.0228903, -18.6450071 ], [ 27.0229076, -18.6453612 ], [ 27.0229642, -18.6460855 ], [ 27.0229925, -18.6466724 ], [ 27.022996, -18.6467819 ], [ 27.0229757, -18.6469379 ], [ 27.0229534, -18.6470766 ], [ 27.0229473, -18.6472133 ], [ 27.0229441, -18.6472528 ], [ 27.0229451, -18.6473096 ], [ 27.0229583, -18.6474107 ], [ 27.0229949, -18.6475243 ], [ 27.0230335, -18.6476187 ], [ 27.0231575, -18.6478847 ], [ 27.02325, -18.6480657 ], [ 27.0233201, -18.6482371 ], [ 27.0233303, -18.6483354 ], [ 27.0233343, -18.6484784 ], [ 27.0233927, -18.6486532 ], [ 27.0234931, -18.6489275 ], [ 27.0235398, -18.6490824 ], [ 27.0236145, -18.6492372 ], [ 27.0236939, -18.6494032 ], [ 27.023806, -18.6495901 ], [ 27.0239134, -18.6497029 ], [ 27.0239811, -18.6498091 ], [ 27.0240185, -18.6498799 ], [ 27.0240395, -18.6499817 ], [ 27.0240115, -18.6501056 ], [ 27.0239624, -18.6502096 ], [ 27.023869, -18.6503578 ], [ 27.0237056, -18.6505768 ], [ 27.0235468, -18.6507383 ], [ 27.0234161, -18.6508423 ], [ 27.0233209, -18.6509051 ], [ 27.0232853, -18.6509286 ], [ 27.0231872, -18.6510016 ], [ 27.0231499, -18.6510636 ], [ 27.0231102, -18.6512295 ], [ 27.0230705, -18.6513887 ], [ 27.0230401, -18.6515679 ], [ 27.0230378, -18.6517604 ], [ 27.0230331, -18.6519883 ], [ 27.0230658, -18.6521387 ], [ 27.0231102, -18.6523378 ], [ 27.0231475, -18.6525082 ], [ 27.0231452, -18.6526033 ], [ 27.0231218, -18.6527213 ], [ 27.0230635, -18.6528983 ], [ 27.0230004, -18.6529779 ], [ 27.0228487, -18.6530686 ], [ 27.0226595, -18.6531616 ], [ 27.0224797, -18.6532036 ], [ 27.0222976, -18.6532324 ], [ 27.0221341, -18.6532523 ], [ 27.0220431, -18.6532169 ], [ 27.0219333, -18.6531505 ], [ 27.0218446, -18.6530686 ], [ 27.0217419, -18.6528673 ], [ 27.0216648, -18.6525974 ], [ 27.0216601, -18.6524248 ], [ 27.0216905, -18.6522943 ], [ 27.0217489, -18.6521872 ], [ 27.0218586, -18.6520965 ], [ 27.0219614, -18.6520235 ], [ 27.0220384, -18.6519284 ], [ 27.0221131, -18.6518548 ], [ 27.0222351, -18.6518234 ] ] ] } },
{ "type": "Feature", "properties": { "full_id": "w1111498785", "osm_id": "1111498785", "osm_type": "way", "railway": null, "highway": "unclassified", "name": null, "surface": null, "ref": null, "tunnel": null, "bridge": null, "level": null, "sac_scale": null }, "geometry": { "type": "MultiLineString", "coordinates": [ [ [ 27.0211478, -18.6508919 ], [ 27.0212278, -18.6509182 ], [ 27.0212949, -18.6509436 ], [ 27.0213646, -18.6510072 ], [ 27.0214156, -18.651091 ], [ 27.0214746, -18.6511622 ], [ 27.0215175, -18.6512359 ], [ 27.0215443, -18.6513299 ], [ 27.0215953, -18.6514519 ], [ 27.0215953, -18.6515688 ], [ 27.0215667, -18.6516364 ], [ 27.0214406, -18.6517381 ], [ 27.0213262, -18.651862 ], [ 27.0212235, -18.6519948 ], [ 27.0212067, -18.6520501 ], [ 27.0212128, -18.6521931 ], [ 27.0212714, -18.6523128 ], [ 27.0213915, -18.6523361 ], [ 27.0215179, -18.652304 ], [ 27.0216257, -18.6522486 ], [ 27.0217489, -18.6521872 ] ] ] } },
{ "type": "Feature", "properties": { "full_id": "w1111498786", "osm_id": "1111498786", "osm_type": "way", "railway": null, "highway": "unclassified", "name": null, "surface": null, "ref": null, "tunnel": null, "bridge": null, "level": null, "sac_scale": null }, "geometry": { "type": "MultiLineString", "coordinates": [ [ [ 27.022576, -18.652864 ], [ 27.0226574, -18.6527868 ], [ 27.0227176, -18.652646 ], [ 27.0227388, -18.6525219 ], [ 27.0226786, -18.6523073 ], [ 27.0225866, -18.652086 ], [ 27.0224805, -18.6519753 ], [ 27.0223844, -18.6518649 ], [ 27.0222351, -18.6518234 ] ] ] } },
{ "type": "Feature", "properties": { "full_id": "w1111498787", "osm_id": "1111498787", "osm_type": "way", "railway": null, "highway": "unclassified", "name": null, "surface": null, "ref": null, "tunnel": null, "bridge": null, "level": null, "sac_scale": null }, "geometry": { "type": "MultiLineString", "coordinates": [ [ [ 27.0222622, -18.650787 ], [ 27.0223015, -18.6507547 ], [ 27.0223281, -18.6507094 ], [ 27.0223175, -18.650644 ], [ 27.0222785, -18.6505971 ], [ 27.0222272, -18.6505686 ], [ 27.0221316, -18.6505753 ] ] ] } },
{ "type": "Feature", "properties": { "full_id": "w1111498788", "osm_id": "1111498788", "osm_type": "way", "railway": null, "highway": "unclassified", "name": null, "surface": null, "ref": null, "tunnel": null, "bridge": null, "level": null, "sac_scale": null }, "geometry": { "type": "MultiLineString", "coordinates": [ [ [ 27.0231499, -18.6510636 ], [ 27.0231336, -18.6510185 ], [ 27.0231125, -18.6509853 ], [ 27.0230682, -18.6509344 ], [ 27.0230191, -18.65091 ], [ 27.0231546, -18.6509233 ], [ 27.0232316, -18.6509189 ], [ 27.0233209, -18.6509051 ] ] ] } },
{ "type": "Feature", "properties": { "full_id": "w1111498789", "osm_id": "1111498789", "osm_type": "way", "railway": null, "highway": "unclassified", "name": null, "surface": null, "ref": null, "tunnel": null, "bridge": null, "level": null, "sac_scale": null }, "geometry": { "type": "MultiLineString", "coordinates": [ [ [ 27.0230191, -18.65091 ], [ 27.0229398, -18.6508569 ], [ 27.0228977, -18.6508238 ], [ 27.0227926, -18.6507862 ], [ 27.0226596, -18.6507662 ], [ 27.0224938, -18.650753 ], [ 27.0223677, -18.6507618 ], [ 27.0222622, -18.650787 ] ] ] } },
{ "type": "Feature", "properties": { "full_id": "w1111498790", "osm_id": "1111498790", "osm_type": "way", "railway": null, "highway": "unclassified", "name": null, "surface": null, "ref": null, "tunnel": null, "bridge": null, "level": null, "sac_scale": null }, "geometry": { "type": "MultiLineString", "coordinates": [ [ [ 27.0221193, -18.6508016 ], [ 27.0220174, -18.650795 ], [ 27.021812, -18.6507729 ], [ 27.0217256, -18.6507795 ], [ 27.0215855, -18.6508105 ], [ 27.0214757, -18.6508503 ], [ 27.0213566, -18.650868 ], [ 27.0213332, -18.6508713 ], [ 27.0211978, -18.6508901 ], [ 27.0211478, -18.6508919 ], [ 27.0210297, -18.6508923 ], [ 27.0209036, -18.6508592 ], [ 27.0207705, -18.6508216 ], [ 27.0206678, -18.6507994 ], [ 27.0205978, -18.6508016 ], [ 27.0204731, -18.6508193 ], [ 27.0203867, -18.6508569 ], [ 27.0202747, -18.6509078 ], [ 27.0201112, -18.6509587 ], [ 27.0199898, -18.6509897 ], [ 27.0198777, -18.6510162 ], [ 27.0197563, -18.6510118 ], [ 27.0196185, -18.6510008 ], [ 27.0195275, -18.6510162 ], [ 27.0194084, -18.6510649 ], [ 27.0193196, -18.6510715 ], [ 27.0191702, -18.6510561 ], [ 27.0190231, -18.6510295 ], [ 27.018841, -18.6509831 ], [ 27.0186565, -18.6509388 ], [ 27.0184861, -18.6509123 ], [ 27.0182863, -18.6508906 ], [ 27.0180969, -18.6508503 ], [ 27.0179848, -18.6508149 ], [ 27.0178821, -18.6508238 ], [ 27.0177233, -18.6508569 ], [ 27.0175645, -18.6508835 ], [ 27.0174291, -18.6508879 ], [ 27.01731, -18.6508503 ], [ 27.0172306, -18.6507817 ], [ 27.0171512, -18.6506711 ], [ 27.0171092, -18.6505804 ], [ 27.0170391, -18.6505074 ], [ 27.0169481, -18.6504277 ], [ 27.016857, -18.6503658 ], [ 27.0167636, -18.6502862 ], [ 27.0167075, -18.6502087 ], [ 27.0166422, -18.6501446 ], [ 27.0165534, -18.6500561 ], [ 27.0164811, -18.6499875 ], [ 27.0163543, -18.6498779 ], [ 27.0162679, -18.6498115 ], [ 27.0161721, -18.6497518 ], [ 27.0160671, -18.6497186 ], [ 27.015927, -18.6496854 ], [ 27.0158102, -18.649639 ], [ 27.0157075, -18.6495792 ], [ 27.0156398, -18.6495306 ], [ 27.0155837, -18.6494686 ], [ 27.0155207, -18.6494222 ] ] ] } },
{ "type": "Feature", "properties": { "full_id": "w1111498791", "osm_id": "1111498791", "osm_type": "way", "railway": null, "highway": "unclassified", "name": null, "surface": null, "ref": null, "tunnel": null, "bridge": null, "level": null, "sac_scale": null }, "geometry": { "type": "MultiLineString", "coordinates": [ [ [ 27.0155157, -18.6492528 ], [ 27.0154969, -18.6492696 ], [ 27.0154853, -18.6492893 ], [ 27.0154814, -18.6493163 ], [ 27.0154838, -18.6493455 ], [ 27.0154922, -18.6493812 ], [ 27.0155207, -18.6494222 ], [ 27.0154945, -18.6494053 ], [ 27.0154699, -18.6493878 ], [ 27.0154306, -18.6493718 ], [ 27.0153913, -18.6493659 ], [ 27.0153328, -18.6493586 ], [ 27.0152889, -18.6493645 ], [ 27.0152429, -18.6493737 ] ] ] } },
{ "type": "Feature", "properties": { "full_id": "w1111498792", "osm_id": "1111498792", "osm_type": "way", "railway": null, "highway": "unclassified", "name": null, "surface": null, "ref": null, "tunnel": null, "bridge": null, "level": null, "sac_scale": null }, "geometry": { "type": "MultiLineString", "coordinates": [ [ [ 27.0212949, -18.6509436 ], [ 27.0212912, -18.6509288 ], [ 27.0212936, -18.6509056 ], [ 27.021307, -18.6508895 ], [ 27.0213332, -18.6508713 ] ] ] } },
{ "type": "Feature", "properties": { "full_id": "w1111498793", "osm_id": "1111498793", "osm_type": "way", "railway": null, "highway": "track", "name": null, "surface": null, "ref": null, "tunnel": null, "bridge": null, "level": null, "sac_scale": null }, "geometry": { "type": "MultiLineString", "coordinates": [ [ [ 27.0161783, -18.6490163 ], [ 27.0161271, -18.6488242 ], [ 27.0161148, -18.6484563 ], [ 27.0162011, -18.6482812 ], [ 27.0163674, -18.6480885 ], [ 27.0165708, -18.6479717 ], [ 27.0167248, -18.6479309 ], [ 27.016959, -18.6479367 ], [ 27.0171254, -18.647925 ], [ 27.0173411, -18.6478783 ], [ 27.0175567, -18.6478024 ], [ 27.0177601, -18.647744 ], [ 27.0178956, -18.6476214 ], [ 27.0180559, -18.6475047 ], [ 27.0182469, -18.6474229 ], [ 27.0185796, -18.647312 ], [ 27.0188323, -18.6472244 ], [ 27.0190973, -18.6471076 ], [ 27.0192944, -18.6469792 ], [ 27.0194054, -18.6468449 ], [ 27.019467, -18.6466448 ], [ 27.0195594, -18.6465689 ], [ 27.0197812, -18.6465105 ], [ 27.020114, -18.6464989 ], [ 27.0203728, -18.6464872 ], [ 27.0205336, -18.6465621 ] ] ] } },
{ "type": "Feature", "properties": { "full_id": "w1111498794", "osm_id": "1111498794", "osm_type": "way", "railway": null, "highway": "track", "name": null, "surface": null, "ref": null, "tunnel": null, "bridge": null, "level": null, "sac_scale": null }, "geometry": { "type": "MultiLineString", "coordinates": [ [ [ 27.0165708, -18.6479717 ], [ 27.0163569, -18.6479747 ], [ 27.0160241, -18.6479513 ], [ 27.015716, -18.6479513 ], [ 27.0154819, -18.6479397 ], [ 27.0152908, -18.6479338 ], [ 27.0150444, -18.6480039 ], [ 27.0149378, -18.6480485 ], [ 27.0147794, -18.6481148 ], [ 27.0145884, -18.6481674 ], [ 27.0143912, -18.6481907 ], [ 27.0141262, -18.6481265 ], [ 27.0139229, -18.6481031 ], [ 27.013738, -18.6480272 ], [ 27.0134977, -18.6478638 ], [ 27.0133066, -18.6476594 ], [ 27.0131464, -18.6474726 ], [ 27.0130478, -18.6473675 ], [ 27.0129246, -18.6473383 ], [ 27.0128198, -18.6473266 ], [ 27.0125918, -18.6473208 ], [ 27.0123947, -18.6473324 ], [ 27.0121667, -18.6473558 ], [ 27.011988, -18.6474492 ], [ 27.0117746, -18.6475718 ], [ 27.0114973, -18.6476944 ], [ 27.0111337, -18.6477762 ], [ 27.0106716, -18.6478287 ], [ 27.0103018, -18.647782 ], [ 27.0099937, -18.6476594 ], [ 27.0097226, -18.647531 ], [ 27.0095008, -18.6475018 ], [ 27.0092728, -18.6475193 ], [ 27.0089585, -18.6475543 ], [ 27.0087551, -18.6475952 ], [ 27.0085148, -18.6475485 ], [ 27.0083238, -18.6474259 ], [ 27.0080712, -18.6473441 ], [ 27.0078555, -18.6472857 ], [ 27.0076275, -18.6473149 ], [ 27.0074365, -18.64735 ], [ 27.0072023, -18.6475251 ], [ 27.0069805, -18.6476069 ], [ 27.006697, -18.6476185 ], [ 27.0061855, -18.6476652 ], [ 27.0057973, -18.6477937 ], [ 27.0054338, -18.6480156 ], [ 27.0051873, -18.648135 ], [ 27.0047066, -18.6483277 ], [ 27.0042814, -18.648532 ], [ 27.0038871, -18.6487948 ], [ 27.0035543, -18.6490692 ], [ 27.0031291, -18.649402 ], [ 27.0027717, -18.649618 ], [ 27.0026731, -18.6497932 ], [ 27.0026855, -18.6500034 ], [ 27.0027779, -18.6502135 ], [ 27.002895, -18.6503829 ], [ 27.0029566, -18.6505639 ], [ 27.0029381, -18.650774 ], [ 27.0028457, -18.6509609 ], [ 27.0026423, -18.6510952 ], [ 27.0025437, -18.6512178 ], [ 27.0024143, -18.6513871 ], [ 27.0023219, -18.6514922 ], [ 27.0021802, -18.651644 ], [ 27.0019953, -18.6517841 ], [ 27.0017426, -18.6518717 ], [ 27.0014037, -18.6518775 ], [ 27.0011018, -18.6519242 ], [ 27.0008861, -18.6520468 ], [ 27.0007382, -18.6521578 ], [ 27.0005102, -18.6522278 ], [ 27.0001097, -18.652257 ], [ 26.999857, -18.652292 ], [ 26.9996373, -18.652342 ], [ 26.999434, -18.6524529 ], [ 26.9991937, -18.6525989 ], [ 26.9989287, -18.6526222 ], [ 26.9986699, -18.652593 ], [ 26.9984481, -18.6526572 ], [ 26.9981646, -18.6528032 ], [ 26.9978688, -18.6527857 ], [ 26.9976162, -18.6527915 ], [ 26.9974251, -18.652774 ], [ 26.9971417, -18.6527623 ], [ 26.9969322, -18.6528382 ], [ 26.9966919, -18.6529608 ], [ 26.9964207, -18.6531068 ], [ 26.9961249, -18.6532528 ], [ 26.9956689, -18.6533987 ], [ 26.9952561, -18.6535097 ], [ 26.9948864, -18.6536206 ], [ 26.9946029, -18.6537374 ], [ 26.9943872, -18.6538424 ], [ 26.9942024, -18.6539709 ], [ 26.9939497, -18.654292 ], [ 26.9938018, -18.6546306 ], [ 26.9935985, -18.6549926 ], [ 26.9934921, -18.6552176 ], [ 26.9933627, -18.6555212 ], [ 26.9933812, -18.6557314 ], [ 26.9933938, -18.6558213 ], [ 26.9934058, -18.6559066 ], [ 26.9933997, -18.6560292 ], [ 26.9933517, -18.6561573 ] ] ] } },
{ "type": "Feature", "properties": { "full_id": "w1111498795", "osm_id": "1111498795", "osm_type": "way", "railway": null, "highway": "track", "name": null, "surface": null, "ref": null, "tunnel": null, "bridge": null, "level": null, "sac_scale": null }, "geometry": { "type": "MultiLineString", "coordinates": [ [ [ 26.9933938, -18.6558213 ], [ 26.9935599, -18.6559358 ], [ 26.993855, -18.6560892 ], [ 26.9940713, -18.6562218 ], [ 26.994324, -18.6564495 ], [ 26.9944965, -18.6566889 ], [ 26.9945335, -18.6568582 ], [ 26.9945643, -18.6570801 ], [ 26.994552, -18.6573253 ], [ 26.9945027, -18.6576756 ], [ 26.9944164, -18.6579558 ], [ 26.9944002, -18.6580083 ], [ 26.9943533, -18.6582514 ], [ 26.9943533, -18.6584242 ], [ 26.994364, -18.6587342 ], [ 26.994423, -18.6592526 ], [ 26.9944284, -18.6594356 ], [ 26.9943962, -18.6596237 ], [ 26.9943372, -18.6597812 ], [ 26.9943284, -18.6598325 ] ] ] } },
{ "type": "Feature", "properties": { "full_id": "w1111498796", "osm_id": "1111498796", "osm_type": "way", "railway": null, "highway": "track", "name": null, "surface": null, "ref": null, "tunnel": null, "bridge": null, "level": null, "sac_scale": null }, "geometry": { "type": "MultiLineString", "coordinates": [ [ [ 26.9943872, -18.6538424 ], [ 26.9946266, -18.6535905 ], [ 26.9948787, -18.6533339 ], [ 26.9950749, -18.6530507 ], [ 26.995271, -18.6526436 ], [ 26.9953271, -18.65221 ], [ 26.9952243, -18.6519445 ], [ 26.9949628, -18.6516525 ], [ 26.9946172, -18.6512454 ], [ 26.9943931, -18.6508914 ], [ 26.9942997, -18.6506082 ], [ 26.9941876, -18.6504489 ], [ 26.9939447, -18.650387 ], [ 26.9938233, -18.6501923 ], [ 26.9937766, -18.6499268 ], [ 26.9936832, -18.6495551 ], [ 26.9937112, -18.6493604 ], [ 26.9939261, -18.6490773 ], [ 26.9942343, -18.6489003 ], [ 26.994365, -18.6487991 ], [ 26.9945612, -18.6485867 ], [ 26.9946639, -18.6483389 ], [ 26.9946919, -18.6480115 ], [ 26.99472, -18.647569 ], [ 26.9947947, -18.6472946 ], [ 26.9949161, -18.6470114 ], [ 26.9949161, -18.6467371 ], [ 26.9948507, -18.6464451 ], [ 26.994748, -18.6460734 ], [ 26.9946079, -18.6456397 ], [ 26.9944584, -18.645268 ], [ 26.9944024, -18.6449406 ], [ 26.9944865, -18.644622 ], [ 26.9946546, -18.6442238 ], [ 26.9947013, -18.6439671 ], [ 26.9947895, -18.6437579 ], [ 26.9948156, -18.6436272 ] ] ] } },
{ "type": "Feature", "properties": { "full_id": "w1111498797", "osm_id": "1111498797", "osm_type": "way", "railway": null, "highway": "track", "name": null, "surface": null, "ref": null, "tunnel": null, "bridge": null, "level": null, "sac_scale": null }, "geometry": { "type": "MultiLineString", "coordinates": [ [ [ 26.991099, -18.6451523 ], [ 26.9913015, -18.6450291 ], [ 26.9917685, -18.6448432 ], [ 26.9922262, -18.644799 ], [ 26.9927025, -18.6446663 ], [ 26.9931882, -18.6445335 ], [ 26.9938327, -18.6444539 ], [ 26.9942997, -18.6443123 ], [ 26.9946546, -18.6442238 ], [ 26.9949348, -18.6441264 ], [ 26.9953084, -18.644091 ], [ 26.9957287, -18.6439229 ], [ 26.9960369, -18.6437105 ], [ 26.9963451, -18.6435866 ], [ 26.9969149, -18.6434273 ], [ 26.9975576, -18.6432456 ], [ 26.9983048, -18.6430686 ], [ 26.9987345, -18.6429535 ], [ 26.9992855, -18.6427854 ], [ 26.9998926, -18.6425287 ], [ 27.0003316, -18.6423517 ], [ 27.0006585, -18.6422898 ], [ 27.0010041, -18.6422721 ], [ 27.0013777, -18.6421305 ], [ 27.001798, -18.6420508 ], [ 27.0023117, -18.6418827 ], [ 27.002732, -18.6417765 ], [ 27.0031616, -18.6417234 ], [ 27.0037127, -18.6415198 ], [ 27.0045533, -18.6412366 ], [ 27.0050203, -18.6410065 ], [ 27.0055527, -18.6407676 ], [ 27.0059263, -18.6405552 ], [ 27.0062264, -18.640429 ], [ 27.0065253, -18.6403494 ], [ 27.0069363, -18.6402609 ], [ 27.0073753, -18.6401104 ], [ 27.0079076, -18.6398361 ], [ 27.0082906, -18.6395883 ], [ 27.0085988, -18.6393493 ], [ 27.0088977, -18.6391989 ], [ 27.0093273, -18.6390573 ], [ 27.009841, -18.6388714 ], [ 27.010719, -18.638544 ], [ 27.0115035, -18.638305 ], [ 27.0120733, -18.6380838 ], [ 27.0126337, -18.6378802 ], [ 27.0130913, -18.6376855 ], [ 27.0136237, -18.6374465 ], [ 27.0139786, -18.6373138 ], [ 27.0144363, -18.637181 ], [ 27.0149407, -18.637004 ], [ 27.0152769, -18.6368624 ], [ 27.0165199, -18.6363671 ], [ 27.0178088, -18.6359069 ], [ 27.0187989, -18.6355705 ], [ 27.0196862, -18.6352431 ], [ 27.020452, -18.634951 ], [ 27.0209284, -18.6346767 ], [ 27.0216662, -18.6344112 ], [ 27.0222266, -18.6342341 ], [ 27.0226469, -18.6339863 ], [ 27.023198, -18.6337916 ], [ 27.0237024, -18.6335881 ], [ 27.0243842, -18.6333226 ], [ 27.0249819, -18.6331013 ], [ 27.025589, -18.63288 ], [ 27.026041, -18.6326942 ], [ 27.026564, -18.6324906 ], [ 27.0267882, -18.6323933 ], [ 27.0270964, -18.6323756 ], [ 27.027334, -18.6323408 ] ] ] } },
{ "type": "Feature", "properties": { "full_id": "w1111498798", "osm_id": "1111498798", "osm_type": "way", "railway": null, "highway": "track", "name": null, "surface": null, "ref": null, "tunnel": null, "bridge": null, "level": null, "sac_scale": null }, "geometry": { "type": "MultiLineString", "coordinates": [ [ [ 27.0143912, -18.6481907 ], [ 27.014509, -18.6482322 ], [ 27.0146485, -18.6482831 ], [ 27.0148148, -18.6483542 ], [ 27.014788, -18.648278 ], [ 27.0147826, -18.6481916 ], [ 27.0148416, -18.6481357 ], [ 27.0149378, -18.6480485 ] ] ] } },
{ "type": "Feature", "properties": { "full_id": "w1111498799", "osm_id": "1111498799", "osm_type": "way", "railway": null, "highway": "track", "name": null, "surface": null, "ref": null, "tunnel": null, "bridge": null, "level": null, "sac_scale": null }, "geometry": { "type": "MultiLineString", "coordinates": [ [ [ 27.0148148, -18.6483542 ], [ 27.0149114, -18.6484101 ], [ 27.0149918, -18.6485524 ], [ 27.015024, -18.6486795 ], [ 27.0151259, -18.6488676 ], [ 27.0152225, -18.649015 ], [ 27.0153137, -18.6491522 ], [ 27.0153834, -18.6492386 ], [ 27.0154105, -18.6492954 ] ] ] } },
{ "type": "Feature", "properties": { "full_id": "w1111498800", "osm_id": "1111498800", "osm_type": "way", "railway": null, "highway": "track", "name": null, "surface": null, "ref": null, "tunnel": null, "bridge": null, "level": null, "sac_scale": null }, "geometry": { "type": "MultiLineString", "coordinates": [ [ [ 26.9976162, -18.6527915 ], [ 26.9977579, -18.6529333 ], [ 26.9979727, -18.6532608 ], [ 26.9981315, -18.6534732 ], [ 26.9982436, -18.6537386 ], [ 26.9982436, -18.6539333 ], [ 26.9982249, -18.6542607 ], [ 26.9982249, -18.6544908 ], [ 26.9982623, -18.6546944 ], [ 26.998269, -18.6549555 ] ] ] } },
{ "type": "Feature", "properties": { "full_id": "w1111498801", "osm_id": "1111498801", "osm_type": "way", "railway": null, "highway": "track", "name": null, "surface": null, "ref": null, "tunnel": null, "bridge": null, "level": null, "sac_scale": null }, "geometry": { "type": "MultiLineString", "coordinates": [ [ [ 26.9966283, -18.6572455 ], [ 26.9966283, -18.6571489 ], [ 26.9965917, -18.6570641 ], [ 26.9965063, -18.6569678 ], [ 26.9963315, -18.65686 ], [ 26.9961242, -18.6568061 ], [ 26.9958315, -18.6567945 ], [ 26.9955022, -18.6568099 ], [ 26.995181, -18.6568523 ], [ 26.9947785, -18.6568407 ], [ 26.9945335, -18.6568582 ], [ 26.9942338, -18.6568947 ], [ 26.9940549, -18.6568792 ], [ 26.9939207, -18.6568561 ], [ 26.9937825, -18.6568831 ], [ 26.9935955, -18.6569563 ], [ 26.9934125, -18.656991 ], [ 26.993254, -18.6569486 ], [ 26.9930792, -18.6569139 ], [ 26.9928219, -18.6568908 ], [ 26.9926227, -18.6568792 ], [ 26.9924113, -18.656887 ], [ 26.9922568, -18.6569332 ], [ 26.9920892, -18.6570692 ], [ 26.9918218, -18.6572221 ], [ 26.991647, -18.6572914 ], [ 26.9913909, -18.6574069 ], [ 26.9911835, -18.6574686 ], [ 26.9910534, -18.6575225 ], [ 26.9908746, -18.6575726 ], [ 26.9907282, -18.6575687 ], [ 26.9905574, -18.6575495 ], [ 26.9904761, -18.6575957 ], [ 26.9903786, -18.6577035 ], [ 26.9902037, -18.6578576 ], [ 26.9900297, -18.6579806 ], [ 26.9898508, -18.6581038 ], [ 26.9897858, -18.658177 ], [ 26.9897004, -18.6583465 ], [ 26.9897004, -18.6585005 ], [ 26.9897533, -18.6587124 ], [ 26.9898142, -18.6588819 ], [ 26.9899037, -18.6590167 ], [ 26.9899362, -18.6591361 ], [ 26.9898915, -18.6592478 ], [ 26.9897861, -18.6593577 ] ] ] } },
{ "type": "Feature", "properties": { "full_id": "w1111498802", "osm_id": "1111498802", "osm_type": "way", "railway": null, "highway": "unclassified", "name": null, "surface": null, "ref": null, "tunnel": null, "bridge": null, "level": null, "sac_scale": null }, "geometry": { "type": "MultiLineString", "coordinates": [ [ [ 26.98868, -18.6594951 ], [ 26.9886444, -18.6592768 ], [ 26.9886769, -18.6590149 ], [ 26.9886932, -18.6587761 ], [ 26.9886363, -18.6585758 ], [ 26.9886444, -18.6583909 ], [ 26.988685, -18.6581752 ], [ 26.9887582, -18.6579672 ], [ 26.9887582, -18.6577284 ], [ 26.9887257, -18.6574202 ], [ 26.9886688, -18.6572199 ], [ 26.9885224, -18.6570196 ], [ 26.9883989, -18.6568671 ] ] ] } },
{ "type": "Feature", "properties": { "full_id": "w1111498803", "osm_id": "1111498803", "osm_type": "way", "railway": null, "highway": "track", "name": null, "surface": null, "ref": null, "tunnel": null, "bridge": null, "level": null, "sac_scale": null }, "geometry": { "type": "MultiLineString", "coordinates": [ [ [ 26.9922568, -18.6569332 ], [ 26.9923779, -18.6567906 ], [ 26.9924262, -18.6566534 ], [ 26.9924584, -18.6564907 ], [ 26.9924437, -18.6563901 ], [ 26.9924208, -18.6562061 ], [ 26.9923618, -18.6558707 ], [ 26.9922975, -18.6556267 ], [ 26.9921955, -18.6554386 ], [ 26.9921204, -18.6553421 ], [ 26.9920239, -18.6553065 ], [ 26.9918576, -18.6552912 ], [ 26.9916645, -18.6553065 ], [ 26.9914231, -18.6553522 ], [ 26.9911763, -18.6554386 ], [ 26.9908437, -18.6555352 ], [ 26.9905487, -18.6555962 ], [ 26.9902912, -18.6556318 ], [ 26.990098, -18.6556013 ], [ 26.9898803, -18.6555482 ], [ 26.9897971, -18.6555063 ], [ 26.9896644, -18.6554007 ], [ 26.9895352, -18.6553001 ], [ 26.9893593, -18.6551675 ], [ 26.9892638, -18.6551164 ], [ 26.9890761, -18.6550144 ] ] ] } },
{ "type": "Feature", "properties": { "full_id": "w1111498804", "osm_id": "1111498804", "osm_type": "way", "railway": null, "highway": "track", "name": null, "surface": null, "ref": null, "tunnel": null, "bridge": null, "level": null, "sac_scale": null }, "geometry": { "type": "MultiLineString", "coordinates": [ [ [ 26.9886806, -18.660673 ], [ 26.9888266, -18.6606581 ], [ 26.9889339, -18.6606606 ], [ 26.9891592, -18.6606911 ], [ 26.9893523, -18.6607081 ], [ 26.9896075, -18.6607274 ], [ 26.9901879, -18.6607422 ], [ 26.9904093, -18.6607297 ], [ 26.9907778, -18.6606493 ], [ 26.9910913, -18.6605943 ], [ 26.9913827, -18.6605711 ], [ 26.9916012, -18.6605381 ], [ 26.9917765, -18.66049 ], [ 26.9919202, -18.6604359 ], [ 26.992121, -18.6603607 ], [ 26.9924881, -18.6602394 ], [ 26.992939, -18.6601269 ], [ 26.9932224, -18.6600567 ], [ 26.9933228, -18.6600332 ], [ 26.9934017, -18.6600156 ], [ 26.9935046, -18.6599935 ], [ 26.9936042, -18.659977 ], [ 26.9938698, -18.6599211 ], [ 26.9941797, -18.6598602 ], [ 26.9943284, -18.6598325 ], [ 26.9944739, -18.6598024 ], [ 26.9948192, -18.6597529 ], [ 26.9952097, -18.6596975 ], [ 26.9955825, -18.6596315 ], [ 26.9960224, -18.6595451 ], [ 26.9962933, -18.6594739 ], [ 26.9965401, -18.659385 ], [ 26.996811, -18.6592554 ], [ 26.9970256, -18.659174 ], [ 26.997251, -18.6591297 ], [ 26.9975005, -18.6590484 ], [ 26.997943, -18.6588324 ], [ 26.9985975, -18.658502 ], [ 26.9991071, -18.6582352 ], [ 26.999319, -18.6580802 ], [ 26.9993867, -18.6580466 ], [ 26.9995497, -18.6579658 ], [ 26.999783, -18.657882 ], [ 27.0000969, -18.6577524 ], [ 27.0004187, -18.6575592 ], [ 27.0006574, -18.6574347 ], [ 27.0009222, -18.6573014 ], [ 27.0011582, -18.6572048 ], [ 27.001515, -18.6570447 ], [ 27.0017805, -18.6569405 ], [ 27.0020782, -18.6568491 ], [ 27.0023706, -18.6567855 ], [ 27.0027542, -18.6567322 ], [ 27.0031914, -18.6566788 ], [ 27.0036017, -18.6566127 ], [ 27.0038914, -18.6565746 ], [ 27.0042731, -18.6564882 ], [ 27.0047881, -18.6563637 ], [ 27.0052789, -18.6562773 ], [ 27.005692, -18.6561858 ], [ 27.0063089, -18.6560867 ], [ 27.006722, -18.6560282 ], [ 27.0069446, -18.6559774 ], [ 27.0072557, -18.6558503 ], [ 27.0075105, -18.6557436 ], [ 27.0078986, -18.6556085 ], [ 27.0081158, -18.6555221 ], [ 27.0083733, -18.6554103 ], [ 27.0086174, -18.655301 ], [ 27.0088668, -18.655179 ], [ 27.0090385, -18.6551028 ], [ 27.0092128, -18.6550443 ], [ 27.0094569, -18.6549834 ], [ 27.009634, -18.6549274 ], [ 27.00987, -18.654841 ], [ 27.0101409, -18.654714 ], [ 27.010385, -18.6545996 ], [ 27.0106317, -18.6544878 ], [ 27.011108, -18.654331 ], [ 27.0114164, -18.6542319 ], [ 27.0120307, -18.6540769 ], [ 27.0124964, -18.6539747 ], [ 27.0125751, -18.6539574 ], [ 27.0130901, -18.6538278 ], [ 27.0134415, -18.6537363 ], [ 27.0137929, -18.6536499 ], [ 27.0140784, -18.6535794 ], [ 27.0141884, -18.6534879 ], [ 27.0142957, -18.6534091 ], [ 27.0144137, -18.6533812 ], [ 27.0146015, -18.6533532 ], [ 27.0147382, -18.6533329 ], [ 27.0149636, -18.6532668 ], [ 27.0152023, -18.6531423 ], [ 27.0153471, -18.6530483 ], [ 27.0155858, -18.6529161 ], [ 27.0158245, -18.6527941 ], [ 27.0160203, -18.6526874 ], [ 27.0162376, -18.6525527 ], [ 27.0164414, -18.6524231 ], [ 27.0166775, -18.6522579 ], [ 27.0168143, -18.6521105 ], [ 27.0169863, -18.6518862 ], [ 27.0171902, -18.651599 ], [ 27.0173538, -18.6513779 ], [ 27.0175201, -18.6511771 ], [ 27.0176783, -18.6510348 ], [ 27.0178044, -18.6509281 ], [ 27.0179848, -18.6508149 ] ] ] } },
{ "type": "Feature", "properties": { "full_id": "w1111498805", "osm_id": "1111498805", "osm_type": "way", "railway": null, "highway": "track", "name": null, "surface": null, "ref": null, "tunnel": null, "bridge": null, "level": null, "sac_scale": null }, "geometry": { "type": "MultiLineString", "coordinates": [ [ [ 26.9886043, -18.6635967 ], [ 26.9887813, -18.6636117 ], [ 26.9890008, -18.6636117 ], [ 26.9892041, -18.6635655 ], [ 26.9894318, -18.6634731 ], [ 26.9896513, -18.6633883 ], [ 26.9899034, -18.6632343 ], [ 26.990131, -18.663111 ], [ 26.9903424, -18.6629954 ], [ 26.9906189, -18.6628722 ], [ 26.990871, -18.6628029 ], [ 26.9911799, -18.6627721 ], [ 26.9915133, -18.6627643 ], [ 26.9919036, -18.6627489 ], [ 26.9921475, -18.6627489 ], [ 26.9923996, -18.6627952 ], [ 26.9927709, -18.6628848 ], [ 26.9931733, -18.6629255 ], [ 26.993522, -18.662895 ], [ 26.9938088, -18.6628406 ], [ 26.9938706, -18.6628289 ], [ 26.9940959, -18.6627832 ], [ 26.9943373, -18.6627425 ], [ 26.9946378, -18.6627629 ], [ 26.9949435, -18.662834 ], [ 26.9952868, -18.6628493 ], [ 26.9956838, -18.6627679 ], [ 26.9959842, -18.662707 ], [ 26.9963973, -18.6626561 ], [ 26.9966817, -18.6626307 ], [ 26.9968426, -18.6626307 ], [ 26.9969606, -18.6626765 ], [ 26.9970733, -18.6628289 ], [ 26.9971001, -18.662956 ], [ 26.9971215, -18.6630729 ], [ 26.9972503, -18.663139 ], [ 26.9974488, -18.6631491 ], [ 26.997599, -18.663078 ], [ 26.9977277, -18.6629662 ], [ 26.9978779, -18.6628493 ], [ 26.9980871, -18.6627883 ], [ 26.998232, -18.6627781 ], [ 26.9984573, -18.6628289 ], [ 26.9986611, -18.6628899 ], [ 26.9989401, -18.6630017 ], [ 26.9991547, -18.6630627 ], [ 26.9993531, -18.6630424 ], [ 26.9995677, -18.6629814 ], [ 26.9998038, -18.6629204 ], [ 27.0000452, -18.6627984 ], [ 27.0002168, -18.6627019 ], [ 27.0004421, -18.6626409 ], [ 27.000705, -18.6625647 ], [ 27.0009625, -18.6624935 ], [ 27.0013004, -18.6623817 ], [ 27.0016116, -18.6623004 ], [ 27.0018583, -18.6621886 ], [ 27.0020461, -18.6620971 ], [ 27.0022177, -18.6620107 ], [ 27.0024109, -18.6619751 ], [ 27.0026646, -18.6619141 ], [ 27.0029168, -18.6618887 ], [ 27.0031796, -18.6619344 ], [ 27.0034639, -18.6619903 ], [ 27.0037483, -18.6620666 ], [ 27.0039628, -18.6620869 ], [ 27.0041989, -18.6620463 ], [ 27.0044778, -18.6620107 ], [ 27.0047353, -18.6619802 ], [ 27.0049231, -18.6619294 ], [ 27.0050733, -18.661848 ], [ 27.0052235, -18.6617972 ], [ 27.0053951, -18.6617667 ], [ 27.0056419, -18.6617769 ], [ 27.0058243, -18.6618633 ], [ 27.0059477, -18.6619599 ], [ 27.006012, -18.6620361 ], [ 27.0061247, -18.6620971 ], [ 27.0063285, -18.6621276 ], [ 27.0064841, -18.6620717 ], [ 27.0066397, -18.6619802 ], [ 27.0068596, -18.6618735 ], [ 27.0071922, -18.6616651 ], [ 27.0075087, -18.6613957 ], [ 27.0077984, -18.6611619 ], [ 27.0079057, -18.6610247 ], [ 27.0079701, -18.6608366 ], [ 27.0079514, -18.660635 ], [ 27.0079351, -18.6603731 ], [ 27.0079351, -18.6601189 ], [ 27.0079351, -18.6597876 ], [ 27.0079351, -18.6595026 ], [ 27.0079107, -18.6592638 ], [ 27.0078701, -18.6589248 ], [ 27.0078376, -18.6586475 ], [ 27.0077563, -18.6584087 ], [ 27.0076831, -18.6581544 ], [ 27.007618, -18.6579079 ], [ 27.0075936, -18.6576229 ], [ 27.0075661, -18.6573501 ], [ 27.0075254, -18.6572345 ], [ 27.0074929, -18.6571498 ] ] ] } },
{ "type": "Feature", "properties": { "full_id": "w1111498806", "osm_id": "1111498806", "osm_type": "way", "railway": null, "highway": "track", "name": null, "surface": null, "ref": null, "tunnel": null, "bridge": null, "level": null, "sac_scale": null }, "geometry": { "type": "MultiLineString", "coordinates": [ [ [ 26.9938088, -18.6628406 ], [ 26.9938209, -18.6627737 ], [ 26.9938302, -18.6626498 ], [ 26.9938162, -18.6625148 ], [ 26.9937975, -18.6623777 ], [ 26.9937461, -18.6621741 ], [ 26.9937088, -18.6620635 ], [ 26.9936177, -18.6619596 ], [ 26.993557, -18.6619043 ], [ 26.9935243, -18.6618357 ], [ 26.9935243, -18.6617627 ], [ 26.9935733, -18.6616653 ], [ 26.9936154, -18.6615724 ], [ 26.9936247, -18.6614906 ], [ 26.9936014, -18.6613977 ], [ 26.9935733, -18.6612143 ], [ 26.993543, -18.6611103 ], [ 26.9934963, -18.6609975 ], [ 26.9934356, -18.6608647 ], [ 26.9933772, -18.6607541 ], [ 26.9933258, -18.660617 ], [ 26.9932885, -18.6604422 ], [ 26.9932768, -18.6603382 ], [ 26.9932931, -18.6602342 ], [ 26.9933282, -18.6601469 ], [ 26.9933539, -18.6601071 ] ] ] } },
{ "type": "Feature", "properties": { "full_id": "w1111498807", "osm_id": "1111498807", "osm_type": "way", "railway": null, "highway": "track", "name": null, "surface": null, "ref": null, "tunnel": null, "bridge": null, "level": null, "sac_scale": null }, "geometry": { "type": "MultiLineString", "coordinates": [ [ [ 26.9932224, -18.6600567 ], [ 26.9932791, -18.6600828 ], [ 26.9933539, -18.6601071 ], [ 26.9934122, -18.6601403 ], [ 26.9935243, -18.6601956 ], [ 26.9936294, -18.6602553 ], [ 26.9937695, -18.6602996 ], [ 26.9939516, -18.6603527 ], [ 26.9941361, -18.6603991 ], [ 26.9943696, -18.6604456 ], [ 26.9946381, -18.6605053 ], [ 26.9948716, -18.6605429 ], [ 26.9950654, -18.6605695 ], [ 26.9952942, -18.6605938 ], [ 26.9954781, -18.6605938 ], [ 26.9955925, -18.6605805 ], [ 26.9956859, -18.6605429 ], [ 26.995903, -18.6604478 ], [ 26.9961949, -18.6603151 ], [ 26.9966082, -18.660116 ], [ 26.9969701, -18.6599501 ], [ 26.9973297, -18.6597996 ], [ 26.9973841, -18.6597748 ], [ 26.9975095, -18.6597178 ], [ 26.9977844, -18.6595974 ], [ 26.9981884, -18.6594094 ], [ 26.9984919, -18.6592612 ], [ 26.9987721, -18.6590975 ], [ 26.9989823, -18.6589824 ], [ 26.9992158, -18.6588762 ], [ 26.9993769, -18.6587745 ], [ 26.9995824, -18.6586727 ], [ 26.9997715, -18.658624 ], [ 26.999977, -18.6585798 ], [ 27.0000634, -18.6584869 ], [ 27.0001405, -18.6583785 ], [ 27.0001846, -18.6583197 ] ] ] } },
{ "type": "Feature", "properties": { "full_id": "w1111498808", "osm_id": "1111498808", "osm_type": "way", "railway": null, "highway": "unclassified", "name": null, "surface": null, "ref": null, "tunnel": null, "bridge": null, "level": null, "sac_scale": null }, "geometry": { "type": "MultiLineString", "coordinates": [ [ [ 27.0221316, -18.6505753 ], [ 27.0220679, -18.6506256 ], [ 27.0220467, -18.6506742 ], [ 27.0220662, -18.650758 ], [ 27.0221193, -18.6508016 ] ] ] } },
{ "type": "Feature", "properties": { "full_id": "w1111498809", "osm_id": "1111498809", "osm_type": "way", "railway": null, "highway": "unclassified", "name": null, "surface": null, "ref": null, "tunnel": null, "bridge": null, "level": null, "sac_scale": null }, "geometry": { "type": "MultiLineString", "coordinates": [ [ [ 27.0221193, -18.6508016 ], [ 27.0221936, -18.6508033 ], [ 27.0222622, -18.650787 ] ] ] } },
{ "type": "Feature", "properties": { "full_id": "w1111501090", "osm_id": "1111501090", "osm_type": "way", "railway": null, "highway": "track", "name": null, "surface": null, "ref": null, "tunnel": null, "bridge": null, "level": null, "sac_scale": null }, "geometry": { "type": "MultiLineString", "coordinates": [ [ [ 26.997599, -18.663078 ], [ 26.9976621, -18.6629707 ], [ 26.9977647, -18.6627863 ], [ 26.9978214, -18.6625482 ], [ 26.9978638, -18.6622296 ], [ 26.9979063, -18.661901 ], [ 26.9979134, -18.6616093 ], [ 26.9978922, -18.6613511 ], [ 26.9977683, -18.6609153 ], [ 26.9976798, -18.6606336 ], [ 26.9975453, -18.6602514 ], [ 26.9974604, -18.66001 ], [ 26.9973841, -18.6597748 ] ] ] } },
{ "type": "Feature", "properties": { "full_id": "w1111501091", "osm_id": "1111501091", "osm_type": "way", "railway": null, "highway": "track", "name": null, "surface": null, "ref": null, "tunnel": null, "bridge": null, "level": null, "sac_scale": null }, "geometry": { "type": "MultiLineString", "coordinates": [ [ [ 26.9989645, -18.6561761 ], [ 26.9989593, -18.656299 ], [ 26.9989266, -18.6565202 ], [ 26.9989079, -18.6567813 ], [ 26.9988892, -18.6571529 ], [ 26.9988892, -18.657383 ], [ 26.9989406, -18.6575821 ], [ 26.9990153, -18.6577547 ], [ 26.9992255, -18.6579449 ], [ 26.9993867, -18.6580466 ], [ 26.9995617, -18.6581263 ], [ 26.9998046, -18.6582369 ], [ 27.0000801, -18.658321 ], [ 27.0001846, -18.6583197 ], [ 27.0004257, -18.6583166 ], [ 27.0007619, -18.6582723 ], [ 27.0011495, -18.6582502 ], [ 27.0014344, -18.6582591 ], [ 27.0017379, -18.6582148 ], [ 27.0020088, -18.6581617 ], [ 27.0021723, -18.6581661 ], [ 27.0023497, -18.6581485 ], [ 27.0026066, -18.6581396 ], [ 27.0028541, -18.6580821 ], [ 27.0030362, -18.6580113 ], [ 27.0032744, -18.6579626 ], [ 27.0036561, -18.6579091 ], [ 27.0039673, -18.6578916 ], [ 27.0042477, -18.6578945 ], [ 27.0045373, -18.6579091 ], [ 27.0048732, -18.6579412 ], [ 27.0052213, -18.6579879 ], [ 27.0055633, -18.6579938 ], [ 27.0058283, -18.65795 ], [ 27.0061025, -18.6578887 ], [ 27.0063921, -18.657804 ], [ 27.0065831, -18.6576814 ], [ 27.0067896, -18.6575267 ], [ 27.007033, -18.6573837 ], [ 27.007338, -18.6572348 ], [ 27.0074929, -18.6571498 ], [ 27.0077057, -18.6571064 ], [ 27.007797, -18.6570934 ], [ 27.0080354, -18.6570597 ], [ 27.0083619, -18.6570217 ], [ 27.008593, -18.6569633 ], [ 27.0088888, -18.656867 ], [ 27.0091384, -18.6567677 ], [ 27.0094095, -18.6566451 ], [ 27.0096899, -18.6565079 ], [ 27.0099179, -18.6564379 ], [ 27.0101151, -18.6563737 ], [ 27.0102599, -18.6563357 ], [ 27.010655, -18.6562104 ], [ 27.0109877, -18.6561024 ], [ 27.0113174, -18.6559885 ], [ 27.0115824, -18.6558922 ], [ 27.0117919, -18.6558222 ], [ 27.0119983, -18.6557871 ], [ 27.0122756, -18.6557317 ], [ 27.0125467, -18.655685 ], [ 27.012938, -18.6555536 ], [ 27.0131475, -18.655431 ], [ 27.013394, -18.6553025 ], [ 27.0136436, -18.6552062 ], [ 27.0139147, -18.6551391 ], [ 27.0142228, -18.6551099 ], [ 27.0143676, -18.6551011 ], [ 27.014687, -18.6550194 ], [ 27.014992, -18.6549406 ], [ 27.0152662, -18.6548355 ], [ 27.0154942, -18.6547216 ], [ 27.0157376, -18.6546428 ], [ 27.016055, -18.6545757 ], [ 27.0162553, -18.654529 ], [ 27.0165048, -18.6544268 ], [ 27.016779, -18.6543013 ], [ 27.0170625, -18.6541787 ], [ 27.0173151, -18.6540794 ], [ 27.0176263, -18.6540093 ], [ 27.0179899, -18.6539451 ], [ 27.0183165, -18.6538634 ], [ 27.0185876, -18.6537729 ], [ 27.0188656, -18.6536864 ], [ 27.0189826, -18.6536309 ], [ 27.0190812, -18.6535492 ], [ 27.0191429, -18.653447 ], [ 27.0192014, -18.6533828 ], [ 27.0192877, -18.653339 ], [ 27.019414, -18.6533069 ], [ 27.0195311, -18.6533156 ], [ 27.0196112, -18.6533244 ], [ 27.0197683, -18.6533156 ], [ 27.0199131, -18.6532952 ], [ 27.0200549, -18.6532135 ], [ 27.0201843, -18.6531405 ], [ 27.0204153, -18.6530471 ], [ 27.0206094, -18.6529682 ], [ 27.0208251, -18.6528836 ], [ 27.0209052, -18.652831 ], [ 27.0210007, -18.6527084 ], [ 27.0211209, -18.6525216 ], [ 27.0211579, -18.6523494 ], [ 27.0211764, -18.6522326 ], [ 27.0212067, -18.6520501 ] ] ] } },
{ "type": "Feature", "properties": { "full_id": "w1111501092", "osm_id": "1111501092", "osm_type": "way", "railway": null, "highway": "track", "name": null, "surface": null, "ref": null, "tunnel": null, "bridge": null, "level": null, "sac_scale": null }, "geometry": { "type": "MultiLineString", "coordinates": [ [ [ 27.007797, -18.6570934 ], [ 27.0077594, -18.6570228 ], [ 27.0076992, -18.6568819 ], [ 27.0076674, -18.6567679 ], [ 27.0076532, -18.656607 ], [ 27.0076285, -18.6564896 ], [ 27.0075683, -18.6563991 ], [ 27.0074904, -18.6563085 ], [ 27.0073559, -18.6562012 ], [ 27.0071861, -18.6560839 ], [ 27.0070303, -18.6560202 ], [ 27.0069446, -18.6559774 ] ] ] } },
{ "type": "Feature", "properties": { "full_id": "w1111501093", "osm_id": "1111501093", "osm_type": "way", "railway": null, "highway": "track", "name": null, "surface": null, "ref": null, "tunnel": null, "bridge": null, "level": null, "sac_scale": null }, "geometry": { "type": "MultiLineString", "coordinates": [ [ [ 27.013394, -18.6553025 ], [ 27.013303, -18.6551656 ], [ 27.0130929, -18.6548426 ], [ 27.0129108, -18.6545373 ], [ 27.012724, -18.6543205 ], [ 27.0125839, -18.6541568 ], [ 27.0124964, -18.6539747 ] ] ] } },
{ "type": "Feature", "properties": { "full_id": "w1111501094", "osm_id": "1111501094", "osm_type": "way", "railway": null, "highway": "track", "name": null, "surface": null, "ref": null, "tunnel": null, "bridge": null, "level": null, "sac_scale": null }, "geometry": { "type": "MultiLineString", "coordinates": [ [ [ 26.9886806, -18.660673 ], [ 26.9885203, -18.6606779 ], [ 26.9882865, -18.660676 ], [ 26.9879816, -18.6606548 ], [ 26.9876543, -18.6606432 ], [ 26.9874002, -18.6606721 ], [ 26.9870486, -18.6606952 ], [ 26.9866684, -18.6607145 ], [ 26.9863432, -18.6607318 ], [ 26.9860619, -18.6607586 ], [ 26.986059, -18.6607585 ], [ 26.9858192, -18.6607527 ], [ 26.9857448, -18.6607509 ], [ 26.9854033, -18.6607047 ], [ 26.9849927, -18.6605891 ], [ 26.9846715, -18.6604659 ], [ 26.9844642, -18.6603465 ], [ 26.9842731, -18.6603311 ], [ 26.9839682, -18.6603041 ], [ 26.9837283, -18.6602386 ], [ 26.9835779, -18.6601038 ], [ 26.983399, -18.659865 ], [ 26.9832689, -18.6596801 ], [ 26.9831267, -18.6595068 ], [ 26.9830371, -18.6594097 ] ] ] } },
{ "type": "Feature", "properties": { "full_id": "w1111501095", "osm_id": "1111501095", "osm_type": "way", "railway": null, "highway": "track", "name": null, "surface": null, "ref": null, "tunnel": null, "bridge": null, "level": null, "sac_scale": null }, "geometry": { "type": "MultiLineString", "coordinates": [ [ [ 26.986059, -18.6607585 ], [ 26.9860235, -18.66077 ], [ 26.9859768, -18.6607921 ], [ 26.9859412, -18.6608114 ], [ 26.9859006, -18.6608403 ], [ 26.9858599, -18.6608711 ], [ 26.985864, -18.660847 ], [ 26.9858629, -18.6608037 ], [ 26.9858538, -18.6607815 ], [ 26.9858375, -18.6607651 ], [ 26.9858192, -18.6607527 ] ] ] } },
{ "type": "Feature", "properties": { "full_id": "w1111501096", "osm_id": "1111501096", "osm_type": "way", "railway": null, "highway": "track", "name": null, "surface": null, "ref": null, "tunnel": null, "bridge": null, "level": null, "sac_scale": null }, "geometry": { "type": "MultiLineString", "coordinates": [ [ [ 26.9858599, -18.6608711 ], [ 26.9858264, -18.660926 ], [ 26.9857684, -18.6609799 ], [ 26.9857003, -18.6610165 ], [ 26.9856383, -18.661029 ], [ 26.9855662, -18.661028 ], [ 26.9854655, -18.6610184 ], [ 26.9853263, -18.6610088 ], [ 26.9852409, -18.6609991 ], [ 26.9851678, -18.6609924 ], [ 26.985051, -18.6609973 ], [ 26.9849216, -18.6610382 ], [ 26.9847984, -18.6610966 ], [ 26.984585, -18.6612275 ], [ 26.9843177, -18.6613534 ], [ 26.9838001, -18.6616337 ], [ 26.9832763, -18.6619197 ], [ 26.9830175, -18.6620774 ], [ 26.9827033, -18.6621766 ], [ 26.9820994, -18.6623343 ], [ 26.9814708, -18.6624335 ], [ 26.9807807, -18.6624685 ], [ 26.9800289, -18.6625036 ], [ 26.9794497, -18.662416 ], [ 26.978815, -18.66227 ], [ 26.9781993, -18.6621734 ], [ 26.9775163, -18.662158 ], [ 26.9766219, -18.6621965 ], [ 26.9756136, -18.6621965 ], [ 26.9750526, -18.6621657 ], [ 26.9742801, -18.6621195 ], [ 26.9738573, -18.6620732 ], [ 26.9735484, -18.6620501 ], [ 26.9732746, -18.6619058 ] ] ] } },
{ "type": "Feature", "properties": { "full_id": "w1111501097", "osm_id": "1111501097", "osm_type": "way", "railway": null, "highway": "track", "name": null, "surface": null, "ref": null, "tunnel": null, "bridge": null, "level": null, "sac_scale": null }, "geometry": { "type": "MultiLineString", "coordinates": [ [ [ 26.9717655, -18.6612617 ], [ 26.9719201, -18.6613412 ], [ 26.9721572, -18.6614653 ], [ 26.9723554, -18.6615659 ], [ 26.9725182, -18.6616061 ], [ 26.972865, -18.6617134 ], [ 26.9731057, -18.6618341 ], [ 26.9732746, -18.6619058 ] ] ] } },
{ "type": "Feature", "properties": { "full_id": "w1111501098", "osm_id": "1111501098", "osm_type": "way", "railway": null, "highway": "path", "name": null, "surface": null, "ref": null, "tunnel": null, "bridge": null, "level": null, "sac_scale": null }, "geometry": { "type": "MultiLineString", "coordinates": [ [ [ 27.0276038, -18.6878459 ], [ 27.0274461, -18.6877435 ], [ 27.0272612, -18.6876151 ], [ 27.0270055, -18.6874575 ], [ 27.0267498, -18.6872941 ], [ 27.0265957, -18.6871803 ], [ 27.02638, -18.6870081 ], [ 27.0262476, -18.6868942 ], [ 27.0261675, -18.6868213 ], [ 27.0260473, -18.6867892 ], [ 27.0258594, -18.6867512 ], [ 27.0256498, -18.6866783 ], [ 27.025465, -18.6865615 ], [ 27.0253678, -18.6864915 ], [ 27.0251398, -18.6863776 ], [ 27.0249827, -18.6863017 ], [ 27.0247763, -18.6861996 ], [ 27.0245698, -18.686115 ], [ 27.0244096, -18.6860478 ], [ 27.0241755, -18.6859924 ], [ 27.0239567, -18.6859077 ], [ 27.0237657, -18.6858056 ], [ 27.0235746, -18.6856801 ], [ 27.0234083, -18.6855458 ], [ 27.023094, -18.685397 ], [ 27.0229615, -18.6853007 ], [ 27.0227612, -18.6851868 ], [ 27.0225764, -18.6850526 ], [ 27.0223576, -18.6849008 ], [ 27.0221386, -18.6847405 ], [ 27.0219829, -18.6845762 ], [ 27.0218697, -18.6843985 ], [ 27.0218272, -18.6841973 ], [ 27.0217104, -18.6840297 ], [ 27.021537, -18.6838956 ], [ 27.0213058, -18.6836844 ], [ 27.0210404, -18.6834866 ], [ 27.0207113, -18.6833089 ], [ 27.0203285, -18.6830878 ], [ 27.0199762, -18.6828732 ], [ 27.0196443, -18.6827053 ], [ 27.0194528, -18.6825989 ], [ 27.01928, -18.6825069 ], [ 27.0191158, -18.6824395 ], [ 27.0189588, -18.682378 ], [ 27.0184535, -18.6821328 ], [ 27.0180037, -18.6819402 ], [ 27.0173628, -18.6817125 ], [ 27.0165618, -18.6813098 ], [ 27.016075, -18.6810763 ], [ 27.0156498, -18.6810004 ], [ 27.0151999, -18.6809245 ], [ 27.0148056, -18.6808136 ], [ 27.014278, -18.6806828 ], [ 27.0137363, -18.6806386 ], [ 27.0132599, -18.6804528 ], [ 27.0124193, -18.6800811 ], [ 27.0119243, -18.6798422 ], [ 27.011504, -18.6797184 ], [ 27.0112051, -18.6797272 ], [ 27.0108128, -18.6796122 ], [ 27.0102057, -18.6794175 ], [ 27.0098788, -18.6793114 ], [ 27.0092036, -18.6788867 ], [ 27.0086899, -18.6785858 ], [ 27.0080735, -18.6781523 ], [ 27.007373, -18.6777276 ], [ 27.0067565, -18.6774179 ], [ 27.0059253, -18.6770551 ], [ 27.0052715, -18.6767985 ], [ 27.0043468, -18.6764269 ], [ 27.0035436, -18.6760553 ], [ 27.0029738, -18.6757721 ], [ 27.0024041, -18.6755598 ], [ 27.0020212, -18.6754624 ], [ 27.000602, -18.6749143 ], [ 26.9994647, -18.6745586 ], [ 26.9985152, -18.6743045 ], [ 26.9977879, -18.6740665 ], [ 26.9972641, -18.6737434 ], [ 26.9965421, -18.6735221 ], [ 26.9961741, -18.6736093 ], [ 26.9956088, -18.6736565 ] ] ] } },
{ "type": "Feature", "properties": { "full_id": "w1111502730", "osm_id": "1111502730", "osm_type": "way", "railway": null, "highway": "track", "name": null, "surface": null, "ref": null, "tunnel": null, "bridge": null, "level": null, "sac_scale": null }, "geometry": { "type": "MultiLineString", "coordinates": [ [ [ 27.0567561, -18.6374638 ], [ 27.0570654, -18.6375347 ], [ 27.0575609, -18.637595 ], [ 27.0580422, -18.6376487 ], [ 27.0585094, -18.6377091 ], [ 27.0589128, -18.6377828 ], [ 27.0592101, -18.6378767 ], [ 27.0595074, -18.63787 ], [ 27.0598967, -18.637803 ], [ 27.0602082, -18.637756 ], [ 27.0605479, -18.6377359 ], [ 27.0608665, -18.6377158 ], [ 27.0611142, -18.6376755 ], [ 27.061369, -18.6376554 ], [ 27.0616946, -18.6376688 ], [ 27.0620132, -18.637528 ], [ 27.0624662, -18.6374139 ], [ 27.0629688, -18.6372731 ], [ 27.0633156, -18.6371322 ], [ 27.063627, -18.6370786 ], [ 27.0640517, -18.6370383 ], [ 27.0643844, -18.6370585 ], [ 27.0647808, -18.6371121 ], [ 27.0650994, -18.6370585 ], [ 27.0655398, -18.6368841 ], [ 27.0659786, -18.6367566 ], [ 27.0663892, -18.6366091 ], [ 27.0666581, -18.6363408 ], [ 27.0669413, -18.6362134 ], [ 27.0674297, -18.6360524 ], [ 27.0681021, -18.6359182 ], [ 27.0685622, -18.6358109 ], [ 27.0690931, -18.6356969 ], [ 27.0695674, -18.6356432 ], [ 27.0699142, -18.6355493 ], [ 27.070254, -18.6353884 ], [ 27.0705725, -18.6352743 ], [ 27.0709264, -18.6351938 ], [ 27.0714007, -18.6350195 ], [ 27.0718183, -18.6348853 ], [ 27.0722638, -18.6348317 ], [ 27.0731698, -18.634778 ], [ 27.0740051, -18.6347914 ], [ 27.0746422, -18.6347445 ], [ 27.0753783, -18.634778 ], [ 27.0760083, -18.6348249 ], [ 27.0764613, -18.6349121 ], [ 27.077063, -18.6348786 ], [ 27.0777213, -18.6348987 ], [ 27.0782026, -18.6349256 ], [ 27.078875, -18.6348786 ], [ 27.0793988, -18.6348853 ], [ 27.0799297, -18.6350128 ], [ 27.080319, -18.6351469 ], [ 27.0805243, -18.6352676 ], [ 27.0807579, -18.6354353 ], [ 27.0809964, -18.6354882 ] ] ] } },
{ "type": "Feature", "properties": { "full_id": "w1121056042", "osm_id": "1121056042", "osm_type": "way", "railway": null, "highway": "track", "name": null, "surface": null, "ref": null, "tunnel": null, "bridge": null, "level": null, "sac_scale": null }, "geometry": { "type": "MultiLineString", "coordinates": [ [ [ 27.0725875, -18.6084476 ], [ 27.0726381, -18.6082309 ], [ 27.0726098, -18.60809 ], [ 27.0725532, -18.6079357 ], [ 27.0724753, -18.6077546 ], [ 27.0723691, -18.6076472 ], [ 27.0722559, -18.60756 ], [ 27.0720223, -18.6074661 ], [ 27.0718312, -18.6074393 ], [ 27.0716896, -18.6074124 ], [ 27.0715339, -18.6073387 ], [ 27.0713976, -18.6073161 ], [ 27.0713415, -18.6072232 ], [ 27.0712715, -18.6070373 ], [ 27.0711827, -18.6068514 ], [ 27.0711547, -18.6066168 ], [ 27.0711454, -18.6064398 ], [ 27.0712108, -18.6062539 ], [ 27.0712341, -18.606068 ], [ 27.0711594, -18.6058644 ], [ 27.071094, -18.6057759 ], [ 27.0710006, -18.6057715 ], [ 27.0708447, -18.6057394 ], [ 27.0707015, -18.605715 ], [ 27.070582, -18.6055258 ], [ 27.0704751, -18.6052988 ], [ 27.0704217, -18.6050834 ], [ 27.0703865, -18.6048308 ], [ 27.0703387, -18.6045899 ], [ 27.0703015, -18.6044923 ], [ 27.0701223, -18.6044263 ], [ 27.0700414, -18.604322 ], [ 27.0699624, -18.6041809 ], [ 27.0698363, -18.6041378 ], [ 27.0696855, -18.6041325 ], [ 27.0695504, -18.6041589 ], [ 27.069406, -18.6042298 ], [ 27.0691899, -18.6043119 ], [ 27.069062, -18.6043866 ], [ 27.0689595, -18.6044683 ], [ 27.0689038, -18.6045415 ], [ 27.0688053, -18.6045841 ], [ 27.0686895, -18.604578 ], [ 27.0685111, -18.6045221 ], [ 27.06828, -18.6044725 ], [ 27.0681368, -18.6043688 ], [ 27.0680215, -18.604323 ], [ 27.0679062, -18.6042976 ], [ 27.0678311, -18.6042798 ], [ 27.0677667, -18.6042366 ], [ 27.067713, -18.6041502 ], [ 27.0676621, -18.6040358 ], [ 27.0676138, -18.6039493 ], [ 27.0675671, -18.6038432 ], [ 27.0675085, -18.6037322 ], [ 27.06745, -18.6035862 ], [ 27.0673576, -18.6033906 ], [ 27.0672405, -18.6032154 ], [ 27.0671419, -18.603084 ], [ 27.0670279, -18.6029672 ], [ 27.0669077, -18.6028504 ], [ 27.0667968, -18.6027598 ], [ 27.0666428, -18.6026226 ], [ 27.0665438, -18.6025632 ], [ 27.0664859, -18.6024757 ], [ 27.0664377, -18.6023842 ], [ 27.0661829, -18.6023206 ], [ 27.0660648, -18.6023003 ], [ 27.0659468, -18.6023003 ], [ 27.0657993, -18.6022799 ], [ 27.0657135, -18.6022418 ], [ 27.065633, -18.6022062 ], [ 27.0655311, -18.602191 ], [ 27.0654399, -18.6022062 ], [ 27.0653567, -18.6021986 ], [ 27.0652682, -18.6021452 ], [ 27.0651824, -18.6020791 ], [ 27.0650778, -18.6020461 ], [ 27.0649678, -18.6019545 ], [ 27.064882, -18.6018681 ], [ 27.0647506, -18.6017486 ], [ 27.0646808, -18.6016622 ], [ 27.0646352, -18.6015758 ], [ 27.0645896, -18.6015351 ], [ 27.0645306, -18.6015376 ], [ 27.0644689, -18.6015809 ], [ 27.0643804, -18.601647 ], [ 27.064308, -18.60168 ], [ 27.0642114, -18.6017003 ], [ 27.0641068, -18.6016851 ], [ 27.0640022, -18.6016647 ], [ 27.0639331, -18.6016892 ], [ 27.0638232, -18.6017096 ], [ 27.0637481, -18.601735 ], [ 27.0636327, -18.6017986 ], [ 27.0635469, -18.6018138 ], [ 27.0634557, -18.601857 ], [ 27.0633699, -18.601918 ], [ 27.0632894, -18.6019384 ], [ 27.0632197, -18.6019358 ], [ 27.0631285, -18.6019079 ], [ 27.06304, -18.6018901 ], [ 27.062989, -18.6018545 ], [ 27.0629488, -18.6017833 ], [ 27.0629568, -18.6016994 ], [ 27.06293, -18.6016308 ], [ 27.0628844, -18.6015749 ], [ 27.0627932, -18.6015113 ], [ 27.0626993, -18.6014427 ], [ 27.0626054, -18.6013893 ], [ 27.0625223, -18.6013486 ], [ 27.0623962, -18.6013283 ], [ 27.0622621, -18.6013308 ], [ 27.0621205, -18.601342 ], [ 27.0620185, -18.6013344 ], [ 27.0619649, -18.6012937 ], [ 27.0618978, -18.6012352 ], [ 27.0618147, -18.6011691 ], [ 27.0617691, -18.6011361 ], [ 27.0616752, -18.6010954 ], [ 27.0614982, -18.6010344 ], [ 27.0613748, -18.601009 ], [ 27.0612702, -18.6010369 ], [ 27.0612058, -18.6010751 ], [ 27.0611012, -18.601164 ], [ 27.0609939, -18.6012428 ], [ 27.0609269, -18.6012937 ], [ 27.0608348, -18.6013007 ], [ 27.0607452, -18.6012804 ], [ 27.0606453, -18.6012505 ], [ 27.0605203, -18.6012205 ], [ 27.0603292, -18.6011434 ], [ 27.0601947, -18.6010628 ], [ 27.0600921, -18.6009891 ], [ 27.0599965, -18.6009085 ], [ 27.0598904, -18.6008851 ], [ 27.0597099, -18.6008717 ], [ 27.059586, -18.6008448 ], [ 27.0594763, -18.6008079 ], [ 27.0593843, -18.6007207 ], [ 27.0592781, -18.6006234 ], [ 27.0592321, -18.600496 ], [ 27.0591507, -18.6003719 ], [ 27.0589843, -18.6002813 ], [ 27.0587614, -18.6001807 ], [ 27.0585702, -18.6000465 ], [ 27.0584358, -18.5999693 ], [ 27.0583013, -18.5999056 ], [ 27.0581668, -18.5998721 ], [ 27.0580889, -18.5998184 ] ] ] } },
{ "type": "Feature", "properties": { "full_id": "w1121056043", "osm_id": "1121056043", "osm_type": "way", "railway": null, "highway": "track", "name": null, "surface": null, "ref": null, "tunnel": null, "bridge": null, "level": null, "sac_scale": null }, "geometry": { "type": "MultiLineString", "coordinates": [ [ [ 27.0591333, -18.6049524 ], [ 27.0591621, -18.6048997 ], [ 27.0591784, -18.6048188 ], [ 27.0591377, -18.6047032 ], [ 27.0590991, -18.604605 ], [ 27.0590991, -18.6043853 ], [ 27.0591011, -18.6041927 ], [ 27.0590849, -18.6039904 ], [ 27.0590726, -18.6038061 ], [ 27.0590796, -18.6036451 ], [ 27.0590867, -18.603521 ], [ 27.0590619, -18.6033768 ], [ 27.0590301, -18.6032292 ], [ 27.0590301, -18.6030913 ], [ 27.059069, -18.6029839 ], [ 27.0590513, -18.60288 ], [ 27.0589558, -18.6027055 ], [ 27.0588744, -18.6025948 ], [ 27.0587576, -18.6024573 ], [ 27.0586691, -18.60236 ], [ 27.0586125, -18.6022326 ], [ 27.0585841, -18.6020716 ], [ 27.0585629, -18.6019005 ], [ 27.0584638, -18.6017563 ], [ 27.0583576, -18.6016523 ], [ 27.058301, -18.6015382 ], [ 27.0582798, -18.6014376 ], [ 27.0582302, -18.6012492 ], [ 27.0582338, -18.6011116 ], [ 27.0582196, -18.6009473 ], [ 27.0581594, -18.600793 ], [ 27.058078, -18.6006521 ], [ 27.0580497, -18.600528 ], [ 27.0580568, -18.6003804 ], [ 27.058078, -18.6002127 ], [ 27.0580887, -18.6000181 ], [ 27.0580993, -18.5999074 ], [ 27.0580889, -18.5998184 ] ] ] } },
{ "type": "Feature", "properties": { "full_id": "w1121056044", "osm_id": "1121056044", "osm_type": "way", "railway": null, "highway": "track", "name": null, "surface": null, "ref": null, "tunnel": null, "bridge": null, "level": null, "sac_scale": null }, "geometry": { "type": "MultiLineString", "coordinates": [ [ [ 27.0580889, -18.5998184 ], [ 27.0580499, -18.5996017 ], [ 27.0580177, -18.5993322 ], [ 27.0579534, -18.5990831 ], [ 27.0578622, -18.598895 ], [ 27.0578514, -18.5987679 ], [ 27.0578622, -18.5986408 ], [ 27.0577924, -18.5985391 ], [ 27.0576905, -18.5984222 ], [ 27.057653, -18.5983256 ], [ 27.0575296, -18.5982442 ], [ 27.0573311, -18.5981324 ], [ 27.0572292, -18.5980205 ], [ 27.0571648, -18.5979595 ] ] ] } },
{ "type": "Feature", "properties": { "full_id": "w1121056045", "osm_id": "1121056045", "osm_type": "way", "railway": null, "highway": "track", "name": null, "surface": null, "ref": null, "tunnel": null, "bridge": null, "level": null, "sac_scale": null }, "geometry": { "type": "MultiLineString", "coordinates": [ [ [ 27.0571648, -18.5979595 ], [ 27.0570711, -18.5979168 ], [ 27.0569262, -18.5979117 ], [ 27.0567706, -18.5979168 ], [ 27.0565614, -18.5978914 ], [ 27.056363, -18.597866 ], [ 27.0561698, -18.5978609 ], [ 27.0559821, -18.5979219 ], [ 27.0558855, -18.5979575 ], [ 27.0557085, -18.5979575 ], [ 27.0555797, -18.597927 ], [ 27.0555046, -18.5979219 ], [ 27.0553705, -18.5979626 ], [ 27.0552096, -18.5980134 ], [ 27.055054, -18.5980999 ], [ 27.0549253, -18.5981914 ], [ 27.0547697, -18.5982524 ], [ 27.0545981, -18.5982931 ], [ 27.0544854, -18.5982981 ], [ 27.0543459, -18.5982524 ], [ 27.0542172, -18.5982422 ], [ 27.0540563, -18.5982524 ], [ 27.0538846, -18.5982168 ], [ 27.0536754, -18.5981761 ], [ 27.0534662, -18.5980999 ], [ 27.0532891, -18.5980287 ], [ 27.0531282, -18.5979422 ], [ 27.0529995, -18.5979016 ], [ 27.0528171, -18.5978558 ], [ 27.0526615, -18.5977948 ], [ 27.052522, -18.5976677 ], [ 27.0524255, -18.5975101 ], [ 27.0523396, -18.5973118 ], [ 27.052227, -18.5971135 ], [ 27.0521948, -18.5969711 ], [ 27.0521304, -18.5968339 ], [ 27.0520446, -18.5967017 ], [ 27.0519534, -18.5965949 ], [ 27.0518837, -18.5964678 ], [ 27.0518354, -18.5963407 ], [ 27.05183, -18.5962237 ], [ 27.051838, -18.5960788 ], [ 27.0517709, -18.5960044 ], [ 27.0516931, -18.5959364 ], [ 27.0515959, -18.595844 ], [ 27.0514357, -18.5957026 ], [ 27.0513391, -18.5955755 ], [ 27.0512425, -18.5954789 ], [ 27.051146, -18.5953721 ], [ 27.0510601, -18.5952907 ], [ 27.0509636, -18.5952704 ], [ 27.0508509, -18.5952907 ], [ 27.0507436, -18.5952907 ], [ 27.0506417, -18.5952348 ], [ 27.0505505, -18.5951331 ], [ 27.0504486, -18.5949653 ], [ 27.0503359, -18.5948281 ], [ 27.0502287, -18.5947264 ], [ 27.0501267, -18.5946043 ], [ 27.0500232, -18.5944831 ], [ 27.049991, -18.5943763 ], [ 27.0499212, -18.5942289 ], [ 27.0498354, -18.5941323 ], [ 27.0497388, -18.5940153 ], [ 27.0496745, -18.5939187 ], [ 27.0496047, -18.5938628 ], [ 27.0495189, -18.593817 ], [ 27.0494277, -18.5937713 ], [ 27.0492936, -18.5936798 ], [ 27.0492078, -18.5936086 ], [ 27.0491541, -18.5935527 ], [ 27.0491166, -18.5934306 ], [ 27.0490844, -18.593334 ], [ 27.0490307, -18.5932578 ], [ 27.0489664, -18.593151 ], [ 27.0489449, -18.5930493 ], [ 27.0489825, -18.5929425 ], [ 27.0489985, -18.5928256 ], [ 27.0489771, -18.5926934 ], [ 27.0489503, -18.5925764 ], [ 27.0488698, -18.5925103 ], [ 27.0487786, -18.5924341 ], [ 27.0487196, -18.5923273 ], [ 27.0486874, -18.592251 ], [ 27.048666, -18.5921443 ], [ 27.0486981, -18.5920629 ], [ 27.0487464, -18.5919816 ], [ 27.0488108, -18.5919002 ], [ 27.0488537, -18.5918189 ], [ 27.0488376, -18.591707 ], [ 27.0488054, -18.5915595 ], [ 27.0487679, -18.5913441 ], [ 27.0487089, -18.5912017 ], [ 27.048623, -18.5911102 ], [ 27.0485265, -18.5910085 ], [ 27.048446, -18.5908661 ], [ 27.0483709, -18.5907543 ], [ 27.0482904, -18.590678 ], [ 27.0481617, -18.590617 ], [ 27.0479686, -18.590556 ], [ 27.0478023, -18.5904899 ], [ 27.0476253, -18.5903984 ], [ 27.047459, -18.5903272 ], [ 27.0473409, -18.5902662 ], [ 27.0472337, -18.5901848 ], [ 27.0471049, -18.5900679 ], [ 27.047003, -18.5899052 ], [ 27.0468689, -18.5896967 ], [ 27.0467723, -18.5895848 ], [ 27.0466275, -18.5894476 ], [ 27.0464719, -18.5893205 ], [ 27.0463378, -18.5891984 ], [ 27.0462144, -18.5890866 ], [ 27.0460267, -18.5889696 ], [ 27.0458282, -18.5888527 ], [ 27.0456565, -18.588751 ], [ 27.0455331, -18.5886951 ], [ 27.0454432, -18.5887024 ], [ 27.0453413, -18.5886769 ], [ 27.0452823, -18.5886159 ], [ 27.0451804, -18.5885091 ], [ 27.0451214, -18.5884481 ], [ 27.0450302, -18.5883922 ], [ 27.0448961, -18.5883007 ], [ 27.0447941, -18.58826 ], [ 27.0446815, -18.5882854 ], [ 27.0445849, -18.5882803 ], [ 27.0445259, -18.5882142 ], [ 27.0445098, -18.5880922 ], [ 27.0445259, -18.5879193 ], [ 27.0444508, -18.5878075 ], [ 27.0443435, -18.5877007 ], [ 27.0442416, -18.5876193 ], [ 27.0440914, -18.5875431 ], [ 27.0439841, -18.5875227 ], [ 27.0438554, -18.5875075 ], [ 27.0437588, -18.5874312 ], [ 27.0436622, -18.5873448 ], [ 27.043571, -18.587299 ], [ 27.0434584, -18.5872685 ], [ 27.0433136, -18.5872583 ], [ 27.0431633, -18.5872329 ], [ 27.0430561, -18.5871922 ], [ 27.0428951, -18.5871465 ], [ 27.0428415, -18.5870651 ], [ 27.0427932, -18.5869838 ], [ 27.0427074, -18.5869278 ], [ 27.0425572, -18.5869075 ], [ 27.0424231, -18.5868872 ], [ 27.0422943, -18.5868872 ], [ 27.0422192, -18.5869075 ], [ 27.0421709, -18.5869939 ], [ 27.0420368, -18.5870651 ], [ 27.0419242, -18.5871007 ], [ 27.0417793, -18.587121 ], [ 27.0415969, -18.587116 ], [ 27.0414306, -18.5870448 ], [ 27.0413073, -18.586999 ], [ 27.0411034, -18.586999 ], [ 27.0409532, -18.5869838 ], [ 27.0407708, -18.5869787 ], [ 27.0406474, -18.5869634 ], [ 27.0405401, -18.5869431 ], [ 27.0404382, -18.5869177 ], [ 27.0401754, -18.5868973 ], [ 27.0399662, -18.5869075 ], [ 27.0397999, -18.5869482 ], [ 27.0397301, -18.5869736 ], [ 27.0396282, -18.5869888 ], [ 27.0395048, -18.5869939 ], [ 27.0393922, -18.5869075 ], [ 27.0392956, -18.5868312 ], [ 27.0391776, -18.5867855 ], [ 27.0391025, -18.5867855 ], [ 27.0389737, -18.5868414 ], [ 27.0388343, -18.5869177 ], [ 27.0387109, -18.5869888 ], [ 27.038566, -18.5870346 ], [ 27.0384105, -18.5870194 ], [ 27.0382925, -18.5869736 ], [ 27.0381707, -18.5868668 ], [ 27.0380473, -18.586699 ], [ 27.0379561, -18.5865363 ], [ 27.0378542, -18.5864448 ], [ 27.0377362, -18.5864295 ], [ 27.0375752, -18.5864397 ], [ 27.0373285, -18.5864906 ], [ 27.0370924, -18.5864956 ], [ 27.0369047, -18.5864753 ], [ 27.0366794, -18.5864295 ], [ 27.0364594, -18.5864143 ], [ 27.0363039, -18.5864041 ], [ 27.0361644, -18.5864448 ], [ 27.0360303, -18.5865007 ], [ 27.0358586, -18.5865363 ], [ 27.0357031, -18.5865414 ], [ 27.0355153, -18.5864956 ], [ 27.0353919, -18.5864092 ], [ 27.0352685, -18.5863329 ], [ 27.0351344, -18.5863075 ], [ 27.0350486, -18.5863278 ], [ 27.0349145, -18.5863787 ], [ 27.0348287, -18.5864092 ], [ 27.0347482, -18.5863939 ], [ 27.0346355, -18.5863939 ], [ 27.0345604, -18.5864143 ], [ 27.0344692, -18.5864397 ], [ 27.0343888, -18.586455 ], [ 27.0342922, -18.5864194 ], [ 27.0341367, -18.5863685 ], [ 27.0339221, -18.5863126 ], [ 27.0337182, -18.5862923 ], [ 27.0334285, -18.5863075 ], [ 27.033214, -18.5863736 ], [ 27.0330601, -18.5864245 ], [ 27.0328938, -18.5864295 ], [ 27.0326792, -18.5864143 ], [ 27.0325666, -18.5864702 ], [ 27.0324432, -18.5865414 ], [ 27.0322984, -18.5865872 ], [ 27.0321106, -18.5865922 ], [ 27.0318585, -18.586577 ], [ 27.0317566, -18.586577 ], [ 27.0316546, -18.5866228 ], [ 27.0315688, -18.5866278 ], [ 27.0314615, -18.5866024 ], [ 27.0313113, -18.5866177 ], [ 27.0311397, -18.5866533 ], [ 27.0309787, -18.5866482 ], [ 27.0308768, -18.5866787 ], [ 27.0308071, -18.5867397 ], [ 27.0307373, -18.5867194 ], [ 27.0306515, -18.5866787 ], [ 27.0305603, -18.5866736 ], [ 27.0304316, -18.5866939 ], [ 27.0302545, -18.5867753 ], [ 27.0299434, -18.5869075 ], [ 27.0298254, -18.5869634 ], [ 27.029643, -18.5870194 ], [ 27.029466, -18.5870143 ], [ 27.029364, -18.5869888 ], [ 27.029246, -18.5869939 ], [ 27.0291816, -18.5870092 ], [ 27.0290905, -18.58706 ], [ 27.0289563, -18.5870905 ], [ 27.0288705, -18.5871363 ], [ 27.0287954, -18.5871922 ], [ 27.0286988, -18.5872685 ], [ 27.0286184, -18.5872888 ], [ 27.0285272, -18.5873346 ], [ 27.0284092, -18.5874566 ], [ 27.0283019, -18.5875532 ], [ 27.0282107, -18.5876143 ], [ 27.028098, -18.5876397 ], [ 27.0279693, -18.5876244 ], [ 27.0277708, -18.5875787 ], [ 27.0275884, -18.5875431 ], [ 27.027524, -18.587538 ] ] ] } },
{ "type": "Feature", "properties": { "full_id": "w1121056046", "osm_id": "1121056046", "osm_type": "way", "railway": null, "highway": "track", "name": null, "surface": null, "ref": null, "tunnel": null, "bridge": null, "level": null, "sac_scale": null }, "geometry": { "type": "MultiLineString", "coordinates": [ [ [ 27.0230439, -18.5838562 ], [ 27.0232326, -18.5840056 ], [ 27.0234288, -18.5841915 ], [ 27.0236249, -18.5842712 ], [ 27.0238678, -18.5843774 ], [ 27.0240639, -18.5844571 ], [ 27.024232, -18.5845279 ], [ 27.0242694, -18.584643 ], [ 27.0242881, -18.5848112 ], [ 27.0242974, -18.5849794 ], [ 27.0243067, -18.5851299 ], [ 27.0243161, -18.5852981 ], [ 27.0243161, -18.5854486 ], [ 27.0243721, -18.5855548 ], [ 27.0244935, -18.5856699 ], [ 27.024699, -18.585785 ], [ 27.0248858, -18.5858735 ], [ 27.0251567, -18.5859444 ], [ 27.0252968, -18.5860152 ], [ 27.0254462, -18.5861126 ], [ 27.025661, -18.5862276 ], [ 27.0258292, -18.5862719 ], [ 27.0259879, -18.5862985 ], [ 27.0260907, -18.5863959 ], [ 27.0261187, -18.5865375 ], [ 27.0262495, -18.5866614 ], [ 27.0264082, -18.58675 ], [ 27.0266044, -18.5868651 ], [ 27.0267818, -18.5869978 ], [ 27.0270247, -18.5871572 ], [ 27.0272115, -18.5872192 ], [ 27.0273796, -18.5872811 ], [ 27.0274917, -18.5873608 ], [ 27.027524, -18.587538 ], [ 27.027473, -18.587653 ], [ 27.0274263, -18.5877946 ], [ 27.0273796, -18.5880071 ], [ 27.0274076, -18.5881576 ], [ 27.027445, -18.5883864 ], [ 27.0273889, -18.5885369 ], [ 27.0273516, -18.5886962 ], [ 27.0272488, -18.5889175 ], [ 27.0272302, -18.5891477 ], [ 27.0272115, -18.5893867 ], [ 27.0271554, -18.5896257 ], [ 27.027062, -18.5897143 ], [ 27.0270714, -18.5898205 ], [ 27.0270901, -18.5900241 ], [ 27.027062, -18.5902454 ], [ 27.0269406, -18.5903959 ], [ 27.0268379, -18.5904667 ], [ 27.0266978, -18.5904933 ], [ 27.026567, -18.5905287 ], [ 27.0264269, -18.5906261 ], [ 27.0264082, -18.5907589 ], [ 27.0263429, -18.5908828 ], [ 27.0262495, -18.5910953 ], [ 27.0261747, -18.5912723 ], [ 27.0261654, -18.5914494 ], [ 27.0262308, -18.5915379 ], [ 27.0261841, -18.5916618 ], [ 27.026044, -18.5917504 ], [ 27.0259226, -18.5918655 ], [ 27.0258572, -18.5920248 ], [ 27.0258198, -18.5921842 ], [ 27.0257077, -18.5923081 ], [ 27.0255303, -18.592494 ], [ 27.0253341, -18.5927507 ], [ 27.0252594, -18.592991 ], [ 27.0252127, -18.5931946 ], [ 27.0251567, -18.5933628 ], [ 27.0252221, -18.5935133 ], [ 27.0251567, -18.5936018 ], [ 27.0249979, -18.5937081 ], [ 27.0248765, -18.5938409 ], [ 27.0248671, -18.5940179 ], [ 27.0248298, -18.594195 ], [ 27.0247551, -18.5943632 ], [ 27.024643, -18.5944782 ], [ 27.0245029, -18.5946553 ], [ 27.0243908, -18.5948412 ], [ 27.0243721, -18.5949917 ], [ 27.0243815, -18.5950802 ], [ 27.0242974, -18.5951776 ], [ 27.024204, -18.5952661 ], [ 27.0242133, -18.5953812 ], [ 27.0241666, -18.5955494 ], [ 27.0241199, -18.5957087 ], [ 27.0240732, -18.5958327 ], [ 27.0238771, -18.5960274 ], [ 27.0236529, -18.5961956 ], [ 27.0235222, -18.596293 ], [ 27.0234288, -18.5964523 ], [ 27.0233447, -18.5966736 ], [ 27.023298, -18.5968684 ], [ 27.023326, -18.5970277 ], [ 27.0232793, -18.5971959 ], [ 27.023214, -18.5973907 ], [ 27.0231206, -18.5976828 ], [ 27.0230272, -18.5978687 ], [ 27.0230272, -18.5980546 ], [ 27.0229991, -18.5982247 ], [ 27.0229057, -18.5983664 ], [ 27.0227563, -18.5985257 ], [ 27.0226536, -18.5987293 ], [ 27.0225415, -18.5989418 ], [ 27.0224481, -18.5990922 ], [ 27.0224107, -18.5992958 ], [ 27.0224294, -18.5994552 ], [ 27.0224387, -18.5996765 ], [ 27.0224387, -18.5998447 ], [ 27.0224107, -18.6000837 ], [ 27.0223827, -18.6003935 ], [ 27.022336, -18.600544 ], [ 27.022336, -18.6006951 ], [ 27.0223173, -18.60084 ], [ 27.0222379, -18.6009731 ], [ 27.0221025, -18.6010574 ], [ 27.0219904, -18.6011459 ], [ 27.021869, -18.6012787 ], [ 27.0216448, -18.6014292 ], [ 27.0213927, -18.601624 ], [ 27.0212899, -18.6017921 ], [ 27.0211541, -18.6020702 ], [ 27.020986, -18.6023004 ], [ 27.0208272, -18.6025217 ], [ 27.0206965, -18.6027872 ], [ 27.0206218, -18.6029288 ], [ 27.0206218, -18.6032121 ], [ 27.0205844, -18.6033714 ], [ 27.020491, -18.6035308 ], [ 27.0202949, -18.6037167 ], [ 27.0201081, -18.6039114 ], [ 27.020024, -18.604053 ], [ 27.0198932, -18.6041681 ], [ 27.0197531, -18.6043275 ], [ 27.0196691, -18.6044868 ], [ 27.019585, -18.6047169 ], [ 27.0195196, -18.604894 ], [ 27.0194449, -18.6050533 ], [ 27.0193142, -18.6052304 ], [ 27.0192394, -18.6053366 ], [ 27.0191087, -18.6055225 ], [ 27.0189779, -18.6057261 ], [ 27.0188845, -18.6058588 ], [ 27.0187257, -18.6059385 ], [ 27.0184736, -18.6060447 ], [ 27.0183335, -18.6061725 ], [ 27.0182307, -18.6063849 ], [ 27.018156, -18.6066682 ], [ 27.0180813, -18.606978 ], [ 27.0180439, -18.6072701 ], [ 27.0180719, -18.6075268 ], [ 27.0181186, -18.607757 ], [ 27.0181186, -18.6078986 ], [ 27.0179879, -18.6081553 ], [ 27.0179225, -18.60835 ], [ 27.0178665, -18.6085182 ], [ 27.0177731, -18.6088457 ], [ 27.0177077, -18.6090405 ], [ 27.0176236, -18.6092617 ], [ 27.0176236, -18.6094653 ], [ 27.0175956, -18.6096424 ], [ 27.0175396, -18.6098548 ], [ 27.0174368, -18.6100141 ], [ 27.0173434, -18.6101027 ], [ 27.0172313, -18.6102531 ], [ 27.0170726, -18.6103682 ], [ 27.0169885, -18.610501 ], [ 27.0169512, -18.6106869 ], [ 27.0169325, -18.6110232 ], [ 27.0169512, -18.6112357 ], [ 27.0170072, -18.6113153 ], [ 27.0169698, -18.6114432 ], [ 27.0168297, -18.6115051 ], [ 27.0167737, -18.6116645 ], [ 27.0167363, -18.6119212 ], [ 27.0167177, -18.612169 ], [ 27.016727, -18.6123195 ], [ 27.016727, -18.61247 ], [ 27.016671, -18.6126647 ], [ 27.0166336, -18.6127975 ], [ 27.0165122, -18.6128771 ], [ 27.0164375, -18.6129656 ], [ 27.0164281, -18.6131073 ], [ 27.0164655, -18.6132135 ], [ 27.0164842, -18.6133551 ], [ 27.0164748, -18.613541 ], [ 27.0164468, -18.6137357 ], [ 27.0164094, -18.6138862 ], [ 27.0164196, -18.6140351 ] ] ] } },
{ "type": "Feature", "properties": { "full_id": "w1121056047", "osm_id": "1121056047", "osm_type": "way", "railway": null, "highway": "track", "name": null, "surface": null, "ref": null, "tunnel": null, "bridge": null, "level": null, "sac_scale": null }, "geometry": { "type": "MultiLineString", "coordinates": [ [ [ 27.0164053, -18.6140353 ], [ 27.0163873, -18.6142092 ], [ 27.0163873, -18.6144428 ], [ 27.0163688, -18.6146121 ], [ 27.0163811, -18.6147055 ], [ 27.0163873, -18.6148048 ], [ 27.0163935, -18.6148866 ], [ 27.0163442, -18.6150209 ], [ 27.0162394, -18.6151435 ], [ 27.0161963, -18.6152662 ], [ 27.0160977, -18.6153654 ], [ 27.0160422, -18.6155056 ], [ 27.0160915, -18.6156516 ], [ 27.0162148, -18.6158793 ], [ 27.0163442, -18.6160253 ], [ 27.0164243, -18.6161538 ], [ 27.0164674, -18.6162531 ], [ 27.0165229, -18.6163558 ], [ 27.0165537, -18.6164725 ], [ 27.0166091, -18.6165835 ], [ 27.0167139, -18.6166302 ], [ 27.016831, -18.6166594 ], [ 27.016868, -18.6167529 ], [ 27.0169665, -18.6168463 ], [ 27.0170775, -18.6169572 ], [ 27.0172069, -18.6170565 ], [ 27.0173116, -18.6171266 ], [ 27.0173856, -18.6172667 ], [ 27.0174657, -18.6173777 ], [ 27.0175335, -18.6175412 ], [ 27.0176321, -18.6177456 ], [ 27.0177553, -18.6180201 ], [ 27.0178292, -18.6181368 ], [ 27.0179833, -18.6182128 ], [ 27.0180696, -18.6182945 ], [ 27.0180572, -18.6183996 ], [ 27.0180634, -18.6185106 ], [ 27.0181624, -18.6185632 ] ] ] } },
{ "type": "Feature", "properties": { "full_id": "w1121056048", "osm_id": "1121056048", "osm_type": "way", "railway": null, "highway": "track", "name": null, "surface": null, "ref": null, "tunnel": null, "bridge": null, "level": null, "sac_scale": null }, "geometry": { "type": "MultiLineString", "coordinates": [ [ [ 27.0622842, -18.6167378 ], [ 27.0623369, -18.6166545 ], [ 27.0623262, -18.6165528 ], [ 27.0622833, -18.6164562 ], [ 27.0622565, -18.6163748 ], [ 27.0622511, -18.6162986 ], [ 27.0623047, -18.6162173 ], [ 27.0623101, -18.6161359 ], [ 27.0623316, -18.6160546 ], [ 27.0623208, -18.6159631 ], [ 27.0623101, -18.615836 ], [ 27.0623047, -18.6157445 ], [ 27.0622779, -18.6156428 ], [ 27.0622028, -18.6155004 ], [ 27.062117, -18.6153937 ], [ 27.0620097, -18.6153073 ], [ 27.0618702, -18.6152564 ], [ 27.06172, -18.6152107 ], [ 27.0616127, -18.6151547 ], [ 27.0615376, -18.6150988 ], [ 27.0614893, -18.6150175 ], [ 27.0614142, -18.6148141 ], [ 27.0613981, -18.6146362 ], [ 27.0613713, -18.6145294 ], [ 27.0614044, -18.6144426 ], [ 27.0614893, -18.6143718 ], [ 27.0616288, -18.6143363 ], [ 27.0618058, -18.6143108 ], [ 27.0619721, -18.6142447 ], [ 27.0620311, -18.6141888 ], [ 27.0620939, -18.6141144 ] ] ] } },
{ "type": "Feature", "properties": { "full_id": "w1158939147", "osm_id": "1158939147", "osm_type": "way", "railway": null, "highway": "unclassified", "name": null, "surface": "unpaved", "ref": null, "tunnel": null, "bridge": null, "level": null, "sac_scale": null }, "geometry": { "type": "MultiLineString", "coordinates": [ [ [ 27.0298453, -18.5693978 ], [ 27.0300062, -18.5693205 ], [ 27.0304326, -18.5686165 ], [ 27.0306003, -18.5686755 ], [ 27.0306914, -18.5687119 ], [ 27.0313861, -18.5684121 ], [ 27.032191, -18.5669951 ] ] ] } }
]
}
